id_venda,nome_cliente,idade,cidade_cliente,estado,moto,marca,categoria,ano_moto,valor_moto,loja,cidade_loja,vendedor,status_venda,forma_pagamento,data_venda,email,telefone
1,Ana Souza,46,Campinas,SP,MT-03,YAMAHA,Naked,2024,32078.0,Moto Center Campinas,Campinas,Pedro Souza,CONCLUIDA,Pix,2026-12-04,ana.souza1@email.com,11999990001
2,Joao Santos,64,Jundiai,SP,CB 500F,HONDA,Naked,2024,44514.0,Moto Center Jundiai,Jundiai,Pedro Souza,CANCELADA,Pix,2026-05-01,joão.santos2@email.com,11999990002
3,Lucas Ferreira,61,Jundiai,SP,MT-07,YAMAHA,Naked,2024,50559.0,Moto Center Jundiai,Jundiai,Maria Oliveira,CANCELADA,Cartão,2026-08-18,lucas.ferreira3@email.com,11999990003
4,Marcos Pereira,46,Valinhos,SP,CB 500F,HONDA,Naked,2024,43557.0,Moto Center Valinhos,Valinhos,Maria Oliveira,AGENDADA,Financiamento,2026-07-02,marcos.pereira4@email.com,11999990004
5,Renata Costa,70,Valinhos,SP,MT-03,YAMAHA,Naked,2024,34071.0,Moto Center Valinhos,Valinhos,Maria Oliveira,CANCELADA,Pix,2026-05-22,renata.costa5@email.com,11999990005
6,Fernanda Alves,44,Vinhedo,SP,NINJA 400,KAWASAKI,Esportiva,2023,37764.0,Moto Center Vinhedo,Vinhedo,Joao Silva,AGENDADA,Pix,2026-08-26,fernanda.alves6@email.com,11999990006
7,Carolina Gomes,35,Vinhedo,SP,CB 500F,HONDA,Naked,2024,44252.0,Moto Center Vinhedo,Vinhedo,Carlos Santos,CONCLUIDA,Financiamento,2026-09-15,carolina.gomes7@email.com,11999990007
8,Carlos Mendes,57,Vinhedo,SP,VERSYS 650,KAWASAKI,Trail,2024,50799.0,Moto Center Vinhedo,Vinhedo,Joao Silva,AGENDADA,Cartão,2026-06-14,carlos.mendes8@email.com,11999990008
9,Fernanda Alves,71,Campinas,SP,NINJA 400,KAWASAKI,Esportiva,2023,34141.0,Moto Center Campinas,Campinas,Joao Silva,AGENDADA,Financiamento,2026-01-01,fernanda.alves9@email.com,11999990009
10,Mariana Silva,28,Jundiai,SP,VERSYS 650,KAWASAKI,Trail,2024,48820.0,Moto Center Jundiai,Jundiai,Carlos Santos,CONCLUIDA,Financiamento,2026-07-05,mariana.silva10@email.com,11999990010
11,Diego Martins,44,Jundiai,SP,VERSYS 650,KAWASAKI,Trail,2024,52281.0,Moto Center Jundiai,Jundiai,Carlos Santos,AGENDADA,Cartão,2026-10-01,diego.martins11@email.com,11999990011
12,Joao Santos,28,Campinas,SP,PCX 160,HONDA,Scooter,2025,20773.0,Moto Center Campinas,Campinas,Maria Oliveira,CANCELADA,Cartão,2026-07-12,joão.santos12@email.com,11999990012
13,Carlos Mendes,36,Jundiai,SP,CB 500F,HONDA,Naked,2024,41997.0,Moto Center Jundiai,Jundiai,Carlos Santos,AGENDADA,Cartão,2026-03-18,carlos.mendes13@email.com,11999990013
14,Carlos Mendes,67,Campinas,SP,MT-03,YAMAHA,Naked,2024,29943.0,Moto Center Campinas,Campinas,Pedro Souza,CONCLUIDA,Financiamento,2026-02-05,carlos.mendes14@email.com,11999990014
15,Lucas Ferreira,68,Valinhos,SP,NINJA 400,KAWASAKI,Esportiva,2023,34763.0,Moto Center Valinhos,Valinhos,Pedro Souza,AGENDADA,Financiamento,2026-06-27,lucas.ferreira15@email.com,11999990015
16,Juliana Costa,66,Vinhedo,SP,PCX 160,HONDA,Scooter,2025,21872.0,Moto Center Vinhedo,Vinhedo,Joao Silva,CANCELADA,Pix,2026-10-04,juliana.costa16@email.com,11999990016
17,Amanda Rodrigues,73,Valinhos,SP,MT-07,YAMAHA,Naked,2024,50823.0,Moto Center Valinhos,Valinhos,Joao Silva,CONCLUIDA,Pix,2026-07-23,amanda.rodrigues17@email.com,11999990017
18,Diego Martins,46,Campinas,SP,CB 650R,HONDA,Naked,2024,54057.0,Moto Center Campinas,Campinas,Maria Oliveira,CANCELADA,Pix,2026-08-15,diego.martins18@email.com,11999990018
19,Pedro Oliveira,25,Valinhos,SP,MT-03,YAMAHA,Naked,2024,32392.0,Moto Center Valinhos,Valinhos,Maria Oliveira,AGENDADA,Cartão,2026-12-15,pedro.oliveira19@email.com,11999990019
20,Fernanda Alves,46,Valinhos,SP,VERSYS 650,KAWASAKI,Trail,2024,51603.0,Moto Center Valinhos,Valinhos,Carlos Santos,CONCLUIDA,Cartão,2026-05-07,fernanda.alves20@email.com,11999990020
21,Diego Martins,72,Campinas,SP,MT-07,YAMAHA,Naked,2024,52499.0,Moto Center Campinas,Campinas,Maria Oliveira,CANCELADA,Financiamento,2026-12-24,diego.martins21@email.com,11999990021
22,Bruno Lima,31,Vinhedo,SP,VERSYS 650,KAWASAKI,Trail,2024,47965.0,Moto Center Vinhedo,Vinhedo,Joao Silva,CONCLUIDA,Financiamento,2026-03-27,bruno.lima22@email.com,11999990022
23,Renata Costa,34,Vinhedo,SP,PCX 160,HONDA,Scooter,2025,19828.0,Moto Center Vinhedo,Vinhedo,Joao Silva,CANCELADA,Pix,2026-09-08,renata.costa23@email.com,11999990023
24,Carolina Gomes,51,Valinhos,SP,MT-03,YAMAHA,Naked,2024,34349.0,Moto Center Valinhos,Valinhos,Maria Oliveira,AGENDADA,Financiamento,2026-10-02,carolina.gomes24@email.com,11999990024
25,Juliana Costa,71,Valinhos,SP,MT-03,YAMAHA,Naked,2024,33625.0,Moto Center Valinhos,Valinhos,Carlos Santos,CONCLUIDA,Financiamento,2026-01-20,juliana.costa25@email.com,11999990025
26,Bruno Lima,25,Valinhos,SP,PCX 160,HONDA,Scooter,2025,23053.0,Moto Center Valinhos,Valinhos,Maria Oliveira,CANCELADA,Cartão,2026-01-06,bruno.lima26@email.com,11999990026
27,Thiago Alves,46,Campinas,SP,NINJA 400,KAWASAKI,Esportiva,2023,34331.0,Moto Center Campinas,Campinas,Carlos Santos,AGENDADA,Financiamento,2026-10-16,thiago.alves27@email.com,11999990027
28,Mariana Silva,19,Campinas,SP,VERSYS 650,KAWASAKI,Trail,2024,49958.0,Moto Center Campinas,Campinas,Carlos Santos,AGENDADA,Cartão,2026-10-10,mariana.silva28@email.com,11999990028
29,Juliana Costa,64,Valinhos,SP,CB 500F,HONDA,Naked,2024,39596.0,Moto Center Valinhos,Valinhos,Pedro Souza,AGENDADA,Financiamento,2026-11-22,juliana.costa29@email.com,11999990029
30,Mariana Silva,49,Vinhedo,SP,PCX 160,HONDA,Scooter,2025,18856.0,Moto Center Vinhedo,Vinhedo,Maria Oliveira,CONCLUIDA,Pix,2026-02-27,mariana.silva30@email.com,11999990030
31,Bruno Lima,68,Vinhedo,SP,NINJA 400,KAWASAKI,Esportiva,2023,38078.0,Moto Center Vinhedo,Vinhedo,Maria Oliveira,CONCLUIDA,Cartão,2026-03-01,bruno.lima31@email.com,11999990031
32,Mariana Silva,46,Jundiai,SP,PCX 160,HONDA,Scooter,2025,19083.0,Moto Center Jundiai,Jundiai,Pedro Souza,AGENDADA,Financiamento,2026-03-16,mariana.silva32@email.com,11999990032
33,Diego Martins,74,Campinas,SP,NINJA 400,KAWASAKI,Esportiva,2023,37250.0,Moto Center Campinas,Campinas,Pedro Souza,CONCLUIDA,Pix,2026-11-11,diego.martins33@email.com,11999990033
34,Thiago Alves,27,Campinas,SP,VERSYS 650,KAWASAKI,Trail,2024,49052.0,Moto Center Campinas,Campinas,Joao Silva,AGENDADA,Cartão,2026-01-07,thiago.alves34@email.com,11999990034
35,Lucas Ferreira,29,Vinhedo,SP,PCX 160,HONDA,Scooter,2025,19039.0,Moto Center Vinhedo,Vinhedo,Maria Oliveira,CONCLUIDA,Pix,2026-01-03,lucas.ferreira35@email.com,11999990035
36,Carolina Gomes,71,Jundiai,SP,VERSYS 650,KAWASAKI,Trail,2024,48254.0,Moto Center Jundiai,Jundiai,Carlos Santos,CANCELADA,Cartão,2026-07-04,carolina.gomes36@email.com,11999990036
37,Fernanda Alves,71,Vinhedo,SP,CB 650R,HONDA,Naked,2024,54070.0,Moto Center Vinhedo,Vinhedo,Carlos Santos,AGENDADA,Cartão,2026-11-19,fernanda.alves37@email.com,11999990037
38,Mariana Silva,32,Jundiai,SP,MT-07,YAMAHA,Naked,2024,49805.0,Moto Center Jundiai,Jundiai,Pedro Souza,CONCLUIDA,Pix,2026-04-23,mariana.silva38@email.com,11999990038
39,Pedro Oliveira,24,Valinhos,SP,NINJA 400,KAWASAKI,Esportiva,2023,35981.0,Moto Center Valinhos,Valinhos,Carlos Santos,AGENDADA,Pix,2026-01-18,pedro.oliveira39@email.com,11999990039
40,Juliana Costa,33,Jundiai,SP,CB 500F,HONDA,Naked,2024,41644.0,Moto Center Jundiai,Jundiai,Maria Oliveira,CONCLUIDA,Financiamento,2026-08-25,juliana.costa40@email.com,11999990040
41,Renata Costa,55,Valinhos,SP,PCX 160,HONDA,Scooter,2025,22357.0,Moto Center Valinhos,Valinhos,Pedro Souza,CANCELADA,Cartão,2026-07-22,renata.costa41@email.com,11999990041
42,Lucas Ferreira,75,Valinhos,SP,VERSYS 650,KAWASAKI,Trail,2024,47018.0,Moto Center Valinhos,Valinhos,Joao Silva,CONCLUIDA,Financiamento,2026-02-26,lucas.ferreira42@email.com,11999990042
43,Diego Martins,41,Jundiai,SP,NINJA 400,KAWASAKI,Esportiva,2023,38738.0,Moto Center Jundiai,Jundiai,Carlos Santos,CONCLUIDA,Financiamento,2026-05-25,diego.martins43@email.com,11999990043
44,Joao Santos,20,Vinhedo,SP,CB 500F,HONDA,Naked,2024,42156.0,Moto Center Vinhedo,Vinhedo,Carlos Santos,CANCELADA,Financiamento,2026-06-06,joão.santos44@email.com,11999990044
45,Mariana Silva,37,Jundiai,SP,NINJA 400,KAWASAKI,Esportiva,2023,35110.0,Moto Center Jundiai,Jundiai,Carlos Santos,CONCLUIDA,Cartão,2026-07-10,mariana.silva45@email.com,11999990045
46,Fernanda Alves,27,Campinas,SP,MT-03,YAMAHA,Naked,2024,35444.0,Moto Center Campinas,Campinas,Joao Silva,CONCLUIDA,Cartão,2026-03-01,fernanda.alves46@email.com,11999990046
47,Pedro Oliveira,63,Jundiai,SP,PCX 160,HONDA,Scooter,2025,18976.0,Moto Center Jundiai,Jundiai,Maria Oliveira,CONCLUIDA,Pix,2026-08-23,pedro.oliveira47@email.com,11999990047
48,Pedro Oliveira,30,Jundiai,SP,MT-07,YAMAHA,Naked,2024,47163.0,Moto Center Jundiai,Jundiai,Carlos Santos,CANCELADA,Financiamento,2026-08-08,pedro.oliveira48@email.com,11999990048
49,Joao Santos,42,Campinas,SP,MT-07,YAMAHA,Naked,2024,48698.0,Moto Center Campinas,Campinas,Maria Oliveira,CANCELADA,Cartão,2026-03-11,joão.santos49@email.com,11999990049
50,Fernanda Alves,49,Campinas,SP,PCX 160,HONDA,Scooter,2025,18522.0,Moto Center Campinas,Campinas,Carlos Santos,CONCLUIDA,Cartão,2026-02-17,fernanda.alves50@email.com,11999990050
51,Fernanda Alves,41,Jundiai,SP,NINJA 400,KAWASAKI,Esportiva,2023,36166.0,Moto Center Jundiai,Jundiai,Maria Oliveira,CANCELADA,Financiamento,2026-04-05,fernanda.alves51@email.com,11999990051
52,Renata Costa,46,Campinas,SP,PCX 160,HONDA,Scooter,2025,20672.0,Moto Center Campinas,Campinas,Maria Oliveira,CONCLUIDA,Cartão,2026-04-05,renata.costa52@email.com,11999990052
53,Carlos Mendes,29,Jundiai,SP,PCX 160,HONDA,Scooter,2025,23739.0,Moto Center Jundiai,Jundiai,Pedro Souza,AGENDADA,Cartão,2026-11-08,carlos.mendes53@email.com,11999990053
54,Amanda Rodrigues,46,Vinhedo,SP,VERSYS 650,KAWASAKI,Trail,2024,52764.0,Moto Center Vinhedo,Vinhedo,Maria Oliveira,CANCELADA,Cartão,2026-11-02,amanda.rodrigues54@email.com,11999990054
55,Carolina Gomes,53,Jundiai,SP,CB 650R,HONDA,Naked,2024,52684.0,Moto Center Jundiai,Jundiai,Pedro Souza,AGENDADA,Financiamento,2026-09-20,carolina.gomes55@email.com,11999990055
56,Carolina Gomes,32,Campinas,SP,MT-07,YAMAHA,Naked,2024,47495.0,Moto Center Campinas,Campinas,Pedro Souza,AGENDADA,Pix,2026-01-03,carolina.gomes56@email.com,11999990056
57,Lucas Ferreira,21,Jundiai,SP,CB 500F,HONDA,Naked,2024,40276.0,Moto Center Jundiai,Jundiai,Carlos Santos,AGENDADA,Pix,2026-07-25,lucas.ferreira57@email.com,11999990057
58,Bruno Lima,26,Jundiai,SP,VERSYS 650,KAWASAKI,Trail,2024,50640.0,Moto Center Jundiai,Jundiai,Pedro Souza,CONCLUIDA,Pix,2026-07-10,bruno.lima58@email.com,11999990058
59,Amanda Rodrigues,63,Valinhos,SP,CB 500F,HONDA,Naked,2024,42316.0,Moto Center Valinhos,Valinhos,Maria Oliveira,AGENDADA,Pix,2026-12-04,amanda.rodrigues59@email.com,11999990059
60,Carlos Mendes,21,Campinas,SP,VERSYS 650,KAWASAKI,Trail,2024,48356.0,Moto Center Campinas,Campinas,Joao Silva,AGENDADA,Financiamento,2026-06-09,carlos.mendes60@email.com,11999990060
61,Thiago Alves,23,Valinhos,SP,PCX 160,HONDA,Scooter,2025,22958.0,Moto Center Valinhos,Valinhos,Carlos Santos,CONCLUIDA,Financiamento,2026-03-04,thiago.alves61@email.com,11999990061
62,Joao Santos,42,Vinhedo,SP,PCX 160,HONDA,Scooter,2025,22061.0,Moto Center Vinhedo,Vinhedo,Maria Oliveira,CONCLUIDA,Financiamento,2026-01-01,joão.santos62@email.com,11999990062
63,Carolina Gomes,37,Valinhos,SP,CB 500F,HONDA,Naked,2024,42725.0,Moto Center Valinhos,Valinhos,Maria Oliveira,CANCELADA,Pix,2026-08-05,carolina.gomes63@email.com,11999990063
64,Joao Santos,24,Vinhedo,SP,MT-07,YAMAHA,Naked,2024,51022.0,Moto Center Vinhedo,Vinhedo,Joao Silva,CONCLUIDA,Financiamento,2026-07-10,joão.santos64@email.com,11999990064
65,Bruno Lima,30,Valinhos,SP,MT-07,YAMAHA,Naked,2024,49636.0,Moto Center Valinhos,Valinhos,Maria Oliveira,AGENDADA,Cartão,2026-04-12,bruno.lima65@email.com,11999990065
66,Fernanda Alves,49,Campinas,SP,MT-07,YAMAHA,Naked,2024,47100.0,Moto Center Campinas,Campinas,Carlos Santos,CANCELADA,Cartão,2026-05-23,fernanda.alves66@email.com,11999990066
67,Juliana Costa,67,Jundiai,SP,MT-03,YAMAHA,Naked,2024,30704.0,Moto Center Jundiai,Jundiai,Pedro Souza,AGENDADA,Financiamento,2026-01-01,juliana.costa67@email.com,11999990067
68,Carolina Gomes,50,Jundiai,SP,MT-03,YAMAHA,Naked,2024,34116.0,Moto Center Jundiai,Jundiai,Joao Silva,AGENDADA,Financiamento,2026-11-21,carolina.gomes68@email.com,11999990068
69,Ana Souza,45,Campinas,SP,MT-03,YAMAHA,Naked,2024,32894.0,Moto Center Campinas,Campinas,Carlos Santos,CANCELADA,Financiamento,2026-05-23,ana.souza69@email.com,11999990069
70,Mariana Silva,53,Vinhedo,SP,VERSYS 650,KAWASAKI,Trail,2024,47608.0,Moto Center Vinhedo,Vinhedo,Joao Silva,CONCLUIDA,Cartão,2026-06-16,mariana.silva70@email.com,11999990070
71,Marcos Pereira,46,Valinhos,SP,NINJA 400,KAWASAKI,Esportiva,2023,36823.0,Moto Center Valinhos,Valinhos,Joao Silva,CONCLUIDA,Pix,2026-01-14,marcos.pereira71@email.com,11999990071
72,Carlos Mendes,23,Valinhos,SP,CB 650R,HONDA,Naked,2024,53518.0,Moto Center Valinhos,Valinhos,Maria Oliveira,CONCLUIDA,Pix,2026-10-11,carlos.mendes72@email.com,11999990072
73,Amanda Rodrigues,46,Vinhedo,SP,PCX 160,HONDA,Scooter,2025,18994.0,Moto Center Vinhedo,Vinhedo,Pedro Souza,CONCLUIDA,Cartão,2026-06-20,amanda.rodrigues73@email.com,11999990073
74,Lucas Ferreira,21,Campinas,SP,VERSYS 650,KAWASAKI,Trail,2024,47047.0,Moto Center Campinas,Campinas,Carlos Santos,CONCLUIDA,Financiamento,2026-03-11,lucas.ferreira74@email.com,11999990074
75,Lucas Ferreira,40,Campinas,SP,MT-03,YAMAHA,Naked,2024,31206.0,Moto Center Campinas,Campinas,Pedro Souza,AGENDADA,Cartão,2026-10-28,lucas.ferreira75@email.com,11999990075
76,Bruno Lima,24,Valinhos,SP,PCX 160,HONDA,Scooter,2025,18543.0,Moto Center Valinhos,Valinhos,Carlos Santos,AGENDADA,Financiamento,2026-02-14,bruno.lima76@email.com,11999990076
77,Fernanda Alves,48,Valinhos,SP,PCX 160,HONDA,Scooter,2025,20883.0,Moto Center Valinhos,Valinhos,Maria Oliveira,CANCELADA,Financiamento,2026-05-10,fernanda.alves77@email.com,11999990077
78,Bruno Lima,62,Vinhedo,SP,NINJA 400,KAWASAKI,Esportiva,2023,38375.0,Moto Center Vinhedo,Vinhedo,Joao Silva,CONCLUIDA,Pix,2026-06-28,bruno.lima78@email.com,11999990078
79,Pedro Oliveira,41,Jundiai,SP,MT-03,YAMAHA,Naked,2024,32148.0,Moto Center Jundiai,Jundiai,Pedro Souza,AGENDADA,Pix,2026-01-17,pedro.oliveira79@email.com,11999990079
80,Renata Costa,57,Valinhos,SP,CB 650R,HONDA,Naked,2024,53759.0,Moto Center Valinhos,Valinhos,Joao Silva,CONCLUIDA,Pix,2026-01-23,renata.costa80@email.com,11999990080
81,Juliana Costa,49,Campinas,SP,MT-07,YAMAHA,Naked,2024,49984.0,Moto Center Campinas,Campinas,Carlos Santos,CONCLUIDA,Financiamento,2026-11-27,juliana.costa81@email.com,11999990081
82,Carolina Gomes,38,Vinhedo,SP,PCX 160,HONDA,Scooter,2025,21905.0,Moto Center Vinhedo,Vinhedo,Pedro Souza,CANCELADA,Pix,2026-03-26,carolina.gomes82@email.com,11999990082
83,Thiago Alves,34,Campinas,SP,CB 650R,HONDA,Naked,2024,51869.0,Moto Center Campinas,Campinas,Carlos Santos,CANCELADA,Financiamento,2026-01-19,thiago.alves83@email.com,11999990083
84,Joao Santos,18,Valinhos,SP,VERSYS 650,KAWASAKI,Trail,2024,50627.0,Moto Center Valinhos,Valinhos,Pedro Souza,CANCELADA,Cartão,2026-01-06,joão.santos84@email.com,11999990084
85,Amanda Rodrigues,41,Valinhos,SP,CB 650R,HONDA,Naked,2024,53461.0,Moto Center Valinhos,Valinhos,Maria Oliveira,CANCELADA,Financiamento,2026-12-22,amanda.rodrigues85@email.com,11999990085
86,Thiago Alves,19,Valinhos,SP,PCX 160,HONDA,Scooter,2025,23501.0,Moto Center Valinhos,Valinhos,Pedro Souza,AGENDADA,Financiamento,2026-11-12,thiago.alves86@email.com,11999990086
87,Fernanda Alves,47,Campinas,SP,MT-07,YAMAHA,Naked,2024,52381.0,Moto Center Campinas,Campinas,Joao Silva,AGENDADA,Financiamento,2026-06-09,fernanda.alves87@email.com,11999990087
88,Ana Souza,50,Valinhos,SP,NINJA 400,KAWASAKI,Esportiva,2023,35214.0,Moto Center Valinhos,Valinhos,Joao Silva,CANCELADA,Cartão,2026-09-23,ana.souza88@email.com,11999990088
89,Thiago Alves,25,Campinas,SP,VERSYS 650,KAWASAKI,Trail,2024,50009.0,Moto Center Campinas,Campinas,Maria Oliveira,CONCLUIDA,Pix,2026-09-08,thiago.alves89@email.com,11999990089
90,Carolina Gomes,36,Campinas,SP,PCX 160,HONDA,Scooter,2025,21607.0,Moto Center Campinas,Campinas,Joao Silva,AGENDADA,Pix,2026-01-13,carolina.gomes90@email.com,11999990090
91,Fernanda Alves,20,Jundiai,SP,MT-07,YAMAHA,Naked,2024,51531.0,Moto Center Jundiai,Jundiai,Maria Oliveira,AGENDADA,Cartão,2026-05-02,fernanda.alves91@email.com,11999990091
92,Carlos Mendes,47,Valinhos,SP,MT-03,YAMAHA,Naked,2024,34939.0,Moto Center Valinhos,Valinhos,Carlos Santos,AGENDADA,Pix,2026-04-06,carlos.mendes92@email.com,11999990092
93,Marcos Pereira,33,Jundiai,SP,NINJA 400,KAWASAKI,Esportiva,2023,37063.0,Moto Center Jundiai,Jundiai,Joao Silva,CONCLUIDA,Pix,2026-07-27,marcos.pereira93@email.com,11999990093
94,Marcos Pereira,46,Campinas,SP,CB 650R,HONDA,Naked,2024,50710.0,Moto Center Campinas,Campinas,Joao Silva,CANCELADA,Cartão,2026-02-19,marcos.pereira94@email.com,11999990094
95,Pedro Oliveira,46,Valinhos,SP,NINJA 400,KAWASAKI,Esportiva,2023,36136.0,Moto Center Valinhos,Valinhos,Maria Oliveira,CONCLUIDA,Pix,2026-01-12,pedro.oliveira95@email.com,11999990095
96,Pedro Oliveira,30,Campinas,SP,PCX 160,HONDA,Scooter,2025,20894.0,Moto Center Campinas,Campinas,Pedro Souza,CANCELADA,Cartão,2026-03-14,pedro.oliveira96@email.com,11999990096
97,Diego Martins,32,Valinhos,SP,PCX 160,HONDA,Scooter,2025,18982.0,Moto Center Valinhos,Valinhos,Joao Silva,CANCELADA,Financiamento,2026-09-10,diego.martins97@email.com,11999990097
98,Ana Souza,45,Campinas,SP,CB 650R,HONDA,Naked,2024,51161.0,Moto Center Campinas,Campinas,Maria Oliveira,CONCLUIDA,Financiamento,2026-08-16,ana.souza98@email.com,11999990098
99,Amanda Rodrigues,69,Jundiai,SP,VERSYS 650,KAWASAKI,Trail,2024,50259.0,Moto Center Jundiai,Jundiai,Pedro Souza,CONCLUIDA,Financiamento,2026-10-22,amanda.rodrigues99@email.com,11999990099
100,Thiago Alves,32,Valinhos,SP,PCX 160,HONDA,Scooter,2025,18589.0,Moto Center Valinhos,Valinhos,Pedro Souza,CONCLUIDA,Pix,2026-04-23,thiago.alves100@email.com,11999990100
101,Carolina Gomes,66,Jundiai,SP,CB 650R,HONDA,Naked,2024,50374.0,Moto Center Jundiai,Jundiai,Joao Silva,CONCLUIDA,Pix,2026-12-14,carolina.gomes101@email.com,11999990101
102,Marcos Pereira,25,Vinhedo,SP,MT-07,YAMAHA,Naked,2024,48368.0,Moto Center Vinhedo,Vinhedo,Maria Oliveira,CONCLUIDA,Pix,2026-08-25,marcos.pereira102@email.com,11999990102
103,Joao Santos,53,Campinas,SP,CB 650R,HONDA,Naked,2024,54057.0,Moto Center Campinas,Campinas,Pedro Souza,CONCLUIDA,Pix,2026-11-12,joão.santos103@email.com,11999990103
104,Renata Costa,46,Campinas,SP,VERSYS 650,KAWASAKI,Trail,2024,48876.0,Moto Center Campinas,Campinas,Joao Silva,CANCELADA,Financiamento,2026-12-24,renata.costa104@email.com,11999990104
105,Mariana Silva,75,Jundiai,SP,MT-03,YAMAHA,Naked,2024,34167.0,Moto Center Jundiai,Jundiai,Carlos Santos,CANCELADA,Cartão,2026-01-16,mariana.silva105@email.com,11999990105
106,Thiago Alves,21,Jundiai,SP,VERSYS 650,KAWASAKI,Trail,2024,52358.0,Moto Center Jundiai,Jundiai,Maria Oliveira,CONCLUIDA,Financiamento,2026-10-27,thiago.alves106@email.com,11999990106
107,Fernanda Alves,23,Campinas,SP,CB 500F,HONDA,Naked,2024,45356.0,Moto Center Campinas,Campinas,Pedro Souza,CANCELADA,Financiamento,2026-09-19,fernanda.alves107@email.com,11999990107
108,Juliana Costa,55,Campinas,SP,MT-03,YAMAHA,Naked,2024,33313.0,Moto Center Campinas,Campinas,Joao Silva,CONCLUIDA,Financiamento,2026-03-14,juliana.costa108@email.com,11999990108
109,Lucas Ferreira,55,Vinhedo,SP,VERSYS 650,KAWASAKI,Trail,2024,52040.0,Moto Center Vinhedo,Vinhedo,Maria Oliveira,CANCELADA,Financiamento,2026-12-27,lucas.ferreira109@email.com,11999990109
110,Mariana Silva,66,Jundiai,SP,CB 500F,HONDA,Naked,2024,45284.0,Moto Center Jundiai,Jundiai,Carlos Santos,AGENDADA,Financiamento,2026-03-04,mariana.silva110@email.com,11999990110
111,Juliana Costa,49,Campinas,SP,CB 500F,HONDA,Naked,2024,41371.0,Moto Center Campinas,Campinas,Joao Silva,CANCELADA,Pix,2026-06-13,juliana.costa111@email.com,11999990111
112,Marcos Pereira,28,Valinhos,SP,NINJA 400,KAWASAKI,Esportiva,2023,38704.0,Moto Center Valinhos,Valinhos,Maria Oliveira,AGENDADA,Cartão,2026-02-08,marcos.pereira112@email.com,11999990112
113,Marcos Pereira,43,Campinas,SP,CB 500F,HONDA,Naked,2024,40211.0,Moto Center Campinas,Campinas,Carlos Santos,CONCLUIDA,Pix,2026-10-05,marcos.pereira113@email.com,11999990113
114,Diego Martins,31,Valinhos,SP,MT-07,YAMAHA,Naked,2024,52091.0,Moto Center Valinhos,Valinhos,Maria Oliveira,AGENDADA,Cartão,2026-04-19,diego.martins114@email.com,11999990114
115,Amanda Rodrigues,40,Campinas,SP,NINJA 400,KAWASAKI,Esportiva,2023,34773.0,Moto Center Campinas,Campinas,Joao Silva,CANCELADA,Pix,2026-04-08,amanda.rodrigues115@email.com,11999990115
116,Carolina Gomes,62,Valinhos,SP,CB 650R,HONDA,Naked,2024,51409.0,Moto Center Valinhos,Valinhos,Carlos Santos,CONCLUIDA,Cartão,2026-03-24,carolina.gomes116@email.com,11999990116
117,Diego Martins,65,Campinas,SP,CB 500F,HONDA,Naked,2024,42569.0,Moto Center Campinas,Campinas,Carlos Santos,CONCLUIDA,Financiamento,2026-01-17,diego.martins117@email.com,11999990117
118,Thiago Alves,47,Jundiai,SP,CB 650R,HONDA,Naked,2024,50685.0,Moto Center Jundiai,Jundiai,Carlos Santos,CONCLUIDA,Cartão,2026-03-13,thiago.alves118@email.com,11999990118
119,Bruno Lima,19,Vinhedo,SP,CB 500F,HONDA,Naked,2024,43881.0,Moto Center Vinhedo,Vinhedo,Joao Silva,CONCLUIDA,Cartão,2026-02-13,bruno.lima119@email.com,11999990119
120,Renata Costa,42,Jundiai,SP,VERSYS 650,KAWASAKI,Trail,2024,52399.0,Moto Center Jundiai,Jundiai,Joao Silva,CANCELADA,Cartão,2026-12-06,renata.costa120@email.com,11999990120
121,Pedro Oliveira,48,Valinhos,SP,MT-07,YAMAHA,Naked,2024,47581.0,Moto Center Valinhos,Valinhos,Maria Oliveira,CANCELADA,Pix,2026-01-10,pedro.oliveira121@email.com,11999990121
122,Bruno Lima,48,Campinas,SP,MT-03,YAMAHA,Naked,2024,34941.0,Moto Center Campinas,Campinas,Carlos Santos,CONCLUIDA,Financiamento,2026-10-02,bruno.lima122@email.com,11999990122
123,Ana Souza,31,Jundiai,SP,CB 650R,HONDA,Naked,2024,54571.0,Moto Center Jundiai,Jundiai,Pedro Souza,CONCLUIDA,Pix,2026-06-20,ana.souza123@email.com,11999990123
124,Fernanda Alves,54,Valinhos,SP,MT-07,YAMAHA,Naked,2024,49792.0,Moto Center Valinhos,Valinhos,Pedro Souza,AGENDADA,Cartão,2026-05-16,fernanda.alves124@email.com,11999990124
125,Pedro Oliveira,46,Vinhedo,SP,CB 500F,HONDA,Naked,2024,43356.0,Moto Center Vinhedo,Vinhedo,Pedro Souza,CANCELADA,Cartão,2026-09-11,pedro.oliveira125@email.com,11999990125
126,Pedro Oliveira,46,Jundiai,SP,MT-07,YAMAHA,Naked,2024,51825.0,Moto Center Jundiai,Jundiai,Joao Silva,CONCLUIDA,Cartão,2026-01-24,pedro.oliveira126@email.com,11999990126
127,Juliana Costa,69,Valinhos,SP,CB 500F,HONDA,Naked,2024,42866.0,Moto Center Valinhos,Valinhos,Carlos Santos,CANCELADA,Financiamento,2026-07-06,juliana.costa127@email.com,11999990127
128,Joao Santos,21,Vinhedo,SP,PCX 160,HONDA,Scooter,2025,20685.0,Moto Center Vinhedo,Vinhedo,Pedro Souza,AGENDADA,Pix,2026-10-05,joão.santos128@email.com,11999990128
129,Carlos Mendes,71,Jundiai,SP,PCX 160,HONDA,Scooter,2025,21869.0,Moto Center Jundiai,Jundiai,Maria Oliveira,CONCLUIDA,Pix,2026-02-20,carlos.mendes129@email.com,11999990129
130,Juliana Costa,49,Campinas,SP,MT-03,YAMAHA,Naked,2024,33377.0,Moto Center Campinas,Campinas,Pedro Souza,CONCLUIDA,Financiamento,2026-11-26,juliana.costa130@email.com,11999990130
131,Thiago Alves,39,Vinhedo,SP,CB 500F,HONDA,Naked,2024,45295.0,Moto Center Vinhedo,Vinhedo,Joao Silva,AGENDADA,Financiamento,2026-02-09,thiago.alves131@email.com,11999990131
132,Renata Costa,68,Jundiai,SP,CB 650R,HONDA,Naked,2024,51042.0,Moto Center Jundiai,Jundiai,Joao Silva,CONCLUIDA,Financiamento,2026-12-16,renata.costa132@email.com,11999990132
133,Lucas Ferreira,59,Jundiai,SP,CB 500F,HONDA,Naked,2024,40347.0,Moto Center Jundiai,Jundiai,Carlos Santos,AGENDADA,Cartão,2026-08-20,lucas.ferreira133@email.com,11999990133
134,Fernanda Alves,26,Valinhos,SP,VERSYS 650,KAWASAKI,Trail,2024,47661.0,Moto Center Valinhos,Valinhos,Pedro Souza,CANCELADA,Cartão,2026-06-08,fernanda.alves134@email.com,11999990134
135,Fernanda Alves,43,Vinhedo,SP,CB 500F,HONDA,Naked,2024,41283.0,Moto Center Vinhedo,Vinhedo,Pedro Souza,CONCLUIDA,Financiamento,2026-02-14,fernanda.alves135@email.com,11999990135
136,Marcos Pereira,52,Valinhos,SP,MT-07,YAMAHA,Naked,2024,51463.0,Moto Center Valinhos,Valinhos,Joao Silva,CANCELADA,Pix,2026-08-04,marcos.pereira136@email.com,11999990136
137,Carlos Mendes,54,Vinhedo,SP,CB 650R,HONDA,Naked,2024,55926.0,Moto Center Vinhedo,Vinhedo,Carlos Santos,CANCELADA,Pix,2026-05-10,carlos.mendes137@email.com,11999990137
138,Pedro Oliveira,45,Vinhedo,SP,MT-03,YAMAHA,Naked,2024,29786.0,Moto Center Vinhedo,Vinhedo,Maria Oliveira,CANCELADA,Pix,2026-04-25,pedro.oliveira138@email.com,11999990138
139,Carlos Mendes,35,Vinhedo,SP,CB 500F,HONDA,Naked,2024,44837.0,Moto Center Vinhedo,Vinhedo,Joao Silva,CONCLUIDA,Pix,2026-12-23,carlos.mendes139@email.com,11999990139
140,Carolina Gomes,62,Valinhos,SP,VERSYS 650,KAWASAKI,Trail,2024,47763.0,Moto Center Valinhos,Valinhos,Joao Silva,CANCELADA,Pix,2026-10-08,carolina.gomes140@email.com,11999990140
141,Amanda Rodrigues,52,Jundiai,SP,PCX 160,HONDA,Scooter,2025,19481.0,Moto Center Jundiai,Jundiai,Joao Silva,AGENDADA,Cartão,2026-05-12,amanda.rodrigues141@email.com,11999990141
142,Amanda Rodrigues,48,Campinas,SP,CB 650R,HONDA,Naked,2024,53251.0,Moto Center Campinas,Campinas,Maria Oliveira,CANCELADA,Pix,2026-09-16,amanda.rodrigues142@email.com,11999990142
143,Fernanda Alves,26,Valinhos,SP,PCX 160,HONDA,Scooter,2025,20318.0,Moto Center Valinhos,Valinhos,Carlos Santos,CANCELADA,Cartão,2026-03-03,fernanda.alves143@email.com,11999990143
144,Renata Costa,74,Jundiai,SP,VERSYS 650,KAWASAKI,Trail,2024,48952.0,Moto Center Jundiai,Jundiai,Joao Silva,CONCLUIDA,Financiamento,2026-04-26,renata.costa144@email.com,11999990144
145,Mariana Silva,62,Vinhedo,SP,CB 650R,HONDA,Naked,2024,53642.0,Moto Center Vinhedo,Vinhedo,Maria Oliveira,CANCELADA,Pix,2026-05-10,mariana.silva145@email.com,11999990145
146,Lucas Ferreira,49,Vinhedo,SP,MT-07,YAMAHA,Naked,2024,47991.0,Moto Center Vinhedo,Vinhedo,Maria Oliveira,CANCELADA,Pix,2026-11-26,lucas.ferreira146@email.com,11999990146
147,Bruno Lima,60,Jundiai,SP,MT-03,YAMAHA,Naked,2024,34439.0,Moto Center Jundiai,Jundiai,Pedro Souza,AGENDADA,Pix,2026-01-08,bruno.lima147@email.com,11999990147
148,Amanda Rodrigues,57,Campinas,SP,PCX 160,HONDA,Scooter,2025,22613.0,Moto Center Campinas,Campinas,Joao Silva,AGENDADA,Financiamento,2026-09-26,amanda.rodrigues148@email.com,11999990148
149,Carlos Mendes,53,Jundiai,SP,MT-07,YAMAHA,Naked,2024,51172.0,Moto Center Jundiai,Jundiai,Joao Silva,CONCLUIDA,Financiamento,2026-05-18,carlos.mendes149@email.com,11999990149
150,Thiago Alves,49,Campinas,SP,PCX 160,HONDA,Scooter,2025,20185.0,Moto Center Campinas,Campinas,Pedro Souza,AGENDADA,Cartão,2026-10-19,thiago.alves150@email.com,11999990150
151,Diego Martins,19,Vinhedo,SP,MT-07,YAMAHA,Naked,2024,47670.0,Moto Center Vinhedo,Vinhedo,Maria Oliveira,AGENDADA,Financiamento,2026-02-21,diego.martins151@email.com,11999990151
152,Lucas Ferreira,45,Valinhos,SP,MT-07,YAMAHA,Naked,2024,48985.0,Moto Center Valinhos,Valinhos,Pedro Souza,CONCLUIDA,Cartão,2026-01-23,lucas.ferreira152@email.com,11999990152
153,Ana Souza,61,Campinas,SP,MT-03,YAMAHA,Naked,2024,33922.0,Moto Center Campinas,Campinas,Pedro Souza,AGENDADA,Financiamento,2026-12-02,ana.souza153@email.com,11999990153
154,Marcos Pereira,61,Jundiai,SP,VERSYS 650,KAWASAKI,Trail,2024,48752.0,Moto Center Jundiai,Jundiai,Maria Oliveira,CONCLUIDA,Financiamento,2026-08-14,marcos.pereira154@email.com,11999990154
155,Fernanda Alves,51,Campinas,SP,NINJA 400,KAWASAKI,Esportiva,2023,34883.0,Moto Center Campinas,Campinas,Carlos Santos,CANCELADA,Pix,2026-08-15,fernanda.alves155@email.com,11999990155
156,Ana Souza,23,Valinhos,SP,CB 650R,HONDA,Naked,2024,50405.0,Moto Center Valinhos,Valinhos,Pedro Souza,CANCELADA,Cartão,2026-08-15,ana.souza156@email.com,11999990156
157,Mariana Silva,53,Vinhedo,SP,VERSYS 650,KAWASAKI,Trail,2024,48534.0,Moto Center Vinhedo,Vinhedo,Joao Silva,CANCELADA,Cartão,2026-01-28,mariana.silva157@email.com,11999990157
158,Joao Santos,60,Jundiai,SP,NINJA 400,KAWASAKI,Esportiva,2023,38364.0,Moto Center Jundiai,Jundiai,Joao Silva,CANCELADA,Pix,2026-08-09,joão.santos158@email.com,11999990158
159,Marcos Pereira,57,Campinas,SP,PCX 160,HONDA,Scooter,2025,19294.0,Moto Center Campinas,Campinas,Maria Oliveira,AGENDADA,Pix,2026-06-09,marcos.pereira159@email.com,11999990159
160,Juliana Costa,36,Vinhedo,SP,CB 500F,HONDA,Naked,2024,41001.0,Moto Center Vinhedo,Vinhedo,Joao Silva,CANCELADA,Pix,2026-10-19,juliana.costa160@email.com,11999990160
161,Amanda Rodrigues,60,Valinhos,SP,NINJA 400,KAWASAKI,Esportiva,2023,34393.0,Moto Center Valinhos,Valinhos,Pedro Souza,CANCELADA,Financiamento,2026-02-14,amanda.rodrigues161@email.com,11999990161
162,Joao Santos,42,Valinhos,SP,CB 650R,HONDA,Naked,2024,55558.0,Moto Center Valinhos,Valinhos,Pedro Souza,AGENDADA,Cartão,2026-01-05,joão.santos162@email.com,11999990162
163,Renata Costa,31,Vinhedo,SP,PCX 160,HONDA,Scooter,2025,21005.0,Moto Center Vinhedo,Vinhedo,Pedro Souza,AGENDADA,Cartão,2026-10-14,renata.costa163@email.com,11999990163
164,Renata Costa,20,Jundiai,SP,MT-07,YAMAHA,Naked,2024,47239.0,Moto Center Jundiai,Jundiai,Carlos Santos,CANCELADA,Financiamento,2026-07-23,renata.costa164@email.com,11999990164
165,Amanda Rodrigues,40,Valinhos,SP,MT-03,YAMAHA,Naked,2024,33349.0,Moto Center Valinhos,Valinhos,Carlos Santos,AGENDADA,Pix,2026-10-22,amanda.rodrigues165@email.com,11999990165
166,Juliana Costa,36,Campinas,SP,PCX 160,HONDA,Scooter,2025,22571.0,Moto Center Campinas,Campinas,Pedro Souza,CANCELADA,Financiamento,2026-08-27,juliana.costa166@email.com,11999990166
167,Bruno Lima,57,Vinhedo,SP,CB 650R,HONDA,Naked,2024,51362.0,Moto Center Vinhedo,Vinhedo,Joao Silva,AGENDADA,Financiamento,2026-10-03,bruno.lima167@email.com,11999990167
168,Lucas Ferreira,43,Campinas,SP,MT-07,YAMAHA,Naked,2024,48236.0,Moto Center Campinas,Campinas,Joao Silva,CONCLUIDA,Pix,2026-02-08,lucas.ferreira168@email.com,11999990168
169,Amanda Rodrigues,57,Vinhedo,SP,MT-07,YAMAHA,Naked,2024,52731.0,Moto Center Vinhedo,Vinhedo,Maria Oliveira,CONCLUIDA,Cartão,2026-12-06,amanda.rodrigues169@email.com,11999990169
170,Lucas Ferreira,31,Vinhedo,SP,CB 500F,HONDA,Naked,2024,43777.0,Moto Center Vinhedo,Vinhedo,Carlos Santos,CANCELADA,Cartão,2026-11-14,lucas.ferreira170@email.com,11999990170
171,Fernanda Alves,19,Valinhos,SP,CB 650R,HONDA,Naked,2024,53110.0,Moto Center Valinhos,Valinhos,Maria Oliveira,AGENDADA,Pix,2026-04-12,fernanda.alves171@email.com,11999990171
172,Juliana Costa,59,Vinhedo,SP,CB 650R,HONDA,Naked,2024,53349.0,Moto Center Vinhedo,Vinhedo,Joao Silva,CANCELADA,Financiamento,2026-01-12,juliana.costa172@email.com,11999990172
173,Carolina Gomes,32,Campinas,SP,CB 500F,HONDA,Naked,2024,42965.0,Moto Center Campinas,Campinas,Carlos Santos,CANCELADA,Cartão,2026-07-23,carolina.gomes173@email.com,11999990173
174,Pedro Oliveira,29,Jundiai,SP,NINJA 400,KAWASAKI,Esportiva,2023,36476.0,Moto Center Jundiai,Jundiai,Pedro Souza,CONCLUIDA,Financiamento,2026-10-24,pedro.oliveira174@email.com,11999990174
175,Carolina Gomes,46,Campinas,SP,PCX 160,HONDA,Scooter,2025,19545.0,Moto Center Campinas,Campinas,Joao Silva,AGENDADA,Financiamento,2026-10-16,carolina.gomes175@email.com,11999990175
176,Carolina Gomes,23,Valinhos,SP,MT-03,YAMAHA,Naked,2024,32081.0,Moto Center Valinhos,Valinhos,Joao Silva,CONCLUIDA,Cartão,2026-09-06,carolina.gomes176@email.com,11999990176
177,Bruno Lima,45,Jundiai,SP,NINJA 400,KAWASAKI,Esportiva,2023,34967.0,Moto Center Jundiai,Jundiai,Carlos Santos,CONCLUIDA,Pix,2026-05-23,bruno.lima177@email.com,11999990177
178,Carlos Mendes,46,Jundiai,SP,CB 650R,HONDA,Naked,2024,52377.0,Moto Center Jundiai,Jundiai,Pedro Souza,AGENDADA,Cartão,2026-12-23,carlos.mendes178@email.com,11999990178
179,Mariana Silva,46,Vinhedo,SP,CB 500F,HONDA,Naked,2024,42123.0,Moto Center Vinhedo,Vinhedo,Joao Silva,CONCLUIDA,Financiamento,2026-08-16,mariana.silva179@email.com,11999990179
180,Pedro Oliveira,58,Jundiai,SP,VERSYS 650,KAWASAKI,Trail,2024,50707.0,Moto Center Jundiai,Jundiai,Carlos Santos,AGENDADA,Cartão,2026-05-05,pedro.oliveira180@email.com,11999990180
181,Juliana Costa,48,Valinhos,SP,PCX 160,HONDA,Scooter,2025,21524.0,Moto Center Valinhos,Valinhos,Joao Silva,CANCELADA,Cartão,2026-07-06,juliana.costa181@email.com,11999990181
182,Pedro Oliveira,46,Vinhedo,SP,VERSYS 650,KAWASAKI,Trail,2024,50837.0,Moto Center Vinhedo,Vinhedo,Maria Oliveira,CANCELADA,Financiamento,2026-12-13,pedro.oliveira182@email.com,11999990182
183,Renata Costa,30,Campinas,SP,VERSYS 650,KAWASAKI,Trail,2024,50576.0,Moto Center Campinas,Campinas,Maria Oliveira,CANCELADA,Pix,2026-02-19,renata.costa183@email.com,11999990183
184,Thiago Alves,60,Jundiai,SP,VERSYS 650,KAWASAKI,Trail,2024,50369.0,Moto Center Jundiai,Jundiai,Maria Oliveira,CONCLUIDA,Cartão,2026-06-22,thiago.alves184@email.com,11999990184
185,Carolina Gomes,69,Vinhedo,SP,PCX 160,HONDA,Scooter,2025,19664.0,Moto Center Vinhedo,Vinhedo,Carlos Santos,CONCLUIDA,Pix,2026-10-02,carolina.gomes185@email.com,11999990185
186,Diego Martins,62,Campinas,SP,MT-07,YAMAHA,Naked,2024,52926.0,Moto Center Campinas,Campinas,Joao Silva,AGENDADA,Cartão,2026-10-08,diego.martins186@email.com,11999990186
187,Ana Souza,31,Campinas,SP,NINJA 400,KAWASAKI,Esportiva,2023,36537.0,Moto Center Campinas,Campinas,Maria Oliveira,CONCLUIDA,Cartão,2026-09-02,ana.souza187@email.com,11999990187
188,Bruno Lima,18,Jundiai,SP,NINJA 400,KAWASAKI,Esportiva,2023,35775.0,Moto Center Jundiai,Jundiai,Maria Oliveira,CANCELADA,Pix,2026-05-26,bruno.lima188@email.com,11999990188
189,Mariana Silva,42,Valinhos,SP,VERSYS 650,KAWASAKI,Trail,2024,50617.0,Moto Center Valinhos,Valinhos,Maria Oliveira,AGENDADA,Cartão,2026-11-04,mariana.silva189@email.com,11999990189
190,Amanda Rodrigues,37,Valinhos,SP,NINJA 400,KAWASAKI,Esportiva,2023,35200.0,Moto Center Valinhos,Valinhos,Pedro Souza,CONCLUIDA,Financiamento,2026-09-04,amanda.rodrigues190@email.com,11999990190
191,Thiago Alves,21,Jundiai,SP,PCX 160,HONDA,Scooter,2025,23165.0,Moto Center Jundiai,Jundiai,Pedro Souza,CONCLUIDA,Financiamento,2026-02-16,thiago.alves191@email.com,11999990191
192,Bruno Lima,71,Vinhedo,SP,MT-03,YAMAHA,Naked,2024,32054.0,Moto Center Vinhedo,Vinhedo,Maria Oliveira,AGENDADA,Pix,2026-01-14,bruno.lima192@email.com,11999990192
193,Fernanda Alves,46,Campinas,SP,VERSYS 650,KAWASAKI,Trail,2024,49155.0,Moto Center Campinas,Campinas,Pedro Souza,AGENDADA,Cartão,2026-04-01,fernanda.alves193@email.com,11999990193
194,Carolina Gomes,36,Campinas,SP,MT-07,YAMAHA,Naked,2024,47698.0,Moto Center Campinas,Campinas,Maria Oliveira,AGENDADA,Cartão,2026-04-25,carolina.gomes194@email.com,11999990194
195,Mariana Silva,31,Valinhos,SP,MT-07,YAMAHA,Naked,2024,48854.0,Moto Center Valinhos,Valinhos,Maria Oliveira,CANCELADA,Pix,2026-01-26,mariana.silva195@email.com,11999990195
196,Mariana Silva,23,Jundiai,SP,PCX 160,HONDA,Scooter,2025,24006.0,Moto Center Jundiai,Jundiai,Joao Silva,CANCELADA,Pix,2026-02-28,mariana.silva196@email.com,11999990196
197,Fernanda Alves,54,Vinhedo,SP,VERSYS 650,KAWASAKI,Trail,2024,49705.0,Moto Center Vinhedo,Vinhedo,Maria Oliveira,CONCLUIDA,Pix,2026-04-14,fernanda.alves197@email.com,11999990197
198,Mariana Silva,19,Vinhedo,SP,NINJA 400,KAWASAKI,Esportiva,2023,37546.0,Moto Center Vinhedo,Vinhedo,Joao Silva,CANCELADA,Cartão,2026-06-25,mariana.silva198@email.com,11999990198
199,Mariana Silva,67,Campinas,SP,MT-03,YAMAHA,Naked,2024,34524.0,Moto Center Campinas,Campinas,Carlos Santos,AGENDADA,Financiamento,2026-01-14,mariana.silva199@email.com,11999990199
200,Carolina Gomes,32,Campinas,SP,VERSYS 650,KAWASAKI,Trail,2024,51256.0,Moto Center Campinas,Campinas,Maria Oliveira,CANCELADA,Cartão,2026-03-16,carolina.gomes200@email.com,11999990200
201,Pedro Oliveira,46,Jundiai,SP,MT-07,YAMAHA,Naked,2024,51609.0,Moto Center Jundiai,Jundiai,Carlos Santos,AGENDADA,Pix,2026-04-16,pedro.oliveira201@email.com,11999990201
202,Carolina Gomes,54,Vinhedo,SP,CB 500F,HONDA,Naked,2024,44788.0,Moto Center Vinhedo,Vinhedo,Maria Oliveira,AGENDADA,Cartão,2026-12-10,carolina.gomes202@email.com,11999990202
203,Mariana Silva,57,Valinhos,SP,CB 500F,HONDA,Naked,2024,44774.0,Moto Center Valinhos,Valinhos,Joao Silva,AGENDADA,Cartão,2026-06-09,mariana.silva203@email.com,11999990203
204,Fernanda Alves,74,Campinas,SP,PCX 160,HONDA,Scooter,2025,22147.0,Moto Center Campinas,Campinas,Joao Silva,CONCLUIDA,Financiamento,2026-10-27,fernanda.alves204@email.com,11999990204
205,Marcos Pereira,74,Valinhos,SP,NINJA 400,KAWASAKI,Esportiva,2023,38819.0,Moto Center Valinhos,Valinhos,Pedro Souza,CONCLUIDA,Financiamento,2026-10-14,marcos.pereira205@email.com,11999990205
206,Marcos Pereira,39,Jundiai,SP,PCX 160,HONDA,Scooter,2025,23196.0,Moto Center Jundiai,Jundiai,Maria Oliveira,CONCLUIDA,Cartão,2026-06-26,marcos.pereira206@email.com,11999990206
207,Mariana Silva,48,Jundiai,SP,MT-03,YAMAHA,Naked,2024,30770.0,Moto Center Jundiai,Jundiai,Pedro Souza,CONCLUIDA,Cartão,2026-09-20,mariana.silva207@email.com,11999990207
208,Mariana Silva,37,Valinhos,SP,CB 650R,HONDA,Naked,2024,50926.0,Moto Center Valinhos,Valinhos,Joao Silva,AGENDADA,Financiamento,2026-01-15,mariana.silva208@email.com,11999990208
209,Mariana Silva,68,Vinhedo,SP,MT-07,YAMAHA,Naked,2024,48925.0,Moto Center Vinhedo,Vinhedo,Maria Oliveira,AGENDADA,Pix,2026-10-26,mariana.silva209@email.com,11999990209
210,Thiago Alves,51,Jundiai,SP,PCX 160,HONDA,Scooter,2025,19934.0,Moto Center Jundiai,Jundiai,Joao Silva,CONCLUIDA,Cartão,2026-10-24,thiago.alves210@email.com,11999990210
211,Marcos Pereira,24,Vinhedo,SP,NINJA 400,KAWASAKI,Esportiva,2023,35806.0,Moto Center Vinhedo,Vinhedo,Joao Silva,CANCELADA,Pix,2026-09-01,marcos.pereira211@email.com,11999990211
212,Amanda Rodrigues,65,Vinhedo,SP,CB 650R,HONDA,Naked,2024,53993.0,Moto Center Vinhedo,Vinhedo,Joao Silva,AGENDADA,Cartão,2026-10-18,amanda.rodrigues212@email.com,11999990212
213,Lucas Ferreira,46,Jundiai,SP,MT-03,YAMAHA,Naked,2024,31226.0,Moto Center Jundiai,Jundiai,Pedro Souza,AGENDADA,Cartão,2026-01-22,lucas.ferreira213@email.com,11999990213
214,Carolina Gomes,44,Valinhos,SP,CB 500F,HONDA,Naked,2024,42837.0,Moto Center Valinhos,Valinhos,Maria Oliveira,CANCELADA,Pix,2026-10-06,carolina.gomes214@email.com,11999990214
215,Fernanda Alves,46,Campinas,SP,VERSYS 650,KAWASAKI,Trail,2024,48863.0,Moto Center Campinas,Campinas,Maria Oliveira,CONCLUIDA,Pix,2026-12-14,fernanda.alves215@email.com,11999990215
216,Joao Santos,67,Jundiai,SP,CB 500F,HONDA,Naked,2024,40716.0,Moto Center Jundiai,Jundiai,Pedro Souza,CONCLUIDA,Financiamento,2026-05-25,joão.santos216@email.com,11999990216
217,Amanda Rodrigues,38,Campinas,SP,CB 650R,HONDA,Naked,2024,53086.0,Moto Center Campinas,Campinas,Joao Silva,CONCLUIDA,Cartão,2026-08-26,amanda.rodrigues217@email.com,11999990217
218,Fernanda Alves,36,Vinhedo,SP,NINJA 400,KAWASAKI,Esportiva,2023,35122.0,Moto Center Vinhedo,Vinhedo,Carlos Santos,AGENDADA,Cartão,2026-03-27,fernanda.alves218@email.com,11999990218
219,Carlos Mendes,69,Valinhos,SP,CB 500F,HONDA,Naked,2024,44554.0,Moto Center Valinhos,Valinhos,Maria Oliveira,CANCELADA,Cartão,2026-10-11,carlos.mendes219@email.com,11999990219
220,Thiago Alves,71,Vinhedo,SP,CB 650R,HONDA,Naked,2024,51703.0,Moto Center Vinhedo,Vinhedo,Maria Oliveira,CONCLUIDA,Financiamento,2026-11-26,thiago.alves220@email.com,11999990220
221,Fernanda Alves,40,Valinhos,SP,MT-03,YAMAHA,Naked,2024,34867.0,Moto Center Valinhos,Valinhos,Joao Silva,AGENDADA,Cartão,2026-09-01,fernanda.alves221@email.com,11999990221
222,Thiago Alves,59,Vinhedo,SP,VERSYS 650,KAWASAKI,Trail,2024,47594.0,Moto Center Vinhedo,Vinhedo,Pedro Souza,CANCELADA,Pix,2026-02-04,thiago.alves222@email.com,11999990222
223,Marcos Pereira,46,Valinhos,SP,CB 500F,HONDA,Naked,2024,39772.0,Moto Center Valinhos,Valinhos,Maria Oliveira,CANCELADA,Financiamento,2026-02-12,marcos.pereira223@email.com,11999990223
224,Mariana Silva,71,Campinas,SP,PCX 160,HONDA,Scooter,2025,20106.0,Moto Center Campinas,Campinas,Joao Silva,CANCELADA,Financiamento,2026-01-08,mariana.silva224@email.com,11999990224
225,Thiago Alves,52,Campinas,SP,MT-03,YAMAHA,Naked,2024,30297.0,Moto Center Campinas,Campinas,Carlos Santos,CONCLUIDA,Pix,2026-01-18,thiago.alves225@email.com,11999990225
226,Lucas Ferreira,33,Jundiai,SP,CB 500F,HONDA,Naked,2024,44077.0,Moto Center Jundiai,Jundiai,Joao Silva,CANCELADA,Financiamento,2026-09-19,lucas.ferreira226@email.com,11999990226
227,Carolina Gomes,57,Vinhedo,SP,MT-03,YAMAHA,Naked,2024,32171.0,Moto Center Vinhedo,Vinhedo,Pedro Souza,CONCLUIDA,Cartão,2026-08-10,carolina.gomes227@email.com,11999990227
228,Mariana Silva,67,Campinas,SP,CB 500F,HONDA,Naked,2024,45073.0,Moto Center Campinas,Campinas,Carlos Santos,CANCELADA,Financiamento,2026-04-08,mariana.silva228@email.com,11999990228
229,Juliana Costa,37,Campinas,SP,CB 650R,HONDA,Naked,2024,53733.0,Moto Center Campinas,Campinas,Maria Oliveira,CANCELADA,Pix,2026-02-25,juliana.costa229@email.com,11999990229
230,Marcos Pereira,55,Campinas,SP,MT-07,YAMAHA,Naked,2024,52018.0,Moto Center Campinas,Campinas,Carlos Santos,CONCLUIDA,Cartão,2026-10-14,marcos.pereira230@email.com,11999990230
231,Thiago Alves,24,Vinhedo,SP,VERSYS 650,KAWASAKI,Trail,2024,48257.0,Moto Center Vinhedo,Vinhedo,Maria Oliveira,CONCLUIDA,Pix,2026-07-09,thiago.alves231@email.com,11999990231
232,Mariana Silva,33,Vinhedo,SP,CB 500F,HONDA,Naked,2024,43941.0,Moto Center Vinhedo,Vinhedo,Joao Silva,CONCLUIDA,Cartão,2026-05-12,mariana.silva232@email.com,11999990232
233,Pedro Oliveira,60,Valinhos,SP,VERSYS 650,KAWASAKI,Trail,2024,48221.0,Moto Center Valinhos,Valinhos,Pedro Souza,CONCLUIDA,Pix,2026-06-23,pedro.oliveira233@email.com,11999990233
234,Carlos Mendes,41,Jundiai,SP,MT-03,YAMAHA,Naked,2024,31993.0,Moto Center Jundiai,Jundiai,Maria Oliveira,CONCLUIDA,Financiamento,2026-01-14,carlos.mendes234@email.com,11999990234
235,Bruno Lima,68,Vinhedo,SP,VERSYS 650,KAWASAKI,Trail,2024,49537.0,Moto Center Vinhedo,Vinhedo,Pedro Souza,CANCELADA,Cartão,2026-11-06,bruno.lima235@email.com,11999990235
236,Carlos Mendes,40,Valinhos,SP,CB 650R,HONDA,Naked,2024,54353.0,Moto Center Valinhos,Valinhos,Maria Oliveira,CANCELADA,Pix,2026-06-07,carlos.mendes236@email.com,11999990236
237,Diego Martins,46,Campinas,SP,CB 500F,HONDA,Naked,2024,40705.0,Moto Center Campinas,Campinas,Maria Oliveira,CONCLUIDA,Cartão,2026-03-21,diego.martins237@email.com,11999990237
238,Thiago Alves,71,Vinhedo,SP,VERSYS 650,KAWASAKI,Trail,2024,47040.0,Moto Center Vinhedo,Vinhedo,Pedro Souza,AGENDADA,Pix,2026-01-18,thiago.alves238@email.com,11999990238
239,Fernanda Alves,58,Campinas,SP,MT-07,YAMAHA,Naked,2024,49229.0,Moto Center Campinas,Campinas,Pedro Souza,CANCELADA,Pix,2026-08-10,fernanda.alves239@email.com,11999990239
240,Renata Costa,62,Campinas,SP,MT-07,YAMAHA,Naked,2024,47509.0,Moto Center Campinas,Campinas,Maria Oliveira,CONCLUIDA,Financiamento,2026-11-23,renata.costa240@email.com,11999990240
241,Carlos Mendes,40,Valinhos,SP,MT-07,YAMAHA,Naked,2024,49523.0,Moto Center Valinhos,Valinhos,Pedro Souza,CANCELADA,Cartão,2026-05-01,carlos.mendes241@email.com,11999990241
242,Fernanda Alves,73,Jundiai,SP,NINJA 400,KAWASAKI,Esportiva,2023,37765.0,Moto Center Jundiai,Jundiai,Pedro Souza,AGENDADA,Pix,2026-07-02,fernanda.alves242@email.com,11999990242
243,Joao Santos,21,Jundiai,SP,CB 650R,HONDA,Naked,2024,55079.0,Moto Center Jundiai,Jundiai,Carlos Santos,CONCLUIDA,Cartão,2026-05-01,joão.santos243@email.com,11999990243
244,Renata Costa,40,Campinas,SP,PCX 160,HONDA,Scooter,2025,20717.0,Moto Center Campinas,Campinas,Carlos Santos,CONCLUIDA,Financiamento,2026-04-08,renata.costa244@email.com,11999990244
245,Renata Costa,27,Jundiai,SP,MT-03,YAMAHA,Naked,2024,32042.0,Moto Center Jundiai,Jundiai,Pedro Souza,CONCLUIDA,Financiamento,2026-10-03,renata.costa245@email.com,11999990245
246,Ana Souza,27,Vinhedo,SP,MT-03,YAMAHA,Naked,2024,34538.0,Moto Center Vinhedo,Vinhedo,Maria Oliveira,AGENDADA,Cartão,2026-12-15,ana.souza246@email.com,11999990246
247,Lucas Ferreira,70,Vinhedo,SP,VERSYS 650,KAWASAKI,Trail,2024,52653.0,Moto Center Vinhedo,Vinhedo,Joao Silva,CONCLUIDA,Pix,2026-10-06,lucas.ferreira247@email.com,11999990247
248,Juliana Costa,50,Valinhos,SP,PCX 160,HONDA,Scooter,2025,18703.0,Moto Center Valinhos,Valinhos,Joao Silva,AGENDADA,Cartão,2026-12-22,juliana.costa248@email.com,11999990248
249,Mariana Silva,64,Campinas,SP,CB 650R,HONDA,Naked,2024,54115.0,Moto Center Campinas,Campinas,Pedro Souza,AGENDADA,Financiamento,2026-07-12,mariana.silva249@email.com,11999990249
250,Carolina Gomes,36,Vinhedo,SP,NINJA 400,KAWASAKI,Esportiva,2023,38116.0,Moto Center Vinhedo,Vinhedo,Joao Silva,CONCLUIDA,Cartão,2026-04-18,carolina.gomes250@email.com,11999990250
251,Carlos Mendes,48,Jundiai,SP,CB 650R,HONDA,Naked,2024,53652.0,Moto Center Jundiai,Jundiai,Joao Silva,CANCELADA,Cartão,2026-01-09,carlos.mendes251@email.com,11999990251
252,Carlos Mendes,40,Jundiai,SP,NINJA 400,KAWASAKI,Esportiva,2023,34436.0,Moto Center Jundiai,Jundiai,Pedro Souza,CANCELADA,Cartão,2026-07-25,carlos.mendes252@email.com,11999990252
253,Juliana Costa,54,Valinhos,SP,NINJA 400,KAWASAKI,Esportiva,2023,33874.0,Moto Center Valinhos,Valinhos,Carlos Santos,AGENDADA,Cartão,2026-06-18,juliana.costa253@email.com,11999990253
254,Pedro Oliveira,22,Vinhedo,SP,CB 500F,HONDA,Naked,2024,43784.0,Moto Center Vinhedo,Vinhedo,Maria Oliveira,CANCELADA,Pix,2026-04-17,pedro.oliveira254@email.com,11999990254
255,Carolina Gomes,71,Campinas,SP,PCX 160,HONDA,Scooter,2025,23609.0,Moto Center Campinas,Campinas,Joao Silva,AGENDADA,Pix,2026-02-02,carolina.gomes255@email.com,11999990255
256,Amanda Rodrigues,64,Jundiai,SP,NINJA 400,KAWASAKI,Esportiva,2023,37818.0,Moto Center Jundiai,Jundiai,Pedro Souza,AGENDADA,Financiamento,2026-12-25,amanda.rodrigues256@email.com,11999990256
257,Amanda Rodrigues,22,Valinhos,SP,CB 500F,HONDA,Naked,2024,43376.0,Moto Center Valinhos,Valinhos,Carlos Santos,CONCLUIDA,Cartão,2026-01-19,amanda.rodrigues257@email.com,11999990257
258,Fernanda Alves,71,Campinas,SP,VERSYS 650,KAWASAKI,Trail,2024,49592.0,Moto Center Campinas,Campinas,Carlos Santos,CANCELADA,Cartão,2026-01-26,fernanda.alves258@email.com,11999990258
259,Bruno Lima,70,Jundiai,SP,CB 500F,HONDA,Naked,2024,42072.0,Moto Center Jundiai,Jundiai,Maria Oliveira,CANCELADA,Cartão,2026-06-09,bruno.lima259@email.com,11999990259
260,Joao Santos,49,Valinhos,SP,CB 500F,HONDA,Naked,2024,44538.0,Moto Center Valinhos,Valinhos,Maria Oliveira,AGENDADA,Financiamento,2026-02-16,joão.santos260@email.com,11999990260
261,Fernanda Alves,33,Vinhedo,SP,MT-03,YAMAHA,Naked,2024,34155.0,Moto Center Vinhedo,Vinhedo,Carlos Santos,CANCELADA,Pix,2026-01-11,fernanda.alves261@email.com,11999990261
262,Marcos Pereira,46,Vinhedo,SP,CB 650R,HONDA,Naked,2024,51060.0,Moto Center Vinhedo,Vinhedo,Carlos Santos,CANCELADA,Pix,2026-06-04,marcos.pereira262@email.com,11999990262
263,Bruno Lima,65,Vinhedo,SP,MT-03,YAMAHA,Naked,2024,34873.0,Moto Center Vinhedo,Vinhedo,Pedro Souza,CONCLUIDA,Cartão,2026-02-10,bruno.lima263@email.com,11999990263
264,Lucas Ferreira,35,Jundiai,SP,PCX 160,HONDA,Scooter,2025,24124.0,Moto Center Jundiai,Jundiai,Carlos Santos,CONCLUIDA,Financiamento,2026-06-06,lucas.ferreira264@email.com,11999990264
265,Amanda Rodrigues,40,Jundiai,SP,CB 500F,HONDA,Naked,2024,44847.0,Moto Center Jundiai,Jundiai,Maria Oliveira,AGENDADA,Pix,2026-03-06,amanda.rodrigues265@email.com,11999990265
266,Thiago Alves,25,Valinhos,SP,MT-07,YAMAHA,Naked,2024,49856.0,Moto Center Valinhos,Valinhos,Joao Silva,CONCLUIDA,Pix,2026-10-24,thiago.alves266@email.com,11999990266
267,Juliana Costa,25,Jundiai,SP,PCX 160,HONDA,Scooter,2025,22745.0,Moto Center Jundiai,Jundiai,Joao Silva,CANCELADA,Cartão,2026-06-26,juliana.costa267@email.com,11999990267
268,Ana Souza,72,Jundiai,SP,NINJA 400,KAWASAKI,Esportiva,2023,38716.0,Moto Center Jundiai,Jundiai,Carlos Santos,CANCELADA,Cartão,2026-11-11,ana.souza268@email.com,11999990268
269,Pedro Oliveira,66,Valinhos,SP,VERSYS 650,KAWASAKI,Trail,2024,50205.0,Moto Center Valinhos,Valinhos,Pedro Souza,CANCELADA,Cartão,2026-01-05,pedro.oliveira269@email.com,11999990269
270,Diego Martins,28,Valinhos,SP,MT-07,YAMAHA,Naked,2024,49928.0,Moto Center Valinhos,Valinhos,Joao Silva,CANCELADA,Pix,2026-04-12,diego.martins270@email.com,11999990270
271,Lucas Ferreira,61,Jundiai,SP,VERSYS 650,KAWASAKI,Trail,2024,48460.0,Moto Center Jundiai,Jundiai,Joao Silva,CANCELADA,Pix,2026-12-05,lucas.ferreira271@email.com,11999990271
272,Fernanda Alves,62,Valinhos,SP,PCX 160,HONDA,Scooter,2025,20630.0,Moto Center Valinhos,Valinhos,Maria Oliveira,CONCLUIDA,Financiamento,2026-04-21,fernanda.alves272@email.com,11999990272
273,Pedro Oliveira,71,Campinas,SP,MT-07,YAMAHA,Naked,2024,49155.0,Moto Center Campinas,Campinas,Maria Oliveira,CANCELADA,Pix,2026-06-05,pedro.oliveira273@email.com,11999990273
274,Juliana Costa,43,Vinhedo,SP,NINJA 400,KAWASAKI,Esportiva,2023,34705.0,Moto Center Vinhedo,Vinhedo,Carlos Santos,CONCLUIDA,Pix,2026-05-04,juliana.costa274@email.com,11999990274
275,Pedro Oliveira,21,Campinas,SP,MT-03,YAMAHA,Naked,2024,30224.0,Moto Center Campinas,Campinas,Carlos Santos,CONCLUIDA,Pix,2026-06-13,pedro.oliveira275@email.com,11999990275
276,Carlos Mendes,54,Vinhedo,SP,CB 650R,HONDA,Naked,2024,55136.0,Moto Center Vinhedo,Vinhedo,Joao Silva,CONCLUIDA,Cartão,2026-09-24,carlos.mendes276@email.com,11999990276
277,Marcos Pereira,37,Valinhos,SP,CB 650R,HONDA,Naked,2024,50587.0,Moto Center Valinhos,Valinhos,Pedro Souza,AGENDADA,Pix,2026-04-27,marcos.pereira277@email.com,11999990277
278,Lucas Ferreira,51,Campinas,SP,NINJA 400,KAWASAKI,Esportiva,2023,37122.0,Moto Center Campinas,Campinas,Joao Silva,CANCELADA,Pix,2026-12-22,lucas.ferreira278@email.com,11999990278
279,Carolina Gomes,51,Valinhos,SP,CB 650R,HONDA,Naked,2024,51406.0,Moto Center Valinhos,Valinhos,Carlos Santos,AGENDADA,Financiamento,2026-01-01,carolina.gomes279@email.com,11999990279
280,Renata Costa,43,Campinas,SP,MT-07,YAMAHA,Naked,2024,48052.0,Moto Center Campinas,Campinas,Maria Oliveira,CANCELADA,Pix,2026-10-26,renata.costa280@email.com,11999990280
281,Bruno Lima,23,Valinhos,SP,CB 500F,HONDA,Naked,2024,39545.0,Moto Center Valinhos,Valinhos,Carlos Santos,AGENDADA,Financiamento,2026-05-25,bruno.lima281@email.com,11999990281
282,Fernanda Alves,45,Vinhedo,SP,MT-07,YAMAHA,Naked,2024,47279.0,Moto Center Vinhedo,Vinhedo,Maria Oliveira,CANCELADA,Pix,2026-04-15,fernanda.alves282@email.com,11999990282
283,Lucas Ferreira,69,Vinhedo,SP,CB 500F,HONDA,Naked,2024,45262.0,Moto Center Vinhedo,Vinhedo,Pedro Souza,AGENDADA,Cartão,2026-12-16,lucas.ferreira283@email.com,11999990283
284,Carlos Mendes,73,Valinhos,SP,CB 650R,HONDA,Naked,2024,53911.0,Moto Center Valinhos,Valinhos,Joao Silva,CANCELADA,Financiamento,2026-09-14,carlos.mendes284@email.com,11999990284
285,Joao Santos,33,Campinas,SP,VERSYS 650,KAWASAKI,Trail,2024,49364.0,Moto Center Campinas,Campinas,Maria Oliveira,CONCLUIDA,Cartão,2026-02-28,joão.santos285@email.com,11999990285
286,Ana Souza,33,Jundiai,SP,PCX 160,HONDA,Scooter,2025,20268.0,Moto Center Jundiai,Jundiai,Carlos Santos,CANCELADA,Financiamento,2026-09-09,ana.souza286@email.com,11999990286
287,Carolina Gomes,22,Jundiai,SP,NINJA 400,KAWASAKI,Esportiva,2023,37320.0,Moto Center Jundiai,Jundiai,Maria Oliveira,CANCELADA,Financiamento,2026-06-13,carolina.gomes287@email.com,11999990287
288,Carlos Mendes,53,Campinas,SP,VERSYS 650,KAWASAKI,Trail,2024,51392.0,Moto Center Campinas,Campinas,Carlos Santos,AGENDADA,Financiamento,2026-01-16,carlos.mendes288@email.com,11999990288
289,Lucas Ferreira,25,Campinas,SP,MT-07,YAMAHA,Naked,2024,47026.0,Moto Center Campinas,Campinas,Carlos Santos,CONCLUIDA,Cartão,2026-10-07,lucas.ferreira289@email.com,11999990289
290,Bruno Lima,57,Vinhedo,SP,MT-03,YAMAHA,Naked,2024,34070.0,Moto Center Vinhedo,Vinhedo,Joao Silva,CANCELADA,Financiamento,2026-06-03,bruno.lima290@email.com,11999990290
291,Pedro Oliveira,40,Valinhos,SP,CB 650R,HONDA,Naked,2024,55011.0,Moto Center Valinhos,Valinhos,Carlos Santos,AGENDADA,Cartão,2026-12-16,pedro.oliveira291@email.com,11999990291
292,Lucas Ferreira,43,Valinhos,SP,NINJA 400,KAWASAKI,Esportiva,2023,33755.0,Moto Center Valinhos,Valinhos,Maria Oliveira,CONCLUIDA,Cartão,2026-02-23,lucas.ferreira292@email.com,11999990292
293,Bruno Lima,65,Jundiai,SP,CB 650R,HONDA,Naked,2024,51778.0,Moto Center Jundiai,Jundiai,Maria Oliveira,CANCELADA,Cartão,2026-06-01,bruno.lima293@email.com,11999990293
294,Marcos Pereira,40,Campinas,SP,VERSYS 650,KAWASAKI,Trail,2024,51812.0,Moto Center Campinas,Campinas,Joao Silva,CONCLUIDA,Financiamento,2026-09-17,marcos.pereira294@email.com,11999990294
295,Joao Santos,51,Campinas,SP,VERSYS 650,KAWASAKI,Trail,2024,50479.0,Moto Center Campinas,Campinas,Maria Oliveira,CONCLUIDA,Cartão,2026-07-24,joão.santos295@email.com,11999990295
296,Joao Santos,43,Jundiai,SP,CB 500F,HONDA,Naked,2024,42097.0,Moto Center Jundiai,Jundiai,Pedro Souza,CANCELADA,Cartão,2026-11-11,joão.santos296@email.com,11999990296
297,Renata Costa,36,Campinas,SP,MT-03,YAMAHA,Naked,2024,33281.0,Moto Center Campinas,Campinas,Pedro Souza,CONCLUIDA,Cartão,2026-01-12,renata.costa297@email.com,11999990297
298,Ana Souza,68,Campinas,SP,CB 500F,HONDA,Naked,2024,40373.0,Moto Center Campinas,Campinas,Pedro Souza,AGENDADA,Cartão,2026-06-04,ana.souza298@email.com,11999990298
299,Amanda Rodrigues,52,Vinhedo,SP,NINJA 400,KAWASAKI,Esportiva,2023,36097.0,Moto Center Vinhedo,Vinhedo,Pedro Souza,CONCLUIDA,Financiamento,2026-10-17,amanda.rodrigues299@email.com,11999990299
300,Renata Costa,21,Vinhedo,SP,CB 500F,HONDA,Naked,2024,39518.0,Moto Center Vinhedo,Vinhedo,Joao Silva,CONCLUIDA,Financiamento,2026-05-07,renata.costa300@email.com,11999990300
301,Carolina Gomes,46,Campinas,SP,MT-07,YAMAHA,Naked,2024,49427.0,Moto Center Campinas,Campinas,Maria Oliveira,CONCLUIDA,Financiamento,2026-06-05,carolina.gomes301@email.com,11999990301
302,Diego Martins,32,Jundiai,SP,MT-07,YAMAHA,Naked,2024,47861.0,Moto Center Jundiai,Jundiai,Maria Oliveira,CANCELADA,Pix,2026-08-11,diego.martins302@email.com,11999990302
303,Thiago Alves,59,Vinhedo,SP,MT-07,YAMAHA,Naked,2024,48622.0,Moto Center Vinhedo,Vinhedo,Joao Silva,CONCLUIDA,Pix,2026-07-19,thiago.alves303@email.com,11999990303
304,Diego Martins,75,Jundiai,SP,MT-03,YAMAHA,Naked,2024,30335.0,Moto Center Jundiai,Jundiai,Carlos Santos,CANCELADA,Financiamento,2026-06-04,diego.martins304@email.com,11999990304
305,Thiago Alves,35,Valinhos,SP,VERSYS 650,KAWASAKI,Trail,2024,51711.0,Moto Center Valinhos,Valinhos,Maria Oliveira,CONCLUIDA,Pix,2026-05-09,thiago.alves305@email.com,11999990305
306,Amanda Rodrigues,58,Valinhos,SP,MT-03,YAMAHA,Naked,2024,30019.0,Moto Center Valinhos,Valinhos,Carlos Santos,AGENDADA,Pix,2026-02-17,amanda.rodrigues306@email.com,11999990306
307,Pedro Oliveira,41,Campinas,SP,MT-03,YAMAHA,Naked,2024,29744.0,Moto Center Campinas,Campinas,Carlos Santos,CANCELADA,Financiamento,2026-05-15,pedro.oliveira307@email.com,11999990307
308,Bruno Lima,22,Jundiai,SP,PCX 160,HONDA,Scooter,2025,22135.0,Moto Center Jundiai,Jundiai,Carlos Santos,AGENDADA,Cartão,2026-09-05,bruno.lima308@email.com,11999990308
309,Marcos Pereira,49,Vinhedo,SP,MT-03,YAMAHA,Naked,2024,32968.0,Moto Center Vinhedo,Vinhedo,Maria Oliveira,CANCELADA,Pix,2026-04-23,marcos.pereira309@email.com,11999990309
310,Lucas Ferreira,55,Valinhos,SP,NINJA 400,KAWASAKI,Esportiva,2023,33677.0,Moto Center Valinhos,Valinhos,Carlos Santos,AGENDADA,Financiamento,2026-06-22,lucas.ferreira310@email.com,11999990310
311,Joao Santos,24,Valinhos,SP,VERSYS 650,KAWASAKI,Trail,2024,49419.0,Moto Center Valinhos,Valinhos,Joao Silva,AGENDADA,Pix,2026-12-21,joão.santos311@email.com,11999990311
312,Carolina Gomes,65,Campinas,SP,MT-07,YAMAHA,Naked,2024,52784.0,Moto Center Campinas,Campinas,Maria Oliveira,CONCLUIDA,Cartão,2026-04-15,carolina.gomes312@email.com,11999990312
313,Juliana Costa,53,Valinhos,SP,NINJA 400,KAWASAKI,Esportiva,2023,33459.0,Moto Center Valinhos,Valinhos,Carlos Santos,CONCLUIDA,Financiamento,2026-11-27,juliana.costa313@email.com,11999990313
314,Joao Santos,20,Valinhos,SP,VERSYS 650,KAWASAKI,Trail,2024,51679.0,Moto Center Valinhos,Valinhos,Pedro Souza,CANCELADA,Cartão,2026-03-13,joão.santos314@email.com,11999990314
315,Carlos Mendes,63,Vinhedo,SP,PCX 160,HONDA,Scooter,2025,19687.0,Moto Center Vinhedo,Vinhedo,Pedro Souza,CONCLUIDA,Pix,2026-05-17,carlos.mendes315@email.com,11999990315
316,Joao Santos,51,Jundiai,SP,NINJA 400,KAWASAKI,Esportiva,2023,38062.0,Moto Center Jundiai,Jundiai,Pedro Souza,CANCELADA,Financiamento,2026-03-17,joão.santos316@email.com,11999990316
317,Juliana Costa,74,Vinhedo,SP,CB 500F,HONDA,Naked,2024,40115.0,Moto Center Vinhedo,Vinhedo,Maria Oliveira,AGENDADA,Pix,2026-10-14,juliana.costa317@email.com,11999990317
318,Fernanda Alves,70,Vinhedo,SP,NINJA 400,KAWASAKI,Esportiva,2023,37268.0,Moto Center Vinhedo,Vinhedo,Maria Oliveira,CONCLUIDA,Pix,2026-02-08,fernanda.alves318@email.com,11999990318
319,Carlos Mendes,49,Vinhedo,SP,CB 500F,HONDA,Naked,2024,43626.0,Moto Center Vinhedo,Vinhedo,Joao Silva,CONCLUIDA,Financiamento,2026-05-25,carlos.mendes319@email.com,11999990319
320,Lucas Ferreira,36,Vinhedo,SP,CB 500F,HONDA,Naked,2024,43306.0,Moto Center Vinhedo,Vinhedo,Maria Oliveira,CANCELADA,Pix,2026-07-02,lucas.ferreira320@email.com,11999990320
321,Bruno Lima,62,Vinhedo,SP,CB 650R,HONDA,Naked,2024,50329.0,Moto Center Vinhedo,Vinhedo,Joao Silva,CANCELADA,Pix,2026-11-27,bruno.lima321@email.com,11999990321
322,Carolina Gomes,50,Valinhos,SP,PCX 160,HONDA,Scooter,2025,24032.0,Moto Center Valinhos,Valinhos,Joao Silva,CONCLUIDA,Cartão,2026-02-09,carolina.gomes322@email.com,11999990322
323,Joao Santos,53,Vinhedo,SP,MT-07,YAMAHA,Naked,2024,51397.0,Moto Center Vinhedo,Vinhedo,Joao Silva,AGENDADA,Financiamento,2026-05-15,joão.santos323@email.com,11999990323
324,Fernanda Alves,66,Vinhedo,SP,PCX 160,HONDA,Scooter,2025,23768.0,Moto Center Vinhedo,Vinhedo,Pedro Souza,CANCELADA,Pix,2026-02-12,fernanda.alves324@email.com,11999990324
325,Bruno Lima,67,Campinas,SP,PCX 160,HONDA,Scooter,2025,18842.0,Moto Center Campinas,Campinas,Joao Silva,CONCLUIDA,Pix,2026-07-01,bruno.lima325@email.com,11999990325
326,Joao Santos,58,Jundiai,SP,CB 500F,HONDA,Naked,2024,42664.0,Moto Center Jundiai,Jundiai,Carlos Santos,CONCLUIDA,Financiamento,2026-01-11,joão.santos326@email.com,11999990326
327,Diego Martins,49,Jundiai,SP,MT-03,YAMAHA,Naked,2024,35478.0,Moto Center Jundiai,Jundiai,Joao Silva,AGENDADA,Financiamento,2026-11-08,diego.martins327@email.com,11999990327
328,Joao Santos,50,Valinhos,SP,MT-07,YAMAHA,Naked,2024,50619.0,Moto Center Valinhos,Valinhos,Maria Oliveira,CANCELADA,Cartão,2026-06-15,joão.santos328@email.com,11999990328
329,Joao Santos,62,Jundiai,SP,PCX 160,HONDA,Scooter,2025,21455.0,Moto Center Jundiai,Jundiai,Carlos Santos,AGENDADA,Pix,2026-08-03,joão.santos329@email.com,11999990329
330,Pedro Oliveira,30,Jundiai,SP,MT-07,YAMAHA,Naked,2024,47500.0,Moto Center Jundiai,Jundiai,Pedro Souza,CONCLUIDA,Pix,2026-07-08,pedro.oliveira330@email.com,11999990330
331,Thiago Alves,65,Campinas,SP,VERSYS 650,KAWASAKI,Trail,2024,49333.0,Moto Center Campinas,Campinas,Joao Silva,CONCLUIDA,Pix,2026-12-04,thiago.alves331@email.com,11999990331
332,Renata Costa,46,Vinhedo,SP,VERSYS 650,KAWASAKI,Trail,2024,51880.0,Moto Center Vinhedo,Vinhedo,Pedro Souza,CONCLUIDA,Financiamento,2026-03-23,renata.costa332@email.com,11999990332
333,Fernanda Alves,67,Valinhos,SP,MT-03,YAMAHA,Naked,2024,30834.0,Moto Center Valinhos,Valinhos,Carlos Santos,CONCLUIDA,Cartão,2026-05-13,fernanda.alves333@email.com,11999990333
334,Amanda Rodrigues,18,Jundiai,SP,PCX 160,HONDA,Scooter,2025,22685.0,Moto Center Jundiai,Jundiai,Maria Oliveira,CONCLUIDA,Financiamento,2026-12-02,amanda.rodrigues334@email.com,11999990334
335,Joao Santos,73,Jundiai,SP,NINJA 400,KAWASAKI,Esportiva,2023,35216.0,Moto Center Jundiai,Jundiai,Maria Oliveira,CANCELADA,Pix,2026-11-19,joão.santos335@email.com,11999990335
336,Joao Santos,70,Campinas,SP,NINJA 400,KAWASAKI,Esportiva,2023,36126.0,Moto Center Campinas,Campinas,Maria Oliveira,CONCLUIDA,Pix,2026-02-20,joão.santos336@email.com,11999990336
337,Juliana Costa,43,Valinhos,SP,MT-03,YAMAHA,Naked,2024,33295.0,Moto Center Valinhos,Valinhos,Maria Oliveira,CANCELADA,Financiamento,2026-12-16,juliana.costa337@email.com,11999990337
338,Fernanda Alves,43,Valinhos,SP,CB 650R,HONDA,Naked,2024,50000.0,Moto Center Valinhos,Valinhos,Maria Oliveira,AGENDADA,Financiamento,2026-08-11,fernanda.alves338@email.com,11999990338
339,Fernanda Alves,46,Valinhos,SP,MT-07,YAMAHA,Naked,2024,52844.0,Moto Center Valinhos,Valinhos,Maria Oliveira,CANCELADA,Pix,2026-03-11,fernanda.alves339@email.com,11999990339
340,Pedro Oliveira,40,Valinhos,SP,CB 500F,HONDA,Naked,2024,43644.0,Moto Center Valinhos,Valinhos,Pedro Souza,AGENDADA,Cartão,2026-06-02,pedro.oliveira340@email.com,11999990340
341,Fernanda Alves,35,Vinhedo,SP,MT-07,YAMAHA,Naked,2024,48355.0,Moto Center Vinhedo,Vinhedo,Pedro Souza,CANCELADA,Financiamento,2026-09-08,fernanda.alves341@email.com,11999990341
342,Pedro Oliveira,33,Jundiai,SP,MT-07,YAMAHA,Naked,2024,51509.0,Moto Center Jundiai,Jundiai,Maria Oliveira,CANCELADA,Pix,2026-05-19,pedro.oliveira342@email.com,11999990342
343,Marcos Pereira,25,Valinhos,SP,MT-03,YAMAHA,Naked,2024,29772.0,Moto Center Valinhos,Valinhos,Maria Oliveira,CONCLUIDA,Cartão,2026-11-23,marcos.pereira343@email.com,11999990343
344,Marcos Pereira,52,Campinas,SP,VERSYS 650,KAWASAKI,Trail,2024,51651.0,Moto Center Campinas,Campinas,Pedro Souza,CANCELADA,Cartão,2026-11-20,marcos.pereira344@email.com,11999990344
345,Joao Santos,49,Campinas,SP,MT-03,YAMAHA,Naked,2024,33266.0,Moto Center Campinas,Campinas,Pedro Souza,AGENDADA,Financiamento,2026-10-20,joão.santos345@email.com,11999990345
346,Marcos Pereira,66,Vinhedo,SP,CB 650R,HONDA,Naked,2024,54763.0,Moto Center Vinhedo,Vinhedo,Joao Silva,AGENDADA,Financiamento,2026-05-06,marcos.pereira346@email.com,11999990346
347,Marcos Pereira,64,Campinas,SP,NINJA 400,KAWASAKI,Esportiva,2023,34761.0,Moto Center Campinas,Campinas,Carlos Santos,CONCLUIDA,Financiamento,2026-12-11,marcos.pereira347@email.com,11999990347
348,Mariana Silva,54,Campinas,SP,PCX 160,HONDA,Scooter,2025,18851.0,Moto Center Campinas,Campinas,Maria Oliveira,AGENDADA,Pix,2026-02-07,mariana.silva348@email.com,11999990348
349,Lucas Ferreira,25,Vinhedo,SP,VERSYS 650,KAWASAKI,Trail,2024,48460.0,Moto Center Vinhedo,Vinhedo,Carlos Santos,AGENDADA,Financiamento,2026-01-04,lucas.ferreira349@email.com,11999990349
350,Ana Souza,60,Valinhos,SP,CB 650R,HONDA,Naked,2024,52482.0,Moto Center Valinhos,Valinhos,Joao Silva,AGENDADA,Cartão,2026-09-23,ana.souza350@email.com,11999990350
351,Fernanda Alves,28,Valinhos,SP,CB 500F,HONDA,Naked,2024,40572.0,Moto Center Valinhos,Valinhos,Pedro Souza,AGENDADA,Pix,2026-12-20,fernanda.alves351@email.com,11999990351
352,Amanda Rodrigues,52,Campinas,SP,NINJA 400,KAWASAKI,Esportiva,2023,33676.0,Moto Center Campinas,Campinas,Pedro Souza,CANCELADA,Financiamento,2026-06-04,amanda.rodrigues352@email.com,11999990352
353,Marcos Pereira,37,Campinas,SP,CB 650R,HONDA,Naked,2024,54205.0,Moto Center Campinas,Campinas,Maria Oliveira,CONCLUIDA,Financiamento,2026-09-27,marcos.pereira353@email.com,11999990353
354,Carolina Gomes,65,Valinhos,SP,MT-03,YAMAHA,Naked,2024,32604.0,Moto Center Valinhos,Valinhos,Joao Silva,AGENDADA,Pix,2026-03-09,carolina.gomes354@email.com,11999990354
355,Thiago Alves,55,Jundiai,SP,MT-07,YAMAHA,Naked,2024,47440.0,Moto Center Jundiai,Jundiai,Joao Silva,AGENDADA,Pix,2026-12-26,thiago.alves355@email.com,11999990355
356,Renata Costa,19,Valinhos,SP,CB 500F,HONDA,Naked,2024,42189.0,Moto Center Valinhos,Valinhos,Carlos Santos,CONCLUIDA,Pix,2026-04-09,renata.costa356@email.com,11999990356
357,Joao Santos,46,Campinas,SP,VERSYS 650,KAWASAKI,Trail,2024,51940.0,Moto Center Campinas,Campinas,Joao Silva,CONCLUIDA,Cartão,2026-06-23,joão.santos357@email.com,11999990357
358,Fernanda Alves,27,Campinas,SP,VERSYS 650,KAWASAKI,Trail,2024,48295.0,Moto Center Campinas,Campinas,Carlos Santos,CONCLUIDA,Cartão,2026-03-08,fernanda.alves358@email.com,11999990358
359,Renata Costa,31,Campinas,SP,CB 650R,HONDA,Naked,2024,52300.0,Moto Center Campinas,Campinas,Maria Oliveira,CANCELADA,Pix,2026-04-02,renata.costa359@email.com,11999990359
360,Joao Santos,29,Jundiai,SP,CB 500F,HONDA,Naked,2024,44071.0,Moto Center Jundiai,Jundiai,Joao Silva,CONCLUIDA,Financiamento,2026-07-24,joão.santos360@email.com,11999990360
361,Amanda Rodrigues,74,Valinhos,SP,NINJA 400,KAWASAKI,Esportiva,2023,38568.0,Moto Center Valinhos,Valinhos,Maria Oliveira,CONCLUIDA,Pix,2026-06-19,amanda.rodrigues361@email.com,11999990361
362,Mariana Silva,62,Valinhos,SP,VERSYS 650,KAWASAKI,Trail,2024,49652.0,Moto Center Valinhos,Valinhos,Pedro Souza,AGENDADA,Cartão,2026-12-12,mariana.silva362@email.com,11999990362
363,Carlos Mendes,50,Jundiai,SP,MT-03,YAMAHA,Naked,2024,34828.0,Moto Center Jundiai,Jundiai,Carlos Santos,AGENDADA,Pix,2026-12-17,carlos.mendes363@email.com,11999990363
364,Juliana Costa,36,Vinhedo,SP,NINJA 400,KAWASAKI,Esportiva,2023,37306.0,Moto Center Vinhedo,Vinhedo,Pedro Souza,AGENDADA,Cartão,2026-02-22,juliana.costa364@email.com,11999990364
365,Mariana Silva,63,Valinhos,SP,MT-03,YAMAHA,Naked,2024,33886.0,Moto Center Valinhos,Valinhos,Maria Oliveira,CONCLUIDA,Pix,2026-02-28,mariana.silva365@email.com,11999990365
366,Juliana Costa,42,Vinhedo,SP,CB 650R,HONDA,Naked,2024,55820.0,Moto Center Vinhedo,Vinhedo,Joao Silva,AGENDADA,Financiamento,2026-06-10,juliana.costa366@email.com,11999990366
367,Renata Costa,57,Campinas,SP,CB 650R,HONDA,Naked,2024,54064.0,Moto Center Campinas,Campinas,Joao Silva,CANCELADA,Cartão,2026-10-06,renata.costa367@email.com,11999990367
368,Carolina Gomes,73,Vinhedo,SP,MT-07,YAMAHA,Naked,2024,50096.0,Moto Center Vinhedo,Vinhedo,Pedro Souza,AGENDADA,Pix,2026-01-28,carolina.gomes368@email.com,11999990368
369,Renata Costa,46,Valinhos,SP,VERSYS 650,KAWASAKI,Trail,2024,49617.0,Moto Center Valinhos,Valinhos,Carlos Santos,CONCLUIDA,Financiamento,2026-07-11,renata.costa369@email.com,11999990369
370,Fernanda Alves,33,Vinhedo,SP,PCX 160,HONDA,Scooter,2025,24057.0,Moto Center Vinhedo,Vinhedo,Maria Oliveira,AGENDADA,Pix,2026-12-07,fernanda.alves370@email.com,11999990370
371,Amanda Rodrigues,21,Vinhedo,SP,CB 500F,HONDA,Naked,2024,42268.0,Moto Center Vinhedo,Vinhedo,Carlos Santos,CONCLUIDA,Pix,2026-08-10,amanda.rodrigues371@email.com,11999990371
372,Joao Santos,67,Vinhedo,SP,MT-03,YAMAHA,Naked,2024,35332.0,Moto Center Vinhedo,Vinhedo,Maria Oliveira,CANCELADA,Financiamento,2026-04-05,joão.santos372@email.com,11999990372
373,Carlos Mendes,43,Campinas,SP,CB 500F,HONDA,Naked,2024,42267.0,Moto Center Campinas,Campinas,Joao Silva,CANCELADA,Financiamento,2026-02-14,carlos.mendes373@email.com,11999990373
374,Juliana Costa,36,Campinas,SP,MT-03,YAMAHA,Naked,2024,35267.0,Moto Center Campinas,Campinas,Joao Silva,AGENDADA,Pix,2026-11-22,juliana.costa374@email.com,11999990374
375,Pedro Oliveira,60,Vinhedo,SP,PCX 160,HONDA,Scooter,2025,20753.0,Moto Center Vinhedo,Vinhedo,Joao Silva,AGENDADA,Financiamento,2026-07-10,pedro.oliveira375@email.com,11999990375
376,Ana Souza,60,Jundiai,SP,MT-03,YAMAHA,Naked,2024,35490.0,Moto Center Jundiai,Jundiai,Carlos Santos,CANCELADA,Cartão,2026-02-15,ana.souza376@email.com,11999990376
377,Pedro Oliveira,18,Valinhos,SP,VERSYS 650,KAWASAKI,Trail,2024,48270.0,Moto Center Valinhos,Valinhos,Joao Silva,CONCLUIDA,Pix,2026-08-21,pedro.oliveira377@email.com,11999990377
378,Amanda Rodrigues,51,Valinhos,SP,MT-07,YAMAHA,Naked,2024,52511.0,Moto Center Valinhos,Valinhos,Maria Oliveira,AGENDADA,Financiamento,2026-06-24,amanda.rodrigues378@email.com,11999990378
379,Fernanda Alves,51,Campinas,SP,MT-03,YAMAHA,Naked,2024,35479.0,Moto Center Campinas,Campinas,Maria Oliveira,AGENDADA,Cartão,2026-09-20,fernanda.alves379@email.com,11999990379
380,Bruno Lima,60,Campinas,SP,MT-03,YAMAHA,Naked,2024,34977.0,Moto Center Campinas,Campinas,Carlos Santos,CANCELADA,Cartão,2026-09-10,bruno.lima380@email.com,11999990380
381,Joao Santos,30,Jundiai,SP,CB 650R,HONDA,Naked,2024,50192.0,Moto Center Jundiai,Jundiai,Maria Oliveira,AGENDADA,Financiamento,2026-11-08,joão.santos381@email.com,11999990381
382,Thiago Alves,69,Vinhedo,SP,CB 500F,HONDA,Naked,2024,43813.0,Moto Center Vinhedo,Vinhedo,Joao Silva,CANCELADA,Pix,2026-09-08,thiago.alves382@email.com,11999990382
383,Amanda Rodrigues,46,Valinhos,SP,CB 500F,HONDA,Naked,2024,43075.0,Moto Center Valinhos,Valinhos,Carlos Santos,AGENDADA,Pix,2026-06-01,amanda.rodrigues383@email.com,11999990383
384,Mariana Silva,27,Jundiai,SP,CB 650R,HONDA,Naked,2024,51254.0,Moto Center Jundiai,Jundiai,Pedro Souza,AGENDADA,Financiamento,2026-10-04,mariana.silva384@email.com,11999990384
385,Carlos Mendes,73,Jundiai,SP,MT-03,YAMAHA,Naked,2024,30751.0,Moto Center Jundiai,Jundiai,Pedro Souza,CANCELADA,Pix,2026-08-08,carlos.mendes385@email.com,11999990385
386,Renata Costa,54,Campinas,SP,CB 650R,HONDA,Naked,2024,55088.0,Moto Center Campinas,Campinas,Pedro Souza,CONCLUIDA,Financiamento,2026-04-16,renata.costa386@email.com,11999990386
387,Fernanda Alves,26,Vinhedo,SP,VERSYS 650,KAWASAKI,Trail,2024,50778.0,Moto Center Vinhedo,Vinhedo,Pedro Souza,AGENDADA,Financiamento,2026-10-08,fernanda.alves387@email.com,11999990387
388,Mariana Silva,24,Jundiai,SP,NINJA 400,KAWASAKI,Esportiva,2023,33926.0,Moto Center Jundiai,Jundiai,Carlos Santos,CANCELADA,Cartão,2026-03-25,mariana.silva388@email.com,11999990388
389,Amanda Rodrigues,75,Campinas,SP,NINJA 400,KAWASAKI,Esportiva,2023,37943.0,Moto Center Campinas,Campinas,Carlos Santos,AGENDADA,Financiamento,2026-01-25,amanda.rodrigues389@email.com,11999990389
390,Carolina Gomes,61,Campinas,SP,CB 500F,HONDA,Naked,2024,45456.0,Moto Center Campinas,Campinas,Pedro Souza,CANCELADA,Cartão,2026-08-22,carolina.gomes390@email.com,11999990390
391,Carlos Mendes,34,Jundiai,SP,MT-03,YAMAHA,Naked,2024,33747.0,Moto Center Jundiai,Jundiai,Pedro Souza,CONCLUIDA,Pix,2026-12-06,carlos.mendes391@email.com,11999990391
392,Juliana Costa,69,Valinhos,SP,CB 500F,HONDA,Naked,2024,40643.0,Moto Center Valinhos,Valinhos,Carlos Santos,CANCELADA,Cartão,2026-04-01,juliana.costa392@email.com,11999990392
393,Amanda Rodrigues,46,Jundiai,SP,CB 650R,HONDA,Naked,2024,52173.0,Moto Center Jundiai,Jundiai,Pedro Souza,CANCELADA,Pix,2026-01-24,amanda.rodrigues393@email.com,11999990393
394,Thiago Alves,74,Vinhedo,SP,MT-03,YAMAHA,Naked,2024,34581.0,Moto Center Vinhedo,Vinhedo,Maria Oliveira,CONCLUIDA,Pix,2026-08-02,thiago.alves394@email.com,11999990394
395,Fernanda Alves,65,Valinhos,SP,PCX 160,HONDA,Scooter,2025,21986.0,Moto Center Valinhos,Valinhos,Joao Silva,CONCLUIDA,Pix,2026-08-01,fernanda.alves395@email.com,11999990395
396,Joao Santos,18,Vinhedo,SP,NINJA 400,KAWASAKI,Esportiva,2023,35755.0,Moto Center Vinhedo,Vinhedo,Maria Oliveira,AGENDADA,Pix,2026-05-04,joão.santos396@email.com,11999990396
397,Carolina Gomes,59,Vinhedo,SP,VERSYS 650,KAWASAKI,Trail,2024,50325.0,Moto Center Vinhedo,Vinhedo,Joao Silva,CANCELADA,Pix,2026-03-01,carolina.gomes397@email.com,11999990397
398,Diego Martins,29,Valinhos,SP,MT-03,YAMAHA,Naked,2024,30450.0,Moto Center Valinhos,Valinhos,Maria Oliveira,AGENDADA,Financiamento,2026-06-18,diego.martins398@email.com,11999990398
399,Thiago Alves,43,Campinas,SP,NINJA 400,KAWASAKI,Esportiva,2023,38604.0,Moto Center Campinas,Campinas,Pedro Souza,AGENDADA,Cartão,2026-09-02,thiago.alves399@email.com,11999990399
400,Juliana Costa,39,Campinas,SP,VERSYS 650,KAWASAKI,Trail,2024,49608.0,Moto Center Campinas,Campinas,Carlos Santos,AGENDADA,Pix,2026-12-23,juliana.costa400@email.com,11999990400
401,Marcos Pereira,23,Campinas,SP,MT-03,YAMAHA,Naked,2024,32289.0,Moto Center Campinas,Campinas,Pedro Souza,CONCLUIDA,Cartão,2026-07-02,marcos.pereira401@email.com,11999990401
402,Carolina Gomes,31,Jundiai,SP,NINJA 400,KAWASAKI,Esportiva,2023,38710.0,Moto Center Jundiai,Jundiai,Maria Oliveira,CANCELADA,Cartão,2026-03-03,carolina.gomes402@email.com,11999990402
403,Joao Santos,19,Jundiai,SP,PCX 160,HONDA,Scooter,2025,22550.0,Moto Center Jundiai,Jundiai,Pedro Souza,CANCELADA,Pix,2026-01-22,joão.santos403@email.com,11999990403
404,Lucas Ferreira,67,Jundiai,SP,MT-07,YAMAHA,Naked,2024,51960.0,Moto Center Jundiai,Jundiai,Joao Silva,CONCLUIDA,Cartão,2026-11-13,lucas.ferreira404@email.com,11999990404
405,Carolina Gomes,49,Campinas,SP,NINJA 400,KAWASAKI,Esportiva,2023,34057.0,Moto Center Campinas,Campinas,Joao Silva,CANCELADA,Financiamento,2026-05-19,carolina.gomes405@email.com,11999990405
406,Fernanda Alves,46,Valinhos,SP,MT-07,YAMAHA,Naked,2024,51100.0,Moto Center Valinhos,Valinhos,Joao Silva,CANCELADA,Financiamento,2026-01-04,fernanda.alves406@email.com,11999990406
407,Thiago Alves,63,Campinas,SP,PCX 160,HONDA,Scooter,2025,24327.0,Moto Center Campinas,Campinas,Maria Oliveira,CONCLUIDA,Financiamento,2026-10-09,thiago.alves407@email.com,11999990407
408,Juliana Costa,57,Vinhedo,SP,PCX 160,HONDA,Scooter,2025,23196.0,Moto Center Vinhedo,Vinhedo,Joao Silva,AGENDADA,Cartão,2026-07-22,juliana.costa408@email.com,11999990408
409,Thiago Alves,73,Jundiai,SP,NINJA 400,KAWASAKI,Esportiva,2023,35061.0,Moto Center Jundiai,Jundiai,Pedro Souza,CANCELADA,Cartão,2026-09-25,thiago.alves409@email.com,11999990409
410,Bruno Lima,25,Valinhos,SP,MT-03,YAMAHA,Naked,2024,34065.0,Moto Center Valinhos,Valinhos,Pedro Souza,AGENDADA,Financiamento,2026-10-03,bruno.lima410@email.com,11999990410
411,Marcos Pereira,64,Valinhos,SP,PCX 160,HONDA,Scooter,2025,19282.0,Moto Center Valinhos,Valinhos,Maria Oliveira,CONCLUIDA,Cartão,2026-02-05,marcos.pereira411@email.com,11999990411
412,Juliana Costa,46,Vinhedo,SP,PCX 160,HONDA,Scooter,2025,23983.0,Moto Center Vinhedo,Vinhedo,Pedro Souza,CONCLUIDA,Pix,2026-05-04,juliana.costa412@email.com,11999990412
413,Carolina Gomes,53,Campinas,SP,VERSYS 650,KAWASAKI,Trail,2024,48795.0,Moto Center Campinas,Campinas,Pedro Souza,CONCLUIDA,Financiamento,2026-09-04,carolina.gomes413@email.com,11999990413
414,Diego Martins,45,Valinhos,SP,MT-07,YAMAHA,Naked,2024,49719.0,Moto Center Valinhos,Valinhos,Carlos Santos,AGENDADA,Financiamento,2026-05-08,diego.martins414@email.com,11999990414
415,Carlos Mendes,20,Valinhos,SP,CB 500F,HONDA,Naked,2024,42180.0,Moto Center Valinhos,Valinhos,Joao Silva,CANCELADA,Cartão,2026-09-14,carlos.mendes415@email.com,11999990415
416,Thiago Alves,51,Campinas,SP,CB 500F,HONDA,Naked,2024,41658.0,Moto Center Campinas,Campinas,Maria Oliveira,CONCLUIDA,Pix,2026-04-05,thiago.alves416@email.com,11999990416
417,Joao Santos,49,Jundiai,SP,VERSYS 650,KAWASAKI,Trail,2024,48649.0,Moto Center Jundiai,Jundiai,Carlos Santos,CONCLUIDA,Financiamento,2026-06-21,joão.santos417@email.com,11999990417
418,Lucas Ferreira,53,Valinhos,SP,VERSYS 650,KAWASAKI,Trail,2024,52221.0,Moto Center Valinhos,Valinhos,Joao Silva,AGENDADA,Cartão,2026-01-13,lucas.ferreira418@email.com,11999990418
419,Mariana Silva,26,Vinhedo,SP,NINJA 400,KAWASAKI,Esportiva,2023,34321.0,Moto Center Vinhedo,Vinhedo,Joao Silva,CANCELADA,Financiamento,2026-11-12,mariana.silva419@email.com,11999990419
420,Fernanda Alves,57,Vinhedo,SP,VERSYS 650,KAWASAKI,Trail,2024,47222.0,Moto Center Vinhedo,Vinhedo,Maria Oliveira,CONCLUIDA,Financiamento,2026-05-13,fernanda.alves420@email.com,11999990420
421,Fernanda Alves,49,Valinhos,SP,MT-03,YAMAHA,Naked,2024,32039.0,Moto Center Valinhos,Valinhos,Joao Silva,CONCLUIDA,Cartão,2026-07-07,fernanda.alves421@email.com,11999990421
422,Carlos Mendes,20,Campinas,SP,CB 650R,HONDA,Naked,2024,52782.0,Moto Center Campinas,Campinas,Joao Silva,CONCLUIDA,Financiamento,2026-12-09,carlos.mendes422@email.com,11999990422
423,Diego Martins,66,Campinas,SP,MT-03,YAMAHA,Naked,2024,33565.0,Moto Center Campinas,Campinas,Maria Oliveira,CONCLUIDA,Cartão,2026-07-28,diego.martins423@email.com,11999990423
424,Fernanda Alves,18,Valinhos,SP,CB 650R,HONDA,Naked,2024,55578.0,Moto Center Valinhos,Valinhos,Joao Silva,AGENDADA,Cartão,2026-08-22,fernanda.alves424@email.com,11999990424
425,Carolina Gomes,48,Jundiai,SP,PCX 160,HONDA,Scooter,2025,19552.0,Moto Center Jundiai,Jundiai,Pedro Souza,CANCELADA,Pix,2026-12-16,carolina.gomes425@email.com,11999990425
426,Carolina Gomes,63,Campinas,SP,VERSYS 650,KAWASAKI,Trail,2024,50675.0,Moto Center Campinas,Campinas,Carlos Santos,CANCELADA,Pix,2026-02-28,carolina.gomes426@email.com,11999990426
427,Carolina Gomes,54,Jundiai,SP,PCX 160,HONDA,Scooter,2025,18888.0,Moto Center Jundiai,Jundiai,Maria Oliveira,CONCLUIDA,Financiamento,2026-06-17,carolina.gomes427@email.com,11999990427
428,Amanda Rodrigues,66,Campinas,SP,VERSYS 650,KAWASAKI,Trail,2024,50867.0,Moto Center Campinas,Campinas,Carlos Santos,AGENDADA,Financiamento,2026-12-01,amanda.rodrigues428@email.com,11999990428
429,Fernanda Alves,60,Jundiai,SP,MT-03,YAMAHA,Naked,2024,31790.0,Moto Center Jundiai,Jundiai,Pedro Souza,CONCLUIDA,Pix,2026-04-15,fernanda.alves429@email.com,11999990429
430,Thiago Alves,61,Vinhedo,SP,PCX 160,HONDA,Scooter,2025,21481.0,Moto Center Vinhedo,Vinhedo,Maria Oliveira,AGENDADA,Pix,2026-05-01,thiago.alves430@email.com,11999990430
431,Diego Martins,62,Jundiai,SP,PCX 160,HONDA,Scooter,2025,19126.0,Moto Center Jundiai,Jundiai,Pedro Souza,AGENDADA,Cartão,2026-11-05,diego.martins431@email.com,11999990431
432,Fernanda Alves,51,Valinhos,SP,CB 650R,HONDA,Naked,2024,55817.0,Moto Center Valinhos,Valinhos,Joao Silva,CANCELADA,Cartão,2026-12-25,fernanda.alves432@email.com,11999990432
433,Renata Costa,24,Vinhedo,SP,MT-03,YAMAHA,Naked,2024,30694.0,Moto Center Vinhedo,Vinhedo,Carlos Santos,AGENDADA,Pix,2026-02-15,renata.costa433@email.com,11999990433
434,Thiago Alves,46,Vinhedo,SP,VERSYS 650,KAWASAKI,Trail,2024,48051.0,Moto Center Vinhedo,Vinhedo,Maria Oliveira,AGENDADA,Pix,2026-06-20,thiago.alves434@email.com,11999990434
435,Carolina Gomes,75,Jundiai,SP,NINJA 400,KAWASAKI,Esportiva,2023,36678.0,Moto Center Jundiai,Jundiai,Maria Oliveira,AGENDADA,Pix,2026-06-16,carolina.gomes435@email.com,11999990435
436,Bruno Lima,46,Valinhos,SP,MT-03,YAMAHA,Naked,2024,32590.0,Moto Center Valinhos,Valinhos,Carlos Santos,CONCLUIDA,Financiamento,2026-01-10,bruno.lima436@email.com,11999990436
437,Amanda Rodrigues,66,Valinhos,SP,VERSYS 650,KAWASAKI,Trail,2024,47626.0,Moto Center Valinhos,Valinhos,Carlos Santos,AGENDADA,Cartão,2026-04-26,amanda.rodrigues437@email.com,11999990437
438,Pedro Oliveira,23,Jundiai,SP,MT-07,YAMAHA,Naked,2024,52971.0,Moto Center Jundiai,Jundiai,Pedro Souza,CANCELADA,Pix,2026-04-02,pedro.oliveira438@email.com,11999990438
439,Amanda Rodrigues,48,Vinhedo,SP,VERSYS 650,KAWASAKI,Trail,2024,51168.0,Moto Center Vinhedo,Vinhedo,Carlos Santos,CONCLUIDA,Pix,2026-10-06,amanda.rodrigues439@email.com,11999990439
440,Marcos Pereira,54,Vinhedo,SP,MT-03,YAMAHA,Naked,2024,32373.0,Moto Center Vinhedo,Vinhedo,Pedro Souza,CANCELADA,Pix,2026-06-07,marcos.pereira440@email.com,11999990440
441,Fernanda Alves,39,Valinhos,SP,NINJA 400,KAWASAKI,Esportiva,2023,36762.0,Moto Center Valinhos,Valinhos,Joao Silva,CONCLUIDA,Financiamento,2026-06-04,fernanda.alves441@email.com,11999990441
442,Carlos Mendes,35,Jundiai,SP,MT-03,YAMAHA,Naked,2024,34178.0,Moto Center Jundiai,Jundiai,Maria Oliveira,AGENDADA,Cartão,2026-02-16,carlos.mendes442@email.com,11999990442
443,Carlos Mendes,37,Vinhedo,SP,VERSYS 650,KAWASAKI,Trail,2024,51861.0,Moto Center Vinhedo,Vinhedo,Joao Silva,CANCELADA,Cartão,2026-01-13,carlos.mendes443@email.com,11999990443
444,Mariana Silva,32,Jundiai,SP,MT-07,YAMAHA,Naked,2024,52150.0,Moto Center Jundiai,Jundiai,Maria Oliveira,CONCLUIDA,Pix,2026-06-19,mariana.silva444@email.com,11999990444
445,Thiago Alves,28,Vinhedo,SP,MT-07,YAMAHA,Naked,2024,52574.0,Moto Center Vinhedo,Vinhedo,Carlos Santos,CANCELADA,Pix,2026-11-07,thiago.alves445@email.com,11999990445
446,Ana Souza,44,Campinas,SP,CB 650R,HONDA,Naked,2024,51499.0,Moto Center Campinas,Campinas,Maria Oliveira,CANCELADA,Cartão,2026-10-11,ana.souza446@email.com,11999990446
447,Lucas Ferreira,60,Jundiai,SP,CB 500F,HONDA,Naked,2024,43089.0,Moto Center Jundiai,Jundiai,Carlos Santos,AGENDADA,Cartão,2026-06-18,lucas.ferreira447@email.com,11999990447
448,Joao Santos,59,Valinhos,SP,PCX 160,HONDA,Scooter,2025,18821.0,Moto Center Valinhos,Valinhos,Joao Silva,CONCLUIDA,Cartão,2026-03-21,joão.santos448@email.com,11999990448
449,Thiago Alves,27,Valinhos,SP,VERSYS 650,KAWASAKI,Trail,2024,52278.0,Moto Center Valinhos,Valinhos,Pedro Souza,CONCLUIDA,Financiamento,2026-02-19,thiago.alves449@email.com,11999990449
450,Amanda Rodrigues,36,Campinas,SP,MT-07,YAMAHA,Naked,2024,51068.0,Moto Center Campinas,Campinas,Carlos Santos,AGENDADA,Cartão,2026-11-15,amanda.rodrigues450@email.com,11999990450
451,Juliana Costa,24,Campinas,SP,MT-07,YAMAHA,Naked,2024,51681.0,Moto Center Campinas,Campinas,Pedro Souza,AGENDADA,Cartão,2026-03-18,juliana.costa451@email.com,11999990451
452,Renata Costa,52,Campinas,SP,CB 500F,HONDA,Naked,2024,41098.0,Moto Center Campinas,Campinas,Pedro Souza,CONCLUIDA,Financiamento,2026-10-08,renata.costa452@email.com,11999990452
453,Marcos Pereira,52,Campinas,SP,MT-03,YAMAHA,Naked,2024,32405.0,Moto Center Campinas,Campinas,Joao Silva,CANCELADA,Financiamento,2026-11-13,marcos.pereira453@email.com,11999990453
454,Carlos Mendes,44,Valinhos,SP,NINJA 400,KAWASAKI,Esportiva,2023,36076.0,Moto Center Valinhos,Valinhos,Maria Oliveira,CANCELADA,Cartão,2026-09-27,carlos.mendes454@email.com,11999990454
455,Carlos Mendes,49,Vinhedo,SP,CB 500F,HONDA,Naked,2024,40017.0,Moto Center Vinhedo,Vinhedo,Carlos Santos,AGENDADA,Financiamento,2026-02-15,carlos.mendes455@email.com,11999990455
456,Joao Santos,60,Campinas,SP,MT-07,YAMAHA,Naked,2024,47535.0,Moto Center Campinas,Campinas,Carlos Santos,AGENDADA,Financiamento,2026-04-16,joão.santos456@email.com,11999990456
457,Joao Santos,37,Vinhedo,SP,MT-03,YAMAHA,Naked,2024,29620.0,Moto Center Vinhedo,Vinhedo,Maria Oliveira,CONCLUIDA,Pix,2026-02-16,joão.santos457@email.com,11999990457
458,Carolina Gomes,45,Campinas,SP,PCX 160,HONDA,Scooter,2025,24140.0,Moto Center Campinas,Campinas,Maria Oliveira,CONCLUIDA,Cartão,2026-09-09,carolina.gomes458@email.com,11999990458
459,Amanda Rodrigues,19,Jundiai,SP,PCX 160,HONDA,Scooter,2025,24388.0,Moto Center Jundiai,Jundiai,Pedro Souza,AGENDADA,Pix,2026-11-28,amanda.rodrigues459@email.com,11999990459
460,Fernanda Alves,34,Campinas,SP,PCX 160,HONDA,Scooter,2025,18593.0,Moto Center Campinas,Campinas,Carlos Santos,CANCELADA,Financiamento,2026-06-19,fernanda.alves460@email.com,11999990460
461,Ana Souza,59,Valinhos,SP,MT-07,YAMAHA,Naked,2024,47731.0,Moto Center Valinhos,Valinhos,Carlos Santos,CANCELADA,Cartão,2026-07-19,ana.souza461@email.com,11999990461
462,Ana Souza,23,Jundiai,SP,CB 650R,HONDA,Naked,2024,53714.0,Moto Center Jundiai,Jundiai,Maria Oliveira,AGENDADA,Pix,2026-11-24,ana.souza462@email.com,11999990462
463,Fernanda Alves,19,Valinhos,SP,NINJA 400,KAWASAKI,Esportiva,2023,34494.0,Moto Center Valinhos,Valinhos,Maria Oliveira,CONCLUIDA,Cartão,2026-06-11,fernanda.alves463@email.com,11999990463
464,Fernanda Alves,41,Campinas,SP,NINJA 400,KAWASAKI,Esportiva,2023,38391.0,Moto Center Campinas,Campinas,Joao Silva,CONCLUIDA,Cartão,2026-06-13,fernanda.alves464@email.com,11999990464
465,Carlos Mendes,74,Jundiai,SP,NINJA 400,KAWASAKI,Esportiva,2023,34843.0,Moto Center Jundiai,Jundiai,Maria Oliveira,CANCELADA,Financiamento,2026-08-25,carlos.mendes465@email.com,11999990465
466,Carlos Mendes,27,Valinhos,SP,VERSYS 650,KAWASAKI,Trail,2024,47643.0,Moto Center Valinhos,Valinhos,Carlos Santos,CANCELADA,Cartão,2026-11-11,carlos.mendes466@email.com,11999990466
467,Amanda Rodrigues,24,Valinhos,SP,PCX 160,HONDA,Scooter,2025,21832.0,Moto Center Valinhos,Valinhos,Pedro Souza,AGENDADA,Pix,2026-12-21,amanda.rodrigues467@email.com,11999990467
468,Ana Souza,50,Vinhedo,SP,CB 650R,HONDA,Naked,2024,54389.0,Moto Center Vinhedo,Vinhedo,Maria Oliveira,CANCELADA,Financiamento,2026-11-13,ana.souza468@email.com,11999990468
469,Fernanda Alves,59,Jundiai,SP,CB 650R,HONDA,Naked,2024,51570.0,Moto Center Jundiai,Jundiai,Carlos Santos,AGENDADA,Pix,2026-10-05,fernanda.alves469@email.com,11999990469
470,Thiago Alves,54,Jundiai,SP,CB 650R,HONDA,Naked,2024,50114.0,Moto Center Jundiai,Jundiai,Pedro Souza,CONCLUIDA,Financiamento,2026-02-24,thiago.alves470@email.com,11999990470
471,Amanda Rodrigues,37,Vinhedo,SP,CB 500F,HONDA,Naked,2024,45434.0,Moto Center Vinhedo,Vinhedo,Carlos Santos,AGENDADA,Cartão,2026-04-16,amanda.rodrigues471@email.com,11999990471
472,Amanda Rodrigues,52,Valinhos,SP,NINJA 400,KAWASAKI,Esportiva,2023,34585.0,Moto Center Valinhos,Valinhos,Joao Silva,AGENDADA,Pix,2026-04-13,amanda.rodrigues472@email.com,11999990472
473,Thiago Alves,34,Vinhedo,SP,CB 650R,HONDA,Naked,2024,54963.0,Moto Center Vinhedo,Vinhedo,Maria Oliveira,AGENDADA,Pix,2026-02-14,thiago.alves473@email.com,11999990473
474,Mariana Silva,22,Campinas,SP,PCX 160,HONDA,Scooter,2025,24037.0,Moto Center Campinas,Campinas,Joao Silva,CONCLUIDA,Cartão,2026-12-08,mariana.silva474@email.com,11999990474
475,Renata Costa,29,Valinhos,SP,NINJA 400,KAWASAKI,Esportiva,2023,38325.0,Moto Center Valinhos,Valinhos,Joao Silva,CANCELADA,Cartão,2026-05-10,renata.costa475@email.com,11999990475
476,Carolina Gomes,20,Valinhos,SP,MT-07,YAMAHA,Naked,2024,47230.0,Moto Center Valinhos,Valinhos,Joao Silva,CANCELADA,Financiamento,2026-03-04,carolina.gomes476@email.com,11999990476
477,Carolina Gomes,34,Valinhos,SP,CB 650R,HONDA,Naked,2024,53518.0,Moto Center Valinhos,Valinhos,Carlos Santos,CANCELADA,Financiamento,2026-05-03,carolina.gomes477@email.com,11999990477
478,Bruno Lima,70,Campinas,SP,CB 500F,HONDA,Naked,2024,40986.0,Moto Center Campinas,Campinas,Maria Oliveira,CANCELADA,Financiamento,2026-12-01,bruno.lima478@email.com,11999990478
479,Carolina Gomes,58,Valinhos,SP,PCX 160,HONDA,Scooter,2025,24415.0,Moto Center Valinhos,Valinhos,Joao Silva,AGENDADA,Pix,2026-09-04,carolina.gomes479@email.com,11999990479
480,Joao Santos,43,Vinhedo,SP,CB 500F,HONDA,Naked,2024,40554.0,Moto Center Vinhedo,Vinhedo,Maria Oliveira,AGENDADA,Pix,2026-06-14,joão.santos480@email.com,11999990480
481,Amanda Rodrigues,39,Vinhedo,SP,MT-03,YAMAHA,Naked,2024,33900.0,Moto Center Vinhedo,Vinhedo,Joao Silva,CANCELADA,Pix,2026-08-11,amanda.rodrigues481@email.com,11999990481
482,Renata Costa,66,Vinhedo,SP,CB 650R,HONDA,Naked,2024,53373.0,Moto Center Vinhedo,Vinhedo,Maria Oliveira,AGENDADA,Pix,2026-02-22,renata.costa482@email.com,11999990482
483,Lucas Ferreira,18,Campinas,SP,CB 650R,HONDA,Naked,2024,51811.0,Moto Center Campinas,Campinas,Maria Oliveira,CANCELADA,Financiamento,2026-10-23,lucas.ferreira483@email.com,11999990483
484,Renata Costa,44,Jundiai,SP,CB 500F,HONDA,Naked,2024,44653.0,Moto Center Jundiai,Jundiai,Maria Oliveira,CONCLUIDA,Financiamento,2026-04-01,renata.costa484@email.com,11999990484
485,Pedro Oliveira,46,Vinhedo,SP,CB 500F,HONDA,Naked,2024,42820.0,Moto Center Vinhedo,Vinhedo,Carlos Santos,AGENDADA,Pix,2026-12-12,pedro.oliveira485@email.com,11999990485
486,Fernanda Alves,24,Vinhedo,SP,CB 500F,HONDA,Naked,2024,40360.0,Moto Center Vinhedo,Vinhedo,Carlos Santos,CANCELADA,Cartão,2026-12-27,fernanda.alves486@email.com,11999990486
487,Joao Santos,47,Campinas,SP,NINJA 400,KAWASAKI,Esportiva,2023,33604.0,Moto Center Campinas,Campinas,Joao Silva,AGENDADA,Financiamento,2026-01-22,joão.santos487@email.com,11999990487
488,Carolina Gomes,66,Vinhedo,SP,MT-07,YAMAHA,Naked,2024,48172.0,Moto Center Vinhedo,Vinhedo,Maria Oliveira,CANCELADA,Cartão,2026-10-10,carolina.gomes488@email.com,11999990488
489,Fernanda Alves,39,Campinas,SP,CB 650R,HONDA,Naked,2024,51666.0,Moto Center Campinas,Campinas,Pedro Souza,CONCLUIDA,Pix,2026-01-28,fernanda.alves489@email.com,11999990489
490,Pedro Oliveira,73,Valinhos,SP,CB 650R,HONDA,Naked,2024,51474.0,Moto Center Valinhos,Valinhos,Joao Silva,CANCELADA,Financiamento,2026-11-11,pedro.oliveira490@email.com,11999990490
491,Pedro Oliveira,46,Jundiai,SP,MT-03,YAMAHA,Naked,2024,31973.0,Moto Center Jundiai,Jundiai,Carlos Santos,AGENDADA,Pix,2026-02-22,pedro.oliveira491@email.com,11999990491
492,Lucas Ferreira,26,Vinhedo,SP,CB 650R,HONDA,Naked,2024,50491.0,Moto Center Vinhedo,Vinhedo,Maria Oliveira,CANCELADA,Cartão,2026-02-26,lucas.ferreira492@email.com,11999990492
493,Marcos Pereira,57,Jundiai,SP,VERSYS 650,KAWASAKI,Trail,2024,52628.0,Moto Center Jundiai,Jundiai,Joao Silva,AGENDADA,Cartão,2026-04-12,marcos.pereira493@email.com,11999990493
494,Diego Martins,46,Vinhedo,SP,CB 500F,HONDA,Naked,2024,39742.0,Moto Center Vinhedo,Vinhedo,Carlos Santos,AGENDADA,Cartão,2026-05-20,diego.martins494@email.com,11999990494
495,Bruno Lima,46,Jundiai,SP,CB 650R,HONDA,Naked,2024,52126.0,Moto Center Jundiai,Jundiai,Maria Oliveira,AGENDADA,Cartão,2026-09-09,bruno.lima495@email.com,11999990495
496,Pedro Oliveira,70,Valinhos,SP,MT-03,YAMAHA,Naked,2024,30883.0,Moto Center Valinhos,Valinhos,Pedro Souza,CONCLUIDA,Cartão,2026-08-22,pedro.oliveira496@email.com,11999990496
497,Bruno Lima,27,Campinas,SP,MT-07,YAMAHA,Naked,2024,52399.0,Moto Center Campinas,Campinas,Carlos Santos,CONCLUIDA,Pix,2026-02-01,bruno.lima497@email.com,11999990497
498,Lucas Ferreira,44,Vinhedo,SP,MT-03,YAMAHA,Naked,2024,34472.0,Moto Center Vinhedo,Vinhedo,Pedro Souza,CONCLUIDA,Cartão,2026-07-06,lucas.ferreira498@email.com,11999990498
499,Amanda Rodrigues,74,Campinas,SP,VERSYS 650,KAWASAKI,Trail,2024,52415.0,Moto Center Campinas,Campinas,Joao Silva,CONCLUIDA,Cartão,2026-03-18,amanda.rodrigues499@email.com,11999990499
500,Marcos Pereira,61,Jundiai,SP,NINJA 400,KAWASAKI,Esportiva,2023,36846.0,Moto Center Jundiai,Jundiai,Joao Silva,CANCELADA,Pix,2026-05-21,marcos.pereira500@email.com,11999990500
501,Marcos Pereira,75,Valinhos,SP,NINJA 400,KAWASAKI,Esportiva,2023,34189.0,Moto Center Valinhos,Valinhos,Maria Oliveira,AGENDADA,Financiamento,2026-11-19,marcos.pereira501@email.com,11999990501
502,Ana Souza,57,Valinhos,SP,NINJA 400,KAWASAKI,Esportiva,2023,33283.0,Moto Center Valinhos,Valinhos,Maria Oliveira,CANCELADA,Financiamento,2026-12-15,ana.souza502@email.com,11999990502
503,Joao Santos,35,Jundiai,SP,PCX 160,HONDA,Scooter,2025,24500.0,Moto Center Jundiai,Jundiai,Carlos Santos,CANCELADA,Cartão,2026-11-07,joão.santos503@email.com,11999990503
504,Carlos Mendes,50,Jundiai,SP,NINJA 400,KAWASAKI,Esportiva,2023,37717.0,Moto Center Jundiai,Jundiai,Carlos Santos,AGENDADA,Financiamento,2026-07-20,carlos.mendes504@email.com,11999990504
505,Diego Martins,49,Valinhos,SP,NINJA 400,KAWASAKI,Esportiva,2023,37060.0,Moto Center Valinhos,Valinhos,Joao Silva,CONCLUIDA,Financiamento,2026-08-26,diego.martins505@email.com,11999990505
506,Pedro Oliveira,57,Valinhos,SP,MT-07,YAMAHA,Naked,2024,48531.0,Moto Center Valinhos,Valinhos,Pedro Souza,AGENDADA,Pix,2026-11-08,pedro.oliveira506@email.com,11999990506
507,Fernanda Alves,57,Jundiai,SP,MT-03,YAMAHA,Naked,2024,31457.0,Moto Center Jundiai,Jundiai,Pedro Souza,CONCLUIDA,Pix,2026-10-15,fernanda.alves507@email.com,11999990507
508,Juliana Costa,57,Campinas,SP,CB 500F,HONDA,Naked,2024,45352.0,Moto Center Campinas,Campinas,Maria Oliveira,CANCELADA,Pix,2026-11-16,juliana.costa508@email.com,11999990508
509,Carolina Gomes,65,Vinhedo,SP,MT-07,YAMAHA,Naked,2024,51986.0,Moto Center Vinhedo,Vinhedo,Pedro Souza,CONCLUIDA,Pix,2026-03-25,carolina.gomes509@email.com,11999990509
510,Joao Santos,34,Vinhedo,SP,MT-03,YAMAHA,Naked,2024,34902.0,Moto Center Vinhedo,Vinhedo,Pedro Souza,CONCLUIDA,Cartão,2026-11-21,joão.santos510@email.com,11999990510
511,Ana Souza,22,Valinhos,SP,CB 500F,HONDA,Naked,2024,40008.0,Moto Center Valinhos,Valinhos,Maria Oliveira,CANCELADA,Pix,2026-10-07,ana.souza511@email.com,11999990511
512,Juliana Costa,30,Valinhos,SP,CB 650R,HONDA,Naked,2024,55669.0,Moto Center Valinhos,Valinhos,Joao Silva,CONCLUIDA,Financiamento,2026-07-20,juliana.costa512@email.com,11999990512
513,Thiago Alves,34,Campinas,SP,PCX 160,HONDA,Scooter,2025,22348.0,Moto Center Campinas,Campinas,Joao Silva,CONCLUIDA,Financiamento,2026-05-17,thiago.alves513@email.com,11999990513
514,Marcos Pereira,55,Valinhos,SP,CB 650R,HONDA,Naked,2024,54292.0,Moto Center Valinhos,Valinhos,Maria Oliveira,AGENDADA,Pix,2026-05-23,marcos.pereira514@email.com,11999990514
515,Fernanda Alves,55,Campinas,SP,MT-03,YAMAHA,Naked,2024,34981.0,Moto Center Campinas,Campinas,Joao Silva,AGENDADA,Pix,2026-04-03,fernanda.alves515@email.com,11999990515
516,Bruno Lima,72,Vinhedo,SP,PCX 160,HONDA,Scooter,2025,19893.0,Moto Center Vinhedo,Vinhedo,Carlos Santos,AGENDADA,Financiamento,2026-07-28,bruno.lima516@email.com,11999990516
517,Pedro Oliveira,46,Vinhedo,SP,VERSYS 650,KAWASAKI,Trail,2024,51948.0,Moto Center Vinhedo,Vinhedo,Maria Oliveira,CONCLUIDA,Financiamento,2026-08-10,pedro.oliveira517@email.com,11999990517
518,Thiago Alves,28,Valinhos,SP,VERSYS 650,KAWASAKI,Trail,2024,47859.0,Moto Center Valinhos,Valinhos,Maria Oliveira,AGENDADA,Cartão,2026-02-01,thiago.alves518@email.com,11999990518
519,Pedro Oliveira,52,Vinhedo,SP,CB 500F,HONDA,Naked,2024,40833.0,Moto Center Vinhedo,Vinhedo,Joao Silva,CANCELADA,Pix,2026-09-15,pedro.oliveira519@email.com,11999990519
520,Pedro Oliveira,27,Campinas,SP,MT-07,YAMAHA,Naked,2024,47657.0,Moto Center Campinas,Campinas,Pedro Souza,CANCELADA,Financiamento,2026-01-18,pedro.oliveira520@email.com,11999990520
521,Bruno Lima,53,Jundiai,SP,PCX 160,HONDA,Scooter,2025,24479.0,Moto Center Jundiai,Jundiai,Joao Silva,AGENDADA,Financiamento,2026-11-04,bruno.lima521@email.com,11999990521
522,Fernanda Alves,67,Campinas,SP,PCX 160,HONDA,Scooter,2025,18695.0,Moto Center Campinas,Campinas,Joao Silva,CANCELADA,Cartão,2026-05-27,fernanda.alves522@email.com,11999990522
523,Marcos Pereira,46,Jundiai,SP,NINJA 400,KAWASAKI,Esportiva,2023,37126.0,Moto Center Jundiai,Jundiai,Joao Silva,AGENDADA,Financiamento,2026-10-28,marcos.pereira523@email.com,11999990523
524,Fernanda Alves,18,Jundiai,SP,CB 500F,HONDA,Naked,2024,41594.0,Moto Center Jundiai,Jundiai,Pedro Souza,CONCLUIDA,Financiamento,2026-07-06,fernanda.alves524@email.com,11999990524
525,Bruno Lima,46,Jundiai,SP,CB 500F,HONDA,Naked,2024,44060.0,Moto Center Jundiai,Jundiai,Maria Oliveira,CONCLUIDA,Financiamento,2026-08-04,bruno.lima525@email.com,11999990525
526,Fernanda Alves,25,Jundiai,SP,MT-03,YAMAHA,Naked,2024,34007.0,Moto Center Jundiai,Jundiai,Pedro Souza,CANCELADA,Cartão,2026-05-14,fernanda.alves526@email.com,11999990526
527,Juliana Costa,43,Jundiai,SP,MT-03,YAMAHA,Naked,2024,31081.0,Moto Center Jundiai,Jundiai,Joao Silva,CANCELADA,Cartão,2026-07-14,juliana.costa527@email.com,11999990527
528,Thiago Alves,26,Campinas,SP,VERSYS 650,KAWASAKI,Trail,2024,48140.0,Moto Center Campinas,Campinas,Pedro Souza,CONCLUIDA,Pix,2026-09-09,thiago.alves528@email.com,11999990528
529,Diego Martins,25,Valinhos,SP,PCX 160,HONDA,Scooter,2025,18772.0,Moto Center Valinhos,Valinhos,Maria Oliveira,CANCELADA,Financiamento,2026-08-14,diego.martins529@email.com,11999990529
530,Renata Costa,48,Campinas,SP,NINJA 400,KAWASAKI,Esportiva,2023,35688.0,Moto Center Campinas,Campinas,Carlos Santos,CANCELADA,Pix,2026-03-20,renata.costa530@email.com,11999990530
531,Mariana Silva,70,Jundiai,SP,MT-03,YAMAHA,Naked,2024,29975.0,Moto Center Jundiai,Jundiai,Pedro Souza,AGENDADA,Pix,2026-08-27,mariana.silva531@email.com,11999990531
532,Marcos Pereira,57,Vinhedo,SP,PCX 160,HONDA,Scooter,2025,23388.0,Moto Center Vinhedo,Vinhedo,Maria Oliveira,AGENDADA,Pix,2026-10-09,marcos.pereira532@email.com,11999990532
533,Marcos Pereira,57,Jundiai,SP,CB 500F,HONDA,Naked,2024,41970.0,Moto Center Jundiai,Jundiai,Joao Silva,AGENDADA,Financiamento,2026-12-28,marcos.pereira533@email.com,11999990533
534,Fernanda Alves,65,Campinas,SP,CB 500F,HONDA,Naked,2024,39976.0,Moto Center Campinas,Campinas,Joao Silva,CANCELADA,Cartão,2026-07-10,fernanda.alves534@email.com,11999990534
535,Fernanda Alves,69,Valinhos,SP,MT-07,YAMAHA,Naked,2024,47648.0,Moto Center Valinhos,Valinhos,Carlos Santos,CANCELADA,Cartão,2026-03-02,fernanda.alves535@email.com,11999990535
536,Ana Souza,48,Campinas,SP,NINJA 400,KAWASAKI,Esportiva,2023,34566.0,Moto Center Campinas,Campinas,Pedro Souza,AGENDADA,Pix,2026-11-01,ana.souza536@email.com,11999990536
537,Joao Santos,45,Vinhedo,SP,VERSYS 650,KAWASAKI,Trail,2024,47400.0,Moto Center Vinhedo,Vinhedo,Maria Oliveira,AGENDADA,Financiamento,2026-02-24,joão.santos537@email.com,11999990537
538,Marcos Pereira,65,Valinhos,SP,VERSYS 650,KAWASAKI,Trail,2024,47073.0,Moto Center Valinhos,Valinhos,Maria Oliveira,AGENDADA,Pix,2026-02-24,marcos.pereira538@email.com,11999990538
539,Carlos Mendes,65,Vinhedo,SP,CB 650R,HONDA,Naked,2024,54300.0,Moto Center Vinhedo,Vinhedo,Carlos Santos,CANCELADA,Pix,2026-06-03,carlos.mendes539@email.com,11999990539
540,Carlos Mendes,49,Vinhedo,SP,MT-07,YAMAHA,Naked,2024,49238.0,Moto Center Vinhedo,Vinhedo,Pedro Souza,AGENDADA,Financiamento,2026-09-10,carlos.mendes540@email.com,11999990540
541,Thiago Alves,52,Jundiai,SP,MT-07,YAMAHA,Naked,2024,48195.0,Moto Center Jundiai,Jundiai,Maria Oliveira,CANCELADA,Pix,2026-12-21,thiago.alves541@email.com,11999990541
542,Fernanda Alves,46,Vinhedo,SP,MT-07,YAMAHA,Naked,2024,48328.0,Moto Center Vinhedo,Vinhedo,Pedro Souza,CONCLUIDA,Financiamento,2026-06-24,fernanda.alves542@email.com,11999990542
543,Joao Santos,56,Jundiai,SP,NINJA 400,KAWASAKI,Esportiva,2023,34871.0,Moto Center Jundiai,Jundiai,Carlos Santos,AGENDADA,Pix,2026-04-05,joão.santos543@email.com,11999990543
544,Ana Souza,67,Vinhedo,SP,MT-03,YAMAHA,Naked,2024,30936.0,Moto Center Vinhedo,Vinhedo,Carlos Santos,AGENDADA,Pix,2026-05-08,ana.souza544@email.com,11999990544
545,Fernanda Alves,46,Vinhedo,SP,MT-03,YAMAHA,Naked,2024,30554.0,Moto Center Vinhedo,Vinhedo,Pedro Souza,CANCELADA,Pix,2026-09-24,fernanda.alves545@email.com,11999990545
546,Pedro Oliveira,56,Campinas,SP,VERSYS 650,KAWASAKI,Trail,2024,49071.0,Moto Center Campinas,Campinas,Maria Oliveira,AGENDADA,Cartão,2026-02-25,pedro.oliveira546@email.com,11999990546
547,Thiago Alves,45,Jundiai,SP,MT-07,YAMAHA,Naked,2024,51126.0,Moto Center Jundiai,Jundiai,Maria Oliveira,AGENDADA,Financiamento,2026-10-10,thiago.alves547@email.com,11999990547
548,Pedro Oliveira,44,Campinas,SP,MT-03,YAMAHA,Naked,2024,34740.0,Moto Center Campinas,Campinas,Joao Silva,AGENDADA,Cartão,2026-11-15,pedro.oliveira548@email.com,11999990548
549,Diego Martins,52,Jundiai,SP,NINJA 400,KAWASAKI,Esportiva,2023,33711.0,Moto Center Jundiai,Jundiai,Carlos Santos,CONCLUIDA,Cartão,2026-03-14,diego.martins549@email.com,11999990549
550,Renata Costa,31,Campinas,SP,PCX 160,HONDA,Scooter,2025,21523.0,Moto Center Campinas,Campinas,Maria Oliveira,CONCLUIDA,Pix,2026-08-03,renata.costa550@email.com,11999990550
551,Marcos Pereira,25,Vinhedo,SP,MT-07,YAMAHA,Naked,2024,51440.0,Moto Center Vinhedo,Vinhedo,Maria Oliveira,AGENDADA,Pix,2026-01-07,marcos.pereira551@email.com,11999990551
552,Amanda Rodrigues,39,Campinas,SP,PCX 160,HONDA,Scooter,2025,19502.0,Moto Center Campinas,Campinas,Maria Oliveira,CANCELADA,Cartão,2026-04-18,amanda.rodrigues552@email.com,11999990552
553,Lucas Ferreira,48,Jundiai,SP,NINJA 400,KAWASAKI,Esportiva,2023,36830.0,Moto Center Jundiai,Jundiai,Carlos Santos,CONCLUIDA,Pix,2026-09-16,lucas.ferreira553@email.com,11999990553
554,Ana Souza,24,Vinhedo,SP,MT-07,YAMAHA,Naked,2024,47108.0,Moto Center Vinhedo,Vinhedo,Joao Silva,AGENDADA,Pix,2026-05-15,ana.souza554@email.com,11999990554
555,Thiago Alves,40,Campinas,SP,VERSYS 650,KAWASAKI,Trail,2024,50812.0,Moto Center Campinas,Campinas,Carlos Santos,AGENDADA,Pix,2026-02-08,thiago.alves555@email.com,11999990555
556,Pedro Oliveira,54,Vinhedo,SP,CB 650R,HONDA,Naked,2024,53990.0,Moto Center Vinhedo,Vinhedo,Carlos Santos,AGENDADA,Financiamento,2026-02-02,pedro.oliveira556@email.com,11999990556
557,Diego Martins,40,Valinhos,SP,PCX 160,HONDA,Scooter,2025,20811.0,Moto Center Valinhos,Valinhos,Carlos Santos,CONCLUIDA,Pix,2026-11-07,diego.martins557@email.com,11999990557
558,Carolina Gomes,72,Valinhos,SP,MT-03,YAMAHA,Naked,2024,30755.0,Moto Center Valinhos,Valinhos,Maria Oliveira,AGENDADA,Pix,2026-04-21,carolina.gomes558@email.com,11999990558
559,Ana Souza,46,Valinhos,SP,PCX 160,HONDA,Scooter,2025,22982.0,Moto Center Valinhos,Valinhos,Carlos Santos,CANCELADA,Cartão,2026-04-05,ana.souza559@email.com,11999990559
560,Pedro Oliveira,74,Campinas,SP,VERSYS 650,KAWASAKI,Trail,2024,47349.0,Moto Center Campinas,Campinas,Maria Oliveira,CONCLUIDA,Cartão,2026-02-11,pedro.oliveira560@email.com,11999990560
561,Renata Costa,64,Valinhos,SP,MT-07,YAMAHA,Naked,2024,48951.0,Moto Center Valinhos,Valinhos,Maria Oliveira,CONCLUIDA,Pix,2026-03-07,renata.costa561@email.com,11999990561
562,Carolina Gomes,65,Vinhedo,SP,CB 500F,HONDA,Naked,2024,41700.0,Moto Center Vinhedo,Vinhedo,Carlos Santos,AGENDADA,Cartão,2026-05-05,carolina.gomes562@email.com,11999990562
563,Mariana Silva,52,Campinas,SP,NINJA 400,KAWASAKI,Esportiva,2023,37338.0,Moto Center Campinas,Campinas,Joao Silva,CANCELADA,Financiamento,2026-12-07,mariana.silva563@email.com,11999990563
564,Fernanda Alves,26,Valinhos,SP,CB 500F,HONDA,Naked,2024,42588.0,Moto Center Valinhos,Valinhos,Pedro Souza,CANCELADA,Pix,2026-05-05,fernanda.alves564@email.com,11999990564
565,Ana Souza,35,Vinhedo,SP,VERSYS 650,KAWASAKI,Trail,2024,51761.0,Moto Center Vinhedo,Vinhedo,Joao Silva,AGENDADA,Pix,2026-07-24,ana.souza565@email.com,11999990565
566,Juliana Costa,72,Valinhos,SP,VERSYS 650,KAWASAKI,Trail,2024,48037.0,Moto Center Valinhos,Valinhos,Maria Oliveira,CANCELADA,Financiamento,2026-05-08,juliana.costa566@email.com,11999990566
567,Fernanda Alves,46,Valinhos,SP,PCX 160,HONDA,Scooter,2025,24170.0,Moto Center Valinhos,Valinhos,Pedro Souza,AGENDADA,Financiamento,2026-01-20,fernanda.alves567@email.com,11999990567
568,Marcos Pereira,29,Vinhedo,SP,VERSYS 650,KAWASAKI,Trail,2024,50398.0,Moto Center Vinhedo,Vinhedo,Maria Oliveira,CONCLUIDA,Financiamento,2026-04-05,marcos.pereira568@email.com,11999990568
569,Diego Martins,29,Valinhos,SP,VERSYS 650,KAWASAKI,Trail,2024,50035.0,Moto Center Valinhos,Valinhos,Joao Silva,CANCELADA,Pix,2026-09-25,diego.martins569@email.com,11999990569
570,Renata Costa,28,Jundiai,SP,NINJA 400,KAWASAKI,Esportiva,2023,33773.0,Moto Center Jundiai,Jundiai,Pedro Souza,AGENDADA,Cartão,2026-11-02,renata.costa570@email.com,11999990570
571,Carolina Gomes,54,Campinas,SP,CB 650R,HONDA,Naked,2024,54292.0,Moto Center Campinas,Campinas,Pedro Souza,AGENDADA,Financiamento,2026-09-03,carolina.gomes571@email.com,11999990571
572,Diego Martins,34,Valinhos,SP,NINJA 400,KAWASAKI,Esportiva,2023,35660.0,Moto Center Valinhos,Valinhos,Pedro Souza,AGENDADA,Pix,2026-12-12,diego.martins572@email.com,11999990572
573,Juliana Costa,74,Valinhos,SP,PCX 160,HONDA,Scooter,2025,21081.0,Moto Center Valinhos,Valinhos,Pedro Souza,CANCELADA,Cartão,2026-07-19,juliana.costa573@email.com,11999990573
574,Carlos Mendes,45,Campinas,SP,MT-03,YAMAHA,Naked,2024,29883.0,Moto Center Campinas,Campinas,Pedro Souza,CONCLUIDA,Pix,2026-03-27,carlos.mendes574@email.com,11999990574
575,Pedro Oliveira,65,Vinhedo,SP,NINJA 400,KAWASAKI,Esportiva,2023,35154.0,Moto Center Vinhedo,Vinhedo,Pedro Souza,AGENDADA,Pix,2026-09-12,pedro.oliveira575@email.com,11999990575
576,Juliana Costa,31,Valinhos,SP,MT-03,YAMAHA,Naked,2024,33424.0,Moto Center Valinhos,Valinhos,Maria Oliveira,CANCELADA,Cartão,2026-01-25,juliana.costa576@email.com,11999990576
577,Pedro Oliveira,52,Jundiai,SP,NINJA 400,KAWASAKI,Esportiva,2023,34119.0,Moto Center Jundiai,Jundiai,Maria Oliveira,AGENDADA,Cartão,2026-05-27,pedro.oliveira577@email.com,11999990577
578,Diego Martins,65,Jundiai,SP,NINJA 400,KAWASAKI,Esportiva,2023,37256.0,Moto Center Jundiai,Jundiai,Joao Silva,AGENDADA,Pix,2026-04-24,diego.martins578@email.com,11999990578
579,Bruno Lima,74,Vinhedo,SP,MT-07,YAMAHA,Naked,2024,49410.0,Moto Center Vinhedo,Vinhedo,Carlos Santos,CONCLUIDA,Cartão,2026-04-04,bruno.lima579@email.com,11999990579
580,Marcos Pereira,22,Campinas,SP,PCX 160,HONDA,Scooter,2025,21425.0,Moto Center Campinas,Campinas,Carlos Santos,CONCLUIDA,Financiamento,2026-07-05,marcos.pereira580@email.com,11999990580
581,Mariana Silva,50,Jundiai,SP,NINJA 400,KAWASAKI,Esportiva,2023,33488.0,Moto Center Jundiai,Jundiai,Maria Oliveira,AGENDADA,Cartão,2026-09-04,mariana.silva581@email.com,11999990581
582,Juliana Costa,28,Valinhos,SP,MT-03,YAMAHA,Naked,2024,35079.0,Moto Center Valinhos,Valinhos,Pedro Souza,AGENDADA,Pix,2026-05-04,juliana.costa582@email.com,11999990582
583,Joao Santos,61,Valinhos,SP,MT-03,YAMAHA,Naked,2024,30620.0,Moto Center Valinhos,Valinhos,Joao Silva,AGENDADA,Cartão,2026-05-26,joão.santos583@email.com,11999990583
584,Thiago Alves,48,Valinhos,SP,NINJA 400,KAWASAKI,Esportiva,2023,33126.0,Moto Center Valinhos,Valinhos,Maria Oliveira,CANCELADA,Pix,2026-08-07,thiago.alves584@email.com,11999990584
585,Pedro Oliveira,63,Valinhos,SP,MT-07,YAMAHA,Naked,2024,48686.0,Moto Center Valinhos,Valinhos,Pedro Souza,CANCELADA,Financiamento,2026-01-15,pedro.oliveira585@email.com,11999990585
586,Amanda Rodrigues,32,Campinas,SP,CB 650R,HONDA,Naked,2024,55009.0,Moto Center Campinas,Campinas,Maria Oliveira,CANCELADA,Pix,2026-08-05,amanda.rodrigues586@email.com,11999990586
587,Carolina Gomes,73,Jundiai,SP,NINJA 400,KAWASAKI,Esportiva,2023,35592.0,Moto Center Jundiai,Jundiai,Carlos Santos,CONCLUIDA,Financiamento,2026-05-13,carolina.gomes587@email.com,11999990587
588,Lucas Ferreira,63,Jundiai,SP,NINJA 400,KAWASAKI,Esportiva,2023,35422.0,Moto Center Jundiai,Jundiai,Maria Oliveira,CANCELADA,Financiamento,2026-09-07,lucas.ferreira588@email.com,11999990588
589,Thiago Alves,69,Jundiai,SP,CB 500F,HONDA,Naked,2024,40862.0,Moto Center Jundiai,Jundiai,Carlos Santos,CONCLUIDA,Financiamento,2026-02-10,thiago.alves589@email.com,11999990589
590,Amanda Rodrigues,57,Jundiai,SP,CB 650R,HONDA,Naked,2024,53707.0,Moto Center Jundiai,Jundiai,Maria Oliveira,AGENDADA,Pix,2026-03-25,amanda.rodrigues590@email.com,11999990590
591,Carlos Mendes,22,Valinhos,SP,PCX 160,HONDA,Scooter,2025,22071.0,Moto Center Valinhos,Valinhos,Pedro Souza,AGENDADA,Financiamento,2026-09-02,carlos.mendes591@email.com,11999990591
592,Renata Costa,58,Jundiai,SP,MT-07,YAMAHA,Naked,2024,50006.0,Moto Center Jundiai,Jundiai,Joao Silva,AGENDADA,Financiamento,2026-08-16,renata.costa592@email.com,11999990592
593,Lucas Ferreira,67,Jundiai,SP,CB 500F,HONDA,Naked,2024,40136.0,Moto Center Jundiai,Jundiai,Maria Oliveira,AGENDADA,Cartão,2026-06-15,lucas.ferreira593@email.com,11999990593
594,Fernanda Alves,21,Valinhos,SP,CB 650R,HONDA,Naked,2024,53690.0,Moto Center Valinhos,Valinhos,Pedro Souza,CONCLUIDA,Pix,2026-03-18,fernanda.alves594@email.com,11999990594
595,Mariana Silva,68,Valinhos,SP,MT-03,YAMAHA,Naked,2024,33259.0,Moto Center Valinhos,Valinhos,Maria Oliveira,CANCELADA,Cartão,2026-10-11,mariana.silva595@email.com,11999990595
596,Carlos Mendes,72,Vinhedo,SP,CB 500F,HONDA,Naked,2024,45424.0,Moto Center Vinhedo,Vinhedo,Pedro Souza,AGENDADA,Cartão,2026-04-01,carlos.mendes596@email.com,11999990596
597,Marcos Pereira,28,Campinas,SP,MT-03,YAMAHA,Naked,2024,32821.0,Moto Center Campinas,Campinas,Pedro Souza,AGENDADA,Cartão,2026-06-26,marcos.pereira597@email.com,11999990597
598,Mariana Silva,39,Jundiai,SP,CB 650R,HONDA,Naked,2024,50882.0,Moto Center Jundiai,Jundiai,Pedro Souza,CONCLUIDA,Financiamento,2026-06-25,mariana.silva598@email.com,11999990598
599,Carolina Gomes,46,Vinhedo,SP,CB 650R,HONDA,Naked,2024,53150.0,Moto Center Vinhedo,Vinhedo,Joao Silva,CONCLUIDA,Financiamento,2026-03-02,carolina.gomes599@email.com,11999990599
600,Carlos Mendes,31,Jundiai,SP,CB 500F,HONDA,Naked,2024,44713.0,Moto Center Jundiai,Jundiai,Pedro Souza,CONCLUIDA,Cartão,2026-02-20,carlos.mendes600@email.com,11999990600
601,Carlos Mendes,40,Vinhedo,SP,VERSYS 650,KAWASAKI,Trail,2024,48390.0,Moto Center Vinhedo,Vinhedo,Carlos Santos,CANCELADA,Pix,2026-02-24,carlos.mendes601@email.com,11999990601
602,Amanda Rodrigues,69,Valinhos,SP,NINJA 400,KAWASAKI,Esportiva,2023,33875.0,Moto Center Valinhos,Valinhos,Carlos Santos,AGENDADA,Pix,2026-04-06,amanda.rodrigues602@email.com,11999990602
603,Bruno Lima,66,Valinhos,SP,VERSYS 650,KAWASAKI,Trail,2024,48650.0,Moto Center Valinhos,Valinhos,Joao Silva,CONCLUIDA,Pix,2026-08-09,bruno.lima603@email.com,11999990603
604,Diego Martins,22,Vinhedo,SP,CB 500F,HONDA,Naked,2024,40966.0,Moto Center Vinhedo,Vinhedo,Maria Oliveira,CANCELADA,Financiamento,2026-05-12,diego.martins604@email.com,11999990604
605,Diego Martins,54,Campinas,SP,CB 500F,HONDA,Naked,2024,41534.0,Moto Center Campinas,Campinas,Maria Oliveira,CANCELADA,Financiamento,2026-07-25,diego.martins605@email.com,11999990605
606,Marcos Pereira,46,Vinhedo,SP,MT-03,YAMAHA,Naked,2024,30411.0,Moto Center Vinhedo,Vinhedo,Maria Oliveira,CONCLUIDA,Financiamento,2026-05-04,marcos.pereira606@email.com,11999990606
607,Diego Martins,46,Jundiai,SP,NINJA 400,KAWASAKI,Esportiva,2023,35269.0,Moto Center Jundiai,Jundiai,Joao Silva,AGENDADA,Cartão,2026-12-26,diego.martins607@email.com,11999990607
608,Ana Souza,54,Campinas,SP,VERSYS 650,KAWASAKI,Trail,2024,51020.0,Moto Center Campinas,Campinas,Joao Silva,CONCLUIDA,Cartão,2026-07-24,ana.souza608@email.com,11999990608
609,Carolina Gomes,26,Valinhos,SP,MT-03,YAMAHA,Naked,2024,33762.0,Moto Center Valinhos,Valinhos,Pedro Souza,CONCLUIDA,Financiamento,2026-09-15,carolina.gomes609@email.com,11999990609
610,Diego Martins,62,Campinas,SP,NINJA 400,KAWASAKI,Esportiva,2023,38333.0,Moto Center Campinas,Campinas,Joao Silva,AGENDADA,Cartão,2026-04-28,diego.martins610@email.com,11999990610
611,Ana Souza,43,Valinhos,SP,MT-07,YAMAHA,Naked,2024,51271.0,Moto Center Valinhos,Valinhos,Joao Silva,CONCLUIDA,Cartão,2026-12-14,ana.souza611@email.com,11999990611
612,Ana Souza,67,Campinas,SP,MT-07,YAMAHA,Naked,2024,47288.0,Moto Center Campinas,Campinas,Pedro Souza,CONCLUIDA,Cartão,2026-06-20,ana.souza612@email.com,11999990612
613,Thiago Alves,29,Jundiai,SP,CB 650R,HONDA,Naked,2024,51271.0,Moto Center Jundiai,Jundiai,Maria Oliveira,CANCELADA,Pix,2026-04-16,thiago.alves613@email.com,11999990613
614,Carlos Mendes,62,Vinhedo,SP,NINJA 400,KAWASAKI,Esportiva,2023,37206.0,Moto Center Vinhedo,Vinhedo,Maria Oliveira,CANCELADA,Cartão,2026-03-03,carlos.mendes614@email.com,11999990614
615,Carolina Gomes,41,Jundiai,SP,VERSYS 650,KAWASAKI,Trail,2024,46946.0,Moto Center Jundiai,Jundiai,Pedro Souza,CANCELADA,Financiamento,2026-05-28,carolina.gomes615@email.com,11999990615
616,Marcos Pereira,64,Campinas,SP,MT-07,YAMAHA,Naked,2024,52608.0,Moto Center Campinas,Campinas,Carlos Santos,CONCLUIDA,Financiamento,2026-03-04,marcos.pereira616@email.com,11999990616
617,Marcos Pereira,22,Campinas,SP,CB 650R,HONDA,Naked,2024,50528.0,Moto Center Campinas,Campinas,Maria Oliveira,CONCLUIDA,Pix,2026-03-20,marcos.pereira617@email.com,11999990617
618,Diego Martins,31,Vinhedo,SP,PCX 160,HONDA,Scooter,2025,20052.0,Moto Center Vinhedo,Vinhedo,Carlos Santos,CONCLUIDA,Pix,2026-04-09,diego.martins618@email.com,11999990618
619,Fernanda Alves,61,Jundiai,SP,NINJA 400,KAWASAKI,Esportiva,2023,38580.0,Moto Center Jundiai,Jundiai,Maria Oliveira,CANCELADA,Financiamento,2026-09-21,fernanda.alves619@email.com,11999990619
620,Joao Santos,23,Vinhedo,SP,MT-03,YAMAHA,Naked,2024,33137.0,Moto Center Vinhedo,Vinhedo,Maria Oliveira,AGENDADA,Pix,2026-11-27,joão.santos620@email.com,11999990620
621,Fernanda Alves,55,Valinhos,SP,CB 500F,HONDA,Naked,2024,42436.0,Moto Center Valinhos,Valinhos,Maria Oliveira,CANCELADA,Pix,2026-08-10,fernanda.alves621@email.com,11999990621
622,Diego Martins,26,Campinas,SP,VERSYS 650,KAWASAKI,Trail,2024,49547.0,Moto Center Campinas,Campinas,Pedro Souza,CONCLUIDA,Pix,2026-10-14,diego.martins622@email.com,11999990622
623,Amanda Rodrigues,28,Campinas,SP,NINJA 400,KAWASAKI,Esportiva,2023,37931.0,Moto Center Campinas,Campinas,Joao Silva,CANCELADA,Cartão,2026-03-01,amanda.rodrigues623@email.com,11999990623
624,Pedro Oliveira,70,Vinhedo,SP,VERSYS 650,KAWASAKI,Trail,2024,50012.0,Moto Center Vinhedo,Vinhedo,Carlos Santos,CONCLUIDA,Pix,2026-07-09,pedro.oliveira624@email.com,11999990624
625,Joao Santos,71,Vinhedo,SP,MT-03,YAMAHA,Naked,2024,34413.0,Moto Center Vinhedo,Vinhedo,Pedro Souza,CANCELADA,Cartão,2026-03-13,joão.santos625@email.com,11999990625
626,Amanda Rodrigues,57,Campinas,SP,VERSYS 650,KAWASAKI,Trail,2024,52150.0,Moto Center Campinas,Campinas,Carlos Santos,AGENDADA,Financiamento,2026-12-15,amanda.rodrigues626@email.com,11999990626
627,Carlos Mendes,52,Jundiai,SP,MT-07,YAMAHA,Naked,2024,50601.0,Moto Center Jundiai,Jundiai,Joao Silva,CANCELADA,Pix,2026-02-08,carlos.mendes627@email.com,11999990627
628,Thiago Alves,48,Valinhos,SP,PCX 160,HONDA,Scooter,2025,19703.0,Moto Center Valinhos,Valinhos,Joao Silva,CONCLUIDA,Pix,2026-04-06,thiago.alves628@email.com,11999990628
629,Mariana Silva,26,Vinhedo,SP,MT-03,YAMAHA,Naked,2024,29641.0,Moto Center Vinhedo,Vinhedo,Carlos Santos,CONCLUIDA,Financiamento,2026-12-19,mariana.silva629@email.com,11999990629
630,Lucas Ferreira,28,Campinas,SP,CB 650R,HONDA,Naked,2024,55784.0,Moto Center Campinas,Campinas,Maria Oliveira,CANCELADA,Financiamento,2026-05-01,lucas.ferreira630@email.com,11999990630
631,Carolina Gomes,22,Jundiai,SP,VERSYS 650,KAWASAKI,Trail,2024,51844.0,Moto Center Jundiai,Jundiai,Pedro Souza,CANCELADA,Financiamento,2026-06-22,carolina.gomes631@email.com,11999990631
632,Pedro Oliveira,21,Valinhos,SP,MT-07,YAMAHA,Naked,2024,52881.0,Moto Center Valinhos,Valinhos,Pedro Souza,CONCLUIDA,Pix,2026-02-13,pedro.oliveira632@email.com,11999990632
633,Carlos Mendes,59,Valinhos,SP,PCX 160,HONDA,Scooter,2025,23572.0,Moto Center Valinhos,Valinhos,Carlos Santos,CONCLUIDA,Cartão,2026-10-16,carlos.mendes633@email.com,11999990633
634,Juliana Costa,60,Vinhedo,SP,CB 650R,HONDA,Naked,2024,53514.0,Moto Center Vinhedo,Vinhedo,Maria Oliveira,CONCLUIDA,Financiamento,2026-10-03,juliana.costa634@email.com,11999990634
635,Bruno Lima,28,Vinhedo,SP,CB 500F,HONDA,Naked,2024,40665.0,Moto Center Vinhedo,Vinhedo,Pedro Souza,CANCELADA,Pix,2026-10-28,bruno.lima635@email.com,11999990635
636,Joao Santos,55,Valinhos,SP,MT-03,YAMAHA,Naked,2024,30377.0,Moto Center Valinhos,Valinhos,Joao Silva,CONCLUIDA,Financiamento,2026-01-22,joão.santos636@email.com,11999990636
637,Diego Martins,60,Valinhos,SP,CB 650R,HONDA,Naked,2024,52629.0,Moto Center Valinhos,Valinhos,Joao Silva,CANCELADA,Cartão,2026-12-04,diego.martins637@email.com,11999990637
638,Marcos Pereira,22,Jundiai,SP,MT-07,YAMAHA,Naked,2024,49448.0,Moto Center Jundiai,Jundiai,Maria Oliveira,AGENDADA,Pix,2026-12-12,marcos.pereira638@email.com,11999990638
639,Renata Costa,63,Campinas,SP,VERSYS 650,KAWASAKI,Trail,2024,48370.0,Moto Center Campinas,Campinas,Carlos Santos,CANCELADA,Financiamento,2026-06-10,renata.costa639@email.com,11999990639
640,Carolina Gomes,48,Valinhos,SP,CB 500F,HONDA,Naked,2024,44326.0,Moto Center Valinhos,Valinhos,Pedro Souza,AGENDADA,Cartão,2026-06-20,carolina.gomes640@email.com,11999990640
641,Juliana Costa,67,Vinhedo,SP,MT-03,YAMAHA,Naked,2024,30197.0,Moto Center Vinhedo,Vinhedo,Joao Silva,CONCLUIDA,Pix,2026-09-04,juliana.costa641@email.com,11999990641
642,Bruno Lima,31,Valinhos,SP,PCX 160,HONDA,Scooter,2025,21444.0,Moto Center Valinhos,Valinhos,Maria Oliveira,CANCELADA,Pix,2026-05-05,bruno.lima642@email.com,11999990642
643,Pedro Oliveira,46,Jundiai,SP,MT-07,YAMAHA,Naked,2024,47398.0,Moto Center Jundiai,Jundiai,Joao Silva,AGENDADA,Cartão,2026-08-17,pedro.oliveira643@email.com,11999990643
644,Juliana Costa,45,Campinas,SP,MT-07,YAMAHA,Naked,2024,48596.0,Moto Center Campinas,Campinas,Maria Oliveira,AGENDADA,Cartão,2026-09-09,juliana.costa644@email.com,11999990644
645,Carlos Mendes,68,Jundiai,SP,NINJA 400,KAWASAKI,Esportiva,2023,33925.0,Moto Center Jundiai,Jundiai,Pedro Souza,CANCELADA,Cartão,2026-08-25,carlos.mendes645@email.com,11999990645
646,Mariana Silva,59,Campinas,SP,MT-07,YAMAHA,Naked,2024,52059.0,Moto Center Campinas,Campinas,Maria Oliveira,CANCELADA,Cartão,2026-06-20,mariana.silva646@email.com,11999990646
647,Amanda Rodrigues,41,Valinhos,SP,MT-03,YAMAHA,Naked,2024,34969.0,Moto Center Valinhos,Valinhos,Pedro Souza,AGENDADA,Cartão,2026-03-21,amanda.rodrigues647@email.com,11999990647
648,Thiago Alves,46,Jundiai,SP,MT-07,YAMAHA,Naked,2024,47730.0,Moto Center Jundiai,Jundiai,Maria Oliveira,CANCELADA,Cartão,2026-06-16,thiago.alves648@email.com,11999990648
649,Thiago Alves,44,Valinhos,SP,CB 500F,HONDA,Naked,2024,44274.0,Moto Center Valinhos,Valinhos,Joao Silva,CANCELADA,Financiamento,2026-02-21,thiago.alves649@email.com,11999990649
650,Joao Santos,37,Vinhedo,SP,PCX 160,HONDA,Scooter,2025,20817.0,Moto Center Vinhedo,Vinhedo,Maria Oliveira,AGENDADA,Cartão,2026-09-23,joão.santos650@email.com,11999990650
651,Lucas Ferreira,22,Vinhedo,SP,MT-07,YAMAHA,Naked,2024,50305.0,Moto Center Vinhedo,Vinhedo,Joao Silva,AGENDADA,Pix,2026-09-13,lucas.ferreira651@email.com,11999990651
652,Mariana Silva,69,Jundiai,SP,PCX 160,HONDA,Scooter,2025,18998.0,Moto Center Jundiai,Jundiai,Pedro Souza,CANCELADA,Pix,2026-05-28,mariana.silva652@email.com,11999990652
653,Amanda Rodrigues,49,Campinas,SP,PCX 160,HONDA,Scooter,2025,20198.0,Moto Center Campinas,Campinas,Joao Silva,AGENDADA,Pix,2026-02-19,amanda.rodrigues653@email.com,11999990653
654,Renata Costa,57,Jundiai,SP,MT-03,YAMAHA,Naked,2024,30229.0,Moto Center Jundiai,Jundiai,Maria Oliveira,CONCLUIDA,Cartão,2026-11-13,renata.costa654@email.com,11999990654
655,Renata Costa,46,Valinhos,SP,VERSYS 650,KAWASAKI,Trail,2024,48383.0,Moto Center Valinhos,Valinhos,Carlos Santos,AGENDADA,Cartão,2026-03-18,renata.costa655@email.com,11999990655
656,Bruno Lima,59,Jundiai,SP,CB 500F,HONDA,Naked,2024,44283.0,Moto Center Jundiai,Jundiai,Pedro Souza,CONCLUIDA,Cartão,2026-08-21,bruno.lima656@email.com,11999990656
657,Joao Santos,46,Valinhos,SP,NINJA 400,KAWASAKI,Esportiva,2023,37230.0,Moto Center Valinhos,Valinhos,Maria Oliveira,CANCELADA,Cartão,2026-02-12,joão.santos657@email.com,11999990657
658,Thiago Alves,61,Vinhedo,SP,PCX 160,HONDA,Scooter,2025,20772.0,Moto Center Vinhedo,Vinhedo,Maria Oliveira,CONCLUIDA,Cartão,2026-08-13,thiago.alves658@email.com,11999990658
659,Joao Santos,20,Campinas,SP,PCX 160,HONDA,Scooter,2025,18826.0,Moto Center Campinas,Campinas,Maria Oliveira,AGENDADA,Cartão,2026-07-08,joão.santos659@email.com,11999990659
660,Diego Martins,30,Vinhedo,SP,VERSYS 650,KAWASAKI,Trail,2024,48029.0,Moto Center Vinhedo,Vinhedo,Joao Silva,CANCELADA,Financiamento,2026-12-15,diego.martins660@email.com,11999990660
661,Thiago Alves,50,Valinhos,SP,PCX 160,HONDA,Scooter,2025,23890.0,Moto Center Valinhos,Valinhos,Joao Silva,AGENDADA,Cartão,2026-05-28,thiago.alves661@email.com,11999990661
662,Juliana Costa,18,Vinhedo,SP,CB 650R,HONDA,Naked,2024,55927.0,Moto Center Vinhedo,Vinhedo,Joao Silva,AGENDADA,Financiamento,2026-04-16,juliana.costa662@email.com,11999990662
663,Mariana Silva,21,Campinas,SP,NINJA 400,KAWASAKI,Esportiva,2023,33359.0,Moto Center Campinas,Campinas,Joao Silva,AGENDADA,Cartão,2026-09-11,mariana.silva663@email.com,11999990663
664,Marcos Pereira,23,Jundiai,SP,MT-03,YAMAHA,Naked,2024,33630.0,Moto Center Jundiai,Jundiai,Carlos Santos,CANCELADA,Pix,2026-01-21,marcos.pereira664@email.com,11999990664
665,Fernanda Alves,46,Campinas,SP,NINJA 400,KAWASAKI,Esportiva,2023,35403.0,Moto Center Campinas,Campinas,Pedro Souza,AGENDADA,Cartão,2026-08-27,fernanda.alves665@email.com,11999990665
666,Renata Costa,23,Campinas,SP,CB 500F,HONDA,Naked,2024,39972.0,Moto Center Campinas,Campinas,Pedro Souza,AGENDADA,Pix,2026-11-06,renata.costa666@email.com,11999990666
667,Juliana Costa,48,Campinas,SP,MT-07,YAMAHA,Naked,2024,47618.0,Moto Center Campinas,Campinas,Maria Oliveira,CONCLUIDA,Pix,2026-04-18,juliana.costa667@email.com,11999990667
668,Carolina Gomes,31,Campinas,SP,VERSYS 650,KAWASAKI,Trail,2024,47065.0,Moto Center Campinas,Campinas,Maria Oliveira,CONCLUIDA,Pix,2026-05-08,carolina.gomes668@email.com,11999990668
669,Lucas Ferreira,33,Vinhedo,SP,VERSYS 650,KAWASAKI,Trail,2024,47693.0,Moto Center Vinhedo,Vinhedo,Joao Silva,AGENDADA,Financiamento,2026-04-11,lucas.ferreira669@email.com,11999990669
670,Carolina Gomes,26,Jundiai,SP,PCX 160,HONDA,Scooter,2025,23680.0,Moto Center Jundiai,Jundiai,Pedro Souza,AGENDADA,Financiamento,2026-01-13,carolina.gomes670@email.com,11999990670
671,Joao Santos,46,Campinas,SP,NINJA 400,KAWASAKI,Esportiva,2023,33385.0,Moto Center Campinas,Campinas,Carlos Santos,CANCELADA,Financiamento,2026-11-19,joão.santos671@email.com,11999990671
672,Joao Santos,32,Valinhos,SP,MT-03,YAMAHA,Naked,2024,32350.0,Moto Center Valinhos,Valinhos,Maria Oliveira,AGENDADA,Pix,2026-10-03,joão.santos672@email.com,11999990672
673,Joao Santos,42,Jundiai,SP,PCX 160,HONDA,Scooter,2025,21397.0,Moto Center Jundiai,Jundiai,Pedro Souza,CONCLUIDA,Pix,2026-04-02,joão.santos673@email.com,11999990673
674,Thiago Alves,57,Jundiai,SP,MT-03,YAMAHA,Naked,2024,29616.0,Moto Center Jundiai,Jundiai,Joao Silva,CONCLUIDA,Cartão,2026-08-08,thiago.alves674@email.com,11999990674
675,Thiago Alves,48,Valinhos,SP,PCX 160,HONDA,Scooter,2025,18772.0,Moto Center Valinhos,Valinhos,Joao Silva,CANCELADA,Financiamento,2026-10-20,thiago.alves675@email.com,11999990675
676,Diego Martins,67,Vinhedo,SP,NINJA 400,KAWASAKI,Esportiva,2023,38147.0,Moto Center Vinhedo,Vinhedo,Carlos Santos,CONCLUIDA,Financiamento,2026-05-08,diego.martins676@email.com,11999990676
677,Ana Souza,49,Vinhedo,SP,CB 500F,HONDA,Naked,2024,40855.0,Moto Center Vinhedo,Vinhedo,Pedro Souza,CANCELADA,Pix,2026-01-14,ana.souza677@email.com,11999990677
678,Marcos Pereira,22,Vinhedo,SP,VERSYS 650,KAWASAKI,Trail,2024,49995.0,Moto Center Vinhedo,Vinhedo,Pedro Souza,CONCLUIDA,Pix,2026-11-15,marcos.pereira678@email.com,11999990678
679,Bruno Lima,63,Campinas,SP,NINJA 400,KAWASAKI,Esportiva,2023,38714.0,Moto Center Campinas,Campinas,Carlos Santos,CANCELADA,Financiamento,2026-03-16,bruno.lima679@email.com,11999990679
680,Joao Santos,28,Valinhos,SP,VERSYS 650,KAWASAKI,Trail,2024,50487.0,Moto Center Valinhos,Valinhos,Carlos Santos,AGENDADA,Pix,2026-10-19,joão.santos680@email.com,11999990680
681,Joao Santos,60,Campinas,SP,CB 650R,HONDA,Naked,2024,53171.0,Moto Center Campinas,Campinas,Carlos Santos,CANCELADA,Financiamento,2026-03-05,joão.santos681@email.com,11999990681
682,Marcos Pereira,74,Vinhedo,SP,VERSYS 650,KAWASAKI,Trail,2024,51353.0,Moto Center Vinhedo,Vinhedo,Pedro Souza,CONCLUIDA,Financiamento,2026-04-12,marcos.pereira682@email.com,11999990682
683,Pedro Oliveira,39,Vinhedo,SP,VERSYS 650,KAWASAKI,Trail,2024,50213.0,Moto Center Vinhedo,Vinhedo,Carlos Santos,CONCLUIDA,Cartão,2026-11-26,pedro.oliveira683@email.com,11999990683
684,Pedro Oliveira,37,Valinhos,SP,MT-07,YAMAHA,Naked,2024,47804.0,Moto Center Valinhos,Valinhos,Carlos Santos,AGENDADA,Cartão,2026-04-10,pedro.oliveira684@email.com,11999990684
685,Ana Souza,68,Valinhos,SP,CB 650R,HONDA,Naked,2024,50715.0,Moto Center Valinhos,Valinhos,Maria Oliveira,AGENDADA,Pix,2026-09-11,ana.souza685@email.com,11999990685
686,Marcos Pereira,46,Valinhos,SP,CB 650R,HONDA,Naked,2024,53020.0,Moto Center Valinhos,Valinhos,Joao Silva,CONCLUIDA,Pix,2026-10-03,marcos.pereira686@email.com,11999990686
687,Carlos Mendes,56,Campinas,SP,NINJA 400,KAWASAKI,Esportiva,2023,34287.0,Moto Center Campinas,Campinas,Pedro Souza,CONCLUIDA,Cartão,2026-03-17,carlos.mendes687@email.com,11999990687
688,Marcos Pereira,59,Valinhos,SP,MT-03,YAMAHA,Naked,2024,32044.0,Moto Center Valinhos,Valinhos,Maria Oliveira,CANCELADA,Cartão,2026-09-04,marcos.pereira688@email.com,11999990688
689,Joao Santos,72,Vinhedo,SP,VERSYS 650,KAWASAKI,Trail,2024,47305.0,Moto Center Vinhedo,Vinhedo,Maria Oliveira,AGENDADA,Cartão,2026-08-04,joão.santos689@email.com,11999990689
690,Mariana Silva,24,Vinhedo,SP,MT-03,YAMAHA,Naked,2024,30773.0,Moto Center Vinhedo,Vinhedo,Maria Oliveira,CANCELADA,Cartão,2026-03-18,mariana.silva690@email.com,11999990690
691,Renata Costa,38,Vinhedo,SP,CB 650R,HONDA,Naked,2024,50532.0,Moto Center Vinhedo,Vinhedo,Pedro Souza,CONCLUIDA,Pix,2026-03-07,renata.costa691@email.com,11999990691
692,Mariana Silva,59,Campinas,SP,VERSYS 650,KAWASAKI,Trail,2024,52743.0,Moto Center Campinas,Campinas,Pedro Souza,AGENDADA,Pix,2026-07-20,mariana.silva692@email.com,11999990692
693,Lucas Ferreira,29,Jundiai,SP,MT-07,YAMAHA,Naked,2024,52152.0,Moto Center Jundiai,Jundiai,Pedro Souza,CONCLUIDA,Pix,2026-12-20,lucas.ferreira693@email.com,11999990693
694,Renata Costa,21,Valinhos,SP,CB 650R,HONDA,Naked,2024,54917.0,Moto Center Valinhos,Valinhos,Pedro Souza,AGENDADA,Financiamento,2026-07-27,renata.costa694@email.com,11999990694
695,Lucas Ferreira,46,Vinhedo,SP,PCX 160,HONDA,Scooter,2025,20706.0,Moto Center Vinhedo,Vinhedo,Joao Silva,AGENDADA,Financiamento,2026-03-16,lucas.ferreira695@email.com,11999990695
696,Pedro Oliveira,29,Jundiai,SP,MT-03,YAMAHA,Naked,2024,33143.0,Moto Center Jundiai,Jundiai,Joao Silva,CONCLUIDA,Pix,2026-11-15,pedro.oliveira696@email.com,11999990696
697,Pedro Oliveira,61,Vinhedo,SP,CB 650R,HONDA,Naked,2024,51340.0,Moto Center Vinhedo,Vinhedo,Joao Silva,CANCELADA,Cartão,2026-01-13,pedro.oliveira697@email.com,11999990697
698,Diego Martins,23,Valinhos,SP,MT-03,YAMAHA,Naked,2024,34110.0,Moto Center Valinhos,Valinhos,Carlos Santos,AGENDADA,Pix,2026-05-23,diego.martins698@email.com,11999990698
699,Lucas Ferreira,53,Vinhedo,SP,MT-07,YAMAHA,Naked,2024,50752.0,Moto Center Vinhedo,Vinhedo,Pedro Souza,CANCELADA,Cartão,2026-02-27,lucas.ferreira699@email.com,11999990699
700,Amanda Rodrigues,22,Valinhos,SP,CB 650R,HONDA,Naked,2024,54513.0,Moto Center Valinhos,Valinhos,Pedro Souza,CONCLUIDA,Pix,2026-11-28,amanda.rodrigues700@email.com,11999990700
701,Pedro Oliveira,18,Jundiai,SP,MT-03,YAMAHA,Naked,2024,34964.0,Moto Center Jundiai,Jundiai,Carlos Santos,AGENDADA,Financiamento,2026-12-21,pedro.oliveira701@email.com,11999990701
702,Bruno Lima,73,Valinhos,SP,NINJA 400,KAWASAKI,Esportiva,2023,37921.0,Moto Center Valinhos,Valinhos,Pedro Souza,CONCLUIDA,Cartão,2026-01-28,bruno.lima702@email.com,11999990702
703,Mariana Silva,23,Valinhos,SP,PCX 160,HONDA,Scooter,2025,21685.0,Moto Center Valinhos,Valinhos,Carlos Santos,CONCLUIDA,Pix,2026-06-06,mariana.silva703@email.com,11999990703
704,Diego Martins,48,Valinhos,SP,CB 650R,HONDA,Naked,2024,52805.0,Moto Center Valinhos,Valinhos,Pedro Souza,AGENDADA,Pix,2026-05-12,diego.martins704@email.com,11999990704
705,Renata Costa,73,Campinas,SP,CB 650R,HONDA,Naked,2024,50526.0,Moto Center Campinas,Campinas,Joao Silva,CANCELADA,Financiamento,2026-02-19,renata.costa705@email.com,11999990705
706,Amanda Rodrigues,45,Jundiai,SP,MT-03,YAMAHA,Naked,2024,34931.0,Moto Center Jundiai,Jundiai,Joao Silva,CONCLUIDA,Financiamento,2026-04-12,amanda.rodrigues706@email.com,11999990706
707,Diego Martins,43,Vinhedo,SP,CB 500F,HONDA,Naked,2024,40825.0,Moto Center Vinhedo,Vinhedo,Carlos Santos,CONCLUIDA,Cartão,2026-12-03,diego.martins707@email.com,11999990707
708,Renata Costa,18,Jundiai,SP,PCX 160,HONDA,Scooter,2025,22953.0,Moto Center Jundiai,Jundiai,Carlos Santos,AGENDADA,Cartão,2026-02-23,renata.costa708@email.com,11999990708
709,Carolina Gomes,46,Campinas,SP,MT-03,YAMAHA,Naked,2024,34252.0,Moto Center Campinas,Campinas,Maria Oliveira,CANCELADA,Financiamento,2026-09-15,carolina.gomes709@email.com,11999990709
710,Fernanda Alves,47,Valinhos,SP,PCX 160,HONDA,Scooter,2025,22132.0,Moto Center Valinhos,Valinhos,Maria Oliveira,CONCLUIDA,Pix,2026-07-27,fernanda.alves710@email.com,11999990710
711,Renata Costa,54,Valinhos,SP,CB 500F,HONDA,Naked,2024,42705.0,Moto Center Valinhos,Valinhos,Pedro Souza,AGENDADA,Pix,2026-08-06,renata.costa711@email.com,11999990711
712,Renata Costa,28,Valinhos,SP,MT-07,YAMAHA,Naked,2024,49433.0,Moto Center Valinhos,Valinhos,Maria Oliveira,AGENDADA,Pix,2026-09-20,renata.costa712@email.com,11999990712
713,Joao Santos,42,Vinhedo,SP,MT-03,YAMAHA,Naked,2024,31747.0,Moto Center Vinhedo,Vinhedo,Pedro Souza,AGENDADA,Cartão,2026-01-11,joão.santos713@email.com,11999990713
714,Pedro Oliveira,67,Vinhedo,SP,PCX 160,HONDA,Scooter,2025,19205.0,Moto Center Vinhedo,Vinhedo,Carlos Santos,CANCELADA,Pix,2026-11-17,pedro.oliveira714@email.com,11999990714
715,Lucas Ferreira,62,Vinhedo,SP,VERSYS 650,KAWASAKI,Trail,2024,47803.0,Moto Center Vinhedo,Vinhedo,Carlos Santos,AGENDADA,Pix,2026-04-07,lucas.ferreira715@email.com,11999990715
716,Mariana Silva,49,Campinas,SP,MT-07,YAMAHA,Naked,2024,47638.0,Moto Center Campinas,Campinas,Pedro Souza,AGENDADA,Pix,2026-01-14,mariana.silva716@email.com,11999990716
717,Amanda Rodrigues,64,Campinas,SP,CB 500F,HONDA,Naked,2024,43091.0,Moto Center Campinas,Campinas,Carlos Santos,AGENDADA,Pix,2026-09-19,amanda.rodrigues717@email.com,11999990717
718,Marcos Pereira,45,Campinas,SP,NINJA 400,KAWASAKI,Esportiva,2023,36710.0,Moto Center Campinas,Campinas,Joao Silva,CANCELADA,Financiamento,2026-05-18,marcos.pereira718@email.com,11999990718
719,Ana Souza,74,Jundiai,SP,PCX 160,HONDA,Scooter,2025,18546.0,Moto Center Jundiai,Jundiai,Joao Silva,CONCLUIDA,Pix,2026-01-07,ana.souza719@email.com,11999990719
720,Lucas Ferreira,75,Vinhedo,SP,MT-03,YAMAHA,Naked,2024,33333.0,Moto Center Vinhedo,Vinhedo,Pedro Souza,AGENDADA,Cartão,2026-08-05,lucas.ferreira720@email.com,11999990720
721,Carolina Gomes,46,Vinhedo,SP,VERSYS 650,KAWASAKI,Trail,2024,48433.0,Moto Center Vinhedo,Vinhedo,Pedro Souza,CONCLUIDA,Financiamento,2026-12-01,carolina.gomes721@email.com,11999990721
722,Pedro Oliveira,49,Campinas,SP,MT-07,YAMAHA,Naked,2024,50035.0,Moto Center Campinas,Campinas,Joao Silva,CANCELADA,Financiamento,2026-01-16,pedro.oliveira722@email.com,11999990722
723,Carlos Mendes,41,Valinhos,SP,MT-03,YAMAHA,Naked,2024,30280.0,Moto Center Valinhos,Valinhos,Carlos Santos,CANCELADA,Pix,2026-11-11,carlos.mendes723@email.com,11999990723
724,Diego Martins,61,Campinas,SP,VERSYS 650,KAWASAKI,Trail,2024,47186.0,Moto Center Campinas,Campinas,Pedro Souza,CANCELADA,Financiamento,2026-08-11,diego.martins724@email.com,11999990724
725,Fernanda Alves,23,Campinas,SP,MT-07,YAMAHA,Naked,2024,46999.0,Moto Center Campinas,Campinas,Pedro Souza,AGENDADA,Cartão,2026-10-04,fernanda.alves725@email.com,11999990725
726,Ana Souza,48,Vinhedo,SP,VERSYS 650,KAWASAKI,Trail,2024,52313.0,Moto Center Vinhedo,Vinhedo,Pedro Souza,CANCELADA,Cartão,2026-07-09,ana.souza726@email.com,11999990726
727,Joao Santos,24,Vinhedo,SP,NINJA 400,KAWASAKI,Esportiva,2023,35793.0,Moto Center Vinhedo,Vinhedo,Joao Silva,AGENDADA,Financiamento,2026-05-10,joão.santos727@email.com,11999990727
728,Fernanda Alves,52,Jundiai,SP,NINJA 400,KAWASAKI,Esportiva,2023,37062.0,Moto Center Jundiai,Jundiai,Pedro Souza,CANCELADA,Cartão,2026-06-10,fernanda.alves728@email.com,11999990728
729,Thiago Alves,26,Jundiai,SP,VERSYS 650,KAWASAKI,Trail,2024,52876.0,Moto Center Jundiai,Jundiai,Carlos Santos,CONCLUIDA,Pix,2026-05-22,thiago.alves729@email.com,11999990729
730,Renata Costa,20,Vinhedo,SP,CB 650R,HONDA,Naked,2024,50500.0,Moto Center Vinhedo,Vinhedo,Carlos Santos,AGENDADA,Pix,2026-11-06,renata.costa730@email.com,11999990730
731,Lucas Ferreira,40,Valinhos,SP,NINJA 400,KAWASAKI,Esportiva,2023,34556.0,Moto Center Valinhos,Valinhos,Joao Silva,AGENDADA,Pix,2026-03-28,lucas.ferreira731@email.com,11999990731
732,Lucas Ferreira,72,Valinhos,SP,CB 500F,HONDA,Naked,2024,42311.0,Moto Center Valinhos,Valinhos,Pedro Souza,CANCELADA,Cartão,2026-10-08,lucas.ferreira732@email.com,11999990732
733,Ana Souza,52,Campinas,SP,CB 650R,HONDA,Naked,2024,51168.0,Moto Center Campinas,Campinas,Carlos Santos,CONCLUIDA,Financiamento,2026-11-28,ana.souza733@email.com,11999990733
734,Carlos Mendes,61,Campinas,SP,MT-03,YAMAHA,Naked,2024,35006.0,Moto Center Campinas,Campinas,Joao Silva,CONCLUIDA,Pix,2026-06-15,carlos.mendes734@email.com,11999990734
735,Marcos Pereira,69,Vinhedo,SP,PCX 160,HONDA,Scooter,2025,18946.0,Moto Center Vinhedo,Vinhedo,Joao Silva,AGENDADA,Financiamento,2026-02-21,marcos.pereira735@email.com,11999990735
736,Carlos Mendes,61,Jundiai,SP,CB 650R,HONDA,Naked,2024,50148.0,Moto Center Jundiai,Jundiai,Maria Oliveira,AGENDADA,Pix,2026-02-24,carlos.mendes736@email.com,11999990736
737,Bruno Lima,74,Vinhedo,SP,VERSYS 650,KAWASAKI,Trail,2024,47268.0,Moto Center Vinhedo,Vinhedo,Pedro Souza,AGENDADA,Pix,2026-05-17,bruno.lima737@email.com,11999990737
738,Juliana Costa,20,Vinhedo,SP,MT-07,YAMAHA,Naked,2024,51601.0,Moto Center Vinhedo,Vinhedo,Pedro Souza,CONCLUIDA,Pix,2026-06-26,juliana.costa738@email.com,11999990738
739,Thiago Alves,41,Valinhos,SP,CB 650R,HONDA,Naked,2024,55545.0,Moto Center Valinhos,Valinhos,Joao Silva,AGENDADA,Pix,2026-01-07,thiago.alves739@email.com,11999990739
740,Mariana Silva,23,Valinhos,SP,MT-03,YAMAHA,Naked,2024,29699.0,Moto Center Valinhos,Valinhos,Joao Silva,CANCELADA,Financiamento,2026-08-13,mariana.silva740@email.com,11999990740
741,Amanda Rodrigues,68,Campinas,SP,PCX 160,HONDA,Scooter,2025,19015.0,Moto Center Campinas,Campinas,Pedro Souza,CONCLUIDA,Pix,2026-09-08,amanda.rodrigues741@email.com,11999990741
742,Diego Martins,20,Campinas,SP,VERSYS 650,KAWASAKI,Trail,2024,48887.0,Moto Center Campinas,Campinas,Pedro Souza,AGENDADA,Pix,2026-06-25,diego.martins742@email.com,11999990742
743,Carolina Gomes,59,Campinas,SP,CB 650R,HONDA,Naked,2024,50479.0,Moto Center Campinas,Campinas,Maria Oliveira,AGENDADA,Financiamento,2026-01-25,carolina.gomes743@email.com,11999990743
744,Lucas Ferreira,43,Valinhos,SP,MT-07,YAMAHA,Naked,2024,52018.0,Moto Center Valinhos,Valinhos,Maria Oliveira,CANCELADA,Financiamento,2026-09-26,lucas.ferreira744@email.com,11999990744
745,Carolina Gomes,73,Jundiai,SP,VERSYS 650,KAWASAKI,Trail,2024,52685.0,Moto Center Jundiai,Jundiai,Carlos Santos,CANCELADA,Pix,2026-09-13,carolina.gomes745@email.com,11999990745
746,Diego Martins,44,Campinas,SP,MT-03,YAMAHA,Naked,2024,34292.0,Moto Center Campinas,Campinas,Pedro Souza,CANCELADA,Financiamento,2026-05-20,diego.martins746@email.com,11999990746
747,Mariana Silva,70,Campinas,SP,CB 650R,HONDA,Naked,2024,54546.0,Moto Center Campinas,Campinas,Joao Silva,CANCELADA,Cartão,2026-12-07,mariana.silva747@email.com,11999990747
748,Diego Martins,28,Valinhos,SP,MT-07,YAMAHA,Naked,2024,52475.0,Moto Center Valinhos,Valinhos,Joao Silva,AGENDADA,Financiamento,2026-01-24,diego.martins748@email.com,11999990748
749,Amanda Rodrigues,21,Campinas,SP,VERSYS 650,KAWASAKI,Trail,2024,49249.0,Moto Center Campinas,Campinas,Carlos Santos,AGENDADA,Financiamento,2026-02-04,amanda.rodrigues749@email.com,11999990749
750,Juliana Costa,55,Valinhos,SP,MT-03,YAMAHA,Naked,2024,34924.0,Moto Center Valinhos,Valinhos,Pedro Souza,AGENDADA,Financiamento,2026-05-20,juliana.costa750@email.com,11999990750
751,Bruno Lima,20,Jundiai,SP,NINJA 400,KAWASAKI,Esportiva,2023,34113.0,Moto Center Jundiai,Jundiai,Pedro Souza,CANCELADA,Pix,2026-12-07,bruno.lima751@email.com,11999990751
752,Juliana Costa,56,Campinas,SP,NINJA 400,KAWASAKI,Esportiva,2023,37082.0,Moto Center Campinas,Campinas,Carlos Santos,CONCLUIDA,Pix,2026-07-11,juliana.costa752@email.com,11999990752
753,Mariana Silva,25,Valinhos,SP,MT-07,YAMAHA,Naked,2024,47622.0,Moto Center Valinhos,Valinhos,Joao Silva,CANCELADA,Cartão,2026-04-27,mariana.silva753@email.com,11999990753
754,Juliana Costa,48,Vinhedo,SP,VERSYS 650,KAWASAKI,Trail,2024,52666.0,Moto Center Vinhedo,Vinhedo,Carlos Santos,AGENDADA,Financiamento,2026-07-12,juliana.costa754@email.com,11999990754
755,Ana Souza,39,Campinas,SP,CB 500F,HONDA,Naked,2024,40153.0,Moto Center Campinas,Campinas,Maria Oliveira,AGENDADA,Pix,2026-02-21,ana.souza755@email.com,11999990755
756,Carlos Mendes,30,Valinhos,SP,MT-07,YAMAHA,Naked,2024,49599.0,Moto Center Valinhos,Valinhos,Joao Silva,CONCLUIDA,Financiamento,2026-10-07,carlos.mendes756@email.com,11999990756
757,Renata Costa,42,Jundiai,SP,PCX 160,HONDA,Scooter,2025,23283.0,Moto Center Jundiai,Jundiai,Carlos Santos,AGENDADA,Financiamento,2026-07-08,renata.costa757@email.com,11999990757
758,Joao Santos,42,Jundiai,SP,CB 650R,HONDA,Naked,2024,54747.0,Moto Center Jundiai,Jundiai,Carlos Santos,AGENDADA,Pix,2026-09-27,joão.santos758@email.com,11999990758
759,Fernanda Alves,29,Jundiai,SP,PCX 160,HONDA,Scooter,2025,23806.0,Moto Center Jundiai,Jundiai,Pedro Souza,CONCLUIDA,Cartão,2026-10-27,fernanda.alves759@email.com,11999990759
760,Carlos Mendes,49,Jundiai,SP,MT-03,YAMAHA,Naked,2024,30992.0,Moto Center Jundiai,Jundiai,Maria Oliveira,CANCELADA,Financiamento,2026-08-05,carlos.mendes760@email.com,11999990760
761,Carolina Gomes,62,Campinas,SP,PCX 160,HONDA,Scooter,2025,20356.0,Moto Center Campinas,Campinas,Joao Silva,CONCLUIDA,Cartão,2026-09-11,carolina.gomes761@email.com,11999990761
762,Marcos Pereira,59,Jundiai,SP,VERSYS 650,KAWASAKI,Trail,2024,49151.0,Moto Center Jundiai,Jundiai,Carlos Santos,AGENDADA,Pix,2026-05-12,marcos.pereira762@email.com,11999990762
763,Carlos Mendes,48,Valinhos,SP,MT-07,YAMAHA,Naked,2024,52456.0,Moto Center Valinhos,Valinhos,Carlos Santos,CANCELADA,Cartão,2026-06-14,carlos.mendes763@email.com,11999990763
764,Fernanda Alves,56,Vinhedo,SP,NINJA 400,KAWASAKI,Esportiva,2023,35245.0,Moto Center Vinhedo,Vinhedo,Joao Silva,CANCELADA,Pix,2026-04-24,fernanda.alves764@email.com,11999990764
765,Carolina Gomes,22,Jundiai,SP,NINJA 400,KAWASAKI,Esportiva,2023,33967.0,Moto Center Jundiai,Jundiai,Joao Silva,CANCELADA,Cartão,2026-12-17,carolina.gomes765@email.com,11999990765
766,Pedro Oliveira,62,Vinhedo,SP,PCX 160,HONDA,Scooter,2025,23165.0,Moto Center Vinhedo,Vinhedo,Joao Silva,CANCELADA,Cartão,2026-11-21,pedro.oliveira766@email.com,11999990766
767,Renata Costa,36,Vinhedo,SP,CB 500F,HONDA,Naked,2024,41838.0,Moto Center Vinhedo,Vinhedo,Carlos Santos,CONCLUIDA,Pix,2026-04-13,renata.costa767@email.com,11999990767
768,Lucas Ferreira,53,Valinhos,SP,NINJA 400,KAWASAKI,Esportiva,2023,38194.0,Moto Center Valinhos,Valinhos,Carlos Santos,CANCELADA,Pix,2026-11-14,lucas.ferreira768@email.com,11999990768
769,Marcos Pereira,48,Campinas,SP,MT-07,YAMAHA,Naked,2024,50863.0,Moto Center Campinas,Campinas,Pedro Souza,AGENDADA,Cartão,2026-12-21,marcos.pereira769@email.com,11999990769
770,Carlos Mendes,19,Vinhedo,SP,PCX 160,HONDA,Scooter,2025,20110.0,Moto Center Vinhedo,Vinhedo,Carlos Santos,AGENDADA,Financiamento,2026-09-23,carlos.mendes770@email.com,11999990770
771,Diego Martins,57,Valinhos,SP,MT-03,YAMAHA,Naked,2024,32922.0,Moto Center Valinhos,Valinhos,Maria Oliveira,CONCLUIDA,Cartão,2026-09-27,diego.martins771@email.com,11999990771
772,Ana Souza,55,Jundiai,SP,CB 650R,HONDA,Naked,2024,51890.0,Moto Center Jundiai,Jundiai,Pedro Souza,AGENDADA,Pix,2026-10-23,ana.souza772@email.com,11999990772
773,Bruno Lima,40,Campinas,SP,PCX 160,HONDA,Scooter,2025,19584.0,Moto Center Campinas,Campinas,Carlos Santos,CANCELADA,Pix,2026-04-20,bruno.lima773@email.com,11999990773
774,Amanda Rodrigues,21,Campinas,SP,CB 650R,HONDA,Naked,2024,50893.0,Moto Center Campinas,Campinas,Carlos Santos,CANCELADA,Pix,2026-09-28,amanda.rodrigues774@email.com,11999990774
775,Carolina Gomes,35,Campinas,SP,NINJA 400,KAWASAKI,Esportiva,2023,38375.0,Moto Center Campinas,Campinas,Maria Oliveira,AGENDADA,Financiamento,2026-05-24,carolina.gomes775@email.com,11999990775
776,Bruno Lima,59,Valinhos,SP,MT-07,YAMAHA,Naked,2024,52818.0,Moto Center Valinhos,Valinhos,Pedro Souza,AGENDADA,Pix,2026-01-25,bruno.lima776@email.com,11999990776
777,Ana Souza,33,Campinas,SP,VERSYS 650,KAWASAKI,Trail,2024,50694.0,Moto Center Campinas,Campinas,Joao Silva,CONCLUIDA,Cartão,2026-11-26,ana.souza777@email.com,11999990777
778,Thiago Alves,56,Campinas,SP,PCX 160,HONDA,Scooter,2025,22454.0,Moto Center Campinas,Campinas,Joao Silva,CANCELADA,Cartão,2026-01-24,thiago.alves778@email.com,11999990778
779,Renata Costa,61,Jundiai,SP,PCX 160,HONDA,Scooter,2025,18635.0,Moto Center Jundiai,Jundiai,Joao Silva,CONCLUIDA,Cartão,2026-08-21,renata.costa779@email.com,11999990779
780,Ana Souza,50,Valinhos,SP,CB 650R,HONDA,Naked,2024,53312.0,Moto Center Valinhos,Valinhos,Joao Silva,CANCELADA,Pix,2026-04-08,ana.souza780@email.com,11999990780
781,Amanda Rodrigues,53,Vinhedo,SP,MT-03,YAMAHA,Naked,2024,32348.0,Moto Center Vinhedo,Vinhedo,Joao Silva,AGENDADA,Cartão,2026-04-01,amanda.rodrigues781@email.com,11999990781
782,Fernanda Alves,21,Vinhedo,SP,PCX 160,HONDA,Scooter,2025,21684.0,Moto Center Vinhedo,Vinhedo,Pedro Souza,CONCLUIDA,Pix,2026-10-28,fernanda.alves782@email.com,11999990782
783,Bruno Lima,58,Jundiai,SP,PCX 160,HONDA,Scooter,2025,20034.0,Moto Center Jundiai,Jundiai,Maria Oliveira,CONCLUIDA,Pix,2026-02-13,bruno.lima783@email.com,11999990783
784,Carlos Mendes,35,Valinhos,SP,NINJA 400,KAWASAKI,Esportiva,2023,35188.0,Moto Center Valinhos,Valinhos,Carlos Santos,CONCLUIDA,Pix,2026-04-24,carlos.mendes784@email.com,11999990784
785,Pedro Oliveira,73,Campinas,SP,VERSYS 650,KAWASAKI,Trail,2024,51498.0,Moto Center Campinas,Campinas,Carlos Santos,AGENDADA,Cartão,2026-01-05,pedro.oliveira785@email.com,11999990785
786,Marcos Pereira,50,Valinhos,SP,MT-07,YAMAHA,Naked,2024,49512.0,Moto Center Valinhos,Valinhos,Joao Silva,CANCELADA,Pix,2026-02-08,marcos.pereira786@email.com,11999990786
787,Marcos Pereira,71,Jundiai,SP,CB 500F,HONDA,Naked,2024,43212.0,Moto Center Jundiai,Jundiai,Pedro Souza,CONCLUIDA,Cartão,2026-08-17,marcos.pereira787@email.com,11999990787
788,Mariana Silva,18,Campinas,SP,VERSYS 650,KAWASAKI,Trail,2024,51825.0,Moto Center Campinas,Campinas,Carlos Santos,AGENDADA,Pix,2026-01-01,mariana.silva788@email.com,11999990788
789,Bruno Lima,49,Campinas,SP,MT-03,YAMAHA,Naked,2024,33772.0,Moto Center Campinas,Campinas,Carlos Santos,CONCLUIDA,Financiamento,2026-08-15,bruno.lima789@email.com,11999990789
790,Lucas Ferreira,44,Campinas,SP,MT-03,YAMAHA,Naked,2024,32568.0,Moto Center Campinas,Campinas,Pedro Souza,AGENDADA,Cartão,2026-02-11,lucas.ferreira790@email.com,11999990790
791,Thiago Alves,31,Campinas,SP,CB 650R,HONDA,Naked,2024,50074.0,Moto Center Campinas,Campinas,Joao Silva,AGENDADA,Cartão,2026-02-22,thiago.alves791@email.com,11999990791
792,Lucas Ferreira,53,Vinhedo,SP,MT-07,YAMAHA,Naked,2024,47120.0,Moto Center Vinhedo,Vinhedo,Joao Silva,CONCLUIDA,Cartão,2026-07-26,lucas.ferreira792@email.com,11999990792
793,Carlos Mendes,72,Jundiai,SP,CB 500F,HONDA,Naked,2024,45196.0,Moto Center Jundiai,Jundiai,Joao Silva,AGENDADA,Cartão,2026-03-10,carlos.mendes793@email.com,11999990793
794,Fernanda Alves,36,Jundiai,SP,VERSYS 650,KAWASAKI,Trail,2024,48693.0,Moto Center Jundiai,Jundiai,Pedro Souza,AGENDADA,Pix,2026-03-06,fernanda.alves794@email.com,11999990794
795,Carolina Gomes,46,Valinhos,SP,NINJA 400,KAWASAKI,Esportiva,2023,38617.0,Moto Center Valinhos,Valinhos,Carlos Santos,CANCELADA,Cartão,2026-03-19,carolina.gomes795@email.com,11999990795
796,Mariana Silva,50,Vinhedo,SP,MT-07,YAMAHA,Naked,2024,49665.0,Moto Center Vinhedo,Vinhedo,Joao Silva,CANCELADA,Cartão,2026-01-18,mariana.silva796@email.com,11999990796
797,Lucas Ferreira,68,Campinas,SP,VERSYS 650,KAWASAKI,Trail,2024,51822.0,Moto Center Campinas,Campinas,Maria Oliveira,CANCELADA,Financiamento,2026-10-24,lucas.ferreira797@email.com,11999990797
798,Marcos Pereira,33,Campinas,SP,MT-03,YAMAHA,Naked,2024,34220.0,Moto Center Campinas,Campinas,Pedro Souza,CONCLUIDA,Pix,2026-11-15,marcos.pereira798@email.com,11999990798
799,Carlos Mendes,61,Campinas,SP,VERSYS 650,KAWASAKI,Trail,2024,51898.0,Moto Center Campinas,Campinas,Pedro Souza,CONCLUIDA,Financiamento,2026-07-19,carlos.mendes799@email.com,11999990799
800,Marcos Pereira,60,Valinhos,SP,CB 500F,HONDA,Naked,2024,42286.0,Moto Center Valinhos,Valinhos,Carlos Santos,CANCELADA,Financiamento,2026-06-12,marcos.pereira800@email.com,11999990800
801,Mariana Silva,35,Jundiai,SP,NINJA 400,KAWASAKI,Esportiva,2023,35024.0,Moto Center Jundiai,Jundiai,Carlos Santos,AGENDADA,Cartão,2026-06-11,mariana.silva801@email.com,11999990801
802,Ana Souza,56,Jundiai,SP,CB 650R,HONDA,Naked,2024,55925.0,Moto Center Jundiai,Jundiai,Maria Oliveira,CANCELADA,Pix,2026-11-04,ana.souza802@email.com,11999990802
803,Diego Martins,24,Campinas,SP,CB 650R,HONDA,Naked,2024,52259.0,Moto Center Campinas,Campinas,Carlos Santos,CONCLUIDA,Financiamento,2026-12-24,diego.martins803@email.com,11999990803
804,Fernanda Alves,69,Campinas,SP,PCX 160,HONDA,Scooter,2025,22598.0,Moto Center Campinas,Campinas,Joao Silva,CONCLUIDA,Cartão,2026-09-05,fernanda.alves804@email.com,11999990804
805,Diego Martins,35,Vinhedo,SP,MT-03,YAMAHA,Naked,2024,34510.0,Moto Center Vinhedo,Vinhedo,Carlos Santos,CONCLUIDA,Cartão,2026-02-26,diego.martins805@email.com,11999990805
806,Carolina Gomes,26,Campinas,SP,MT-07,YAMAHA,Naked,2024,47113.0,Moto Center Campinas,Campinas,Joao Silva,CONCLUIDA,Cartão,2026-12-22,carolina.gomes806@email.com,11999990806
807,Fernanda Alves,43,Jundiai,SP,VERSYS 650,KAWASAKI,Trail,2024,48250.0,Moto Center Jundiai,Jundiai,Maria Oliveira,AGENDADA,Cartão,2026-04-27,fernanda.alves807@email.com,11999990807
808,Carolina Gomes,49,Valinhos,SP,NINJA 400,KAWASAKI,Esportiva,2023,33698.0,Moto Center Valinhos,Valinhos,Pedro Souza,CONCLUIDA,Pix,2026-08-21,carolina.gomes808@email.com,11999990808
809,Marcos Pereira,64,Jundiai,SP,MT-03,YAMAHA,Naked,2024,34294.0,Moto Center Jundiai,Jundiai,Maria Oliveira,CANCELADA,Cartão,2026-12-07,marcos.pereira809@email.com,11999990809
810,Bruno Lima,40,Vinhedo,SP,CB 500F,HONDA,Naked,2024,40077.0,Moto Center Vinhedo,Vinhedo,Maria Oliveira,AGENDADA,Pix,2026-05-27,bruno.lima810@email.com,11999990810
811,Pedro Oliveira,65,Vinhedo,SP,CB 650R,HONDA,Naked,2024,54046.0,Moto Center Vinhedo,Vinhedo,Maria Oliveira,CONCLUIDA,Financiamento,2026-07-09,pedro.oliveira811@email.com,11999990811
812,Thiago Alves,74,Jundiai,SP,NINJA 400,KAWASAKI,Esportiva,2023,38269.0,Moto Center Jundiai,Jundiai,Maria Oliveira,CANCELADA,Cartão,2026-12-16,thiago.alves812@email.com,11999990812
813,Joao Santos,42,Valinhos,SP,PCX 160,HONDA,Scooter,2025,20094.0,Moto Center Valinhos,Valinhos,Carlos Santos,AGENDADA,Pix,2026-03-14,joão.santos813@email.com,11999990813
814,Renata Costa,20,Vinhedo,SP,NINJA 400,KAWASAKI,Esportiva,2023,34901.0,Moto Center Vinhedo,Vinhedo,Joao Silva,CANCELADA,Cartão,2026-09-09,renata.costa814@email.com,11999990814
815,Carlos Mendes,46,Vinhedo,SP,CB 500F,HONDA,Naked,2024,45024.0,Moto Center Vinhedo,Vinhedo,Joao Silva,CONCLUIDA,Financiamento,2026-09-02,carlos.mendes815@email.com,11999990815
816,Pedro Oliveira,20,Jundiai,SP,MT-03,YAMAHA,Naked,2024,34451.0,Moto Center Jundiai,Jundiai,Maria Oliveira,CONCLUIDA,Financiamento,2026-01-03,pedro.oliveira816@email.com,11999990816
817,Mariana Silva,32,Vinhedo,SP,MT-07,YAMAHA,Naked,2024,50522.0,Moto Center Vinhedo,Vinhedo,Carlos Santos,CONCLUIDA,Pix,2026-01-22,mariana.silva817@email.com,11999990817
818,Amanda Rodrigues,62,Campinas,SP,NINJA 400,KAWASAKI,Esportiva,2023,35821.0,Moto Center Campinas,Campinas,Maria Oliveira,AGENDADA,Financiamento,2026-05-08,amanda.rodrigues818@email.com,11999990818
819,Carolina Gomes,34,Valinhos,SP,VERSYS 650,KAWASAKI,Trail,2024,49853.0,Moto Center Valinhos,Valinhos,Carlos Santos,AGENDADA,Financiamento,2026-09-07,carolina.gomes819@email.com,11999990819
820,Joao Santos,49,Jundiai,SP,CB 500F,HONDA,Naked,2024,39835.0,Moto Center Jundiai,Jundiai,Pedro Souza,CANCELADA,Cartão,2026-08-20,joão.santos820@email.com,11999990820
821,Bruno Lima,56,Jundiai,SP,MT-03,YAMAHA,Naked,2024,33254.0,Moto Center Jundiai,Jundiai,Joao Silva,CONCLUIDA,Financiamento,2026-09-05,bruno.lima821@email.com,11999990821
822,Lucas Ferreira,47,Jundiai,SP,VERSYS 650,KAWASAKI,Trail,2024,47651.0,Moto Center Jundiai,Jundiai,Joao Silva,CANCELADA,Pix,2026-02-17,lucas.ferreira822@email.com,11999990822
823,Mariana Silva,39,Valinhos,SP,PCX 160,HONDA,Scooter,2025,20794.0,Moto Center Valinhos,Valinhos,Maria Oliveira,CANCELADA,Pix,2026-09-13,mariana.silva823@email.com,11999990823
824,Juliana Costa,45,Campinas,SP,CB 500F,HONDA,Naked,2024,41071.0,Moto Center Campinas,Campinas,Carlos Santos,CONCLUIDA,Cartão,2026-04-26,juliana.costa824@email.com,11999990824
825,Amanda Rodrigues,21,Jundiai,SP,MT-07,YAMAHA,Naked,2024,52867.0,Moto Center Jundiai,Jundiai,Joao Silva,CANCELADA,Cartão,2026-05-26,amanda.rodrigues825@email.com,11999990825
826,Diego Martins,74,Vinhedo,SP,MT-03,YAMAHA,Naked,2024,33175.0,Moto Center Vinhedo,Vinhedo,Carlos Santos,CONCLUIDA,Cartão,2026-09-01,diego.martins826@email.com,11999990826
827,Lucas Ferreira,35,Vinhedo,SP,MT-07,YAMAHA,Naked,2024,49638.0,Moto Center Vinhedo,Vinhedo,Carlos Santos,CONCLUIDA,Financiamento,2026-12-28,lucas.ferreira827@email.com,11999990827
828,Fernanda Alves,31,Campinas,SP,CB 500F,HONDA,Naked,2024,43625.0,Moto Center Campinas,Campinas,Maria Oliveira,CANCELADA,Pix,2026-09-28,fernanda.alves828@email.com,11999990828
829,Fernanda Alves,39,Campinas,SP,CB 650R,HONDA,Naked,2024,51919.0,Moto Center Campinas,Campinas,Carlos Santos,CONCLUIDA,Cartão,2026-09-16,fernanda.alves829@email.com,11999990829
830,Carlos Mendes,31,Vinhedo,SP,CB 500F,HONDA,Naked,2024,44501.0,Moto Center Vinhedo,Vinhedo,Joao Silva,AGENDADA,Pix,2026-03-11,carlos.mendes830@email.com,11999990830
831,Carolina Gomes,46,Campinas,SP,VERSYS 650,KAWASAKI,Trail,2024,51301.0,Moto Center Campinas,Campinas,Maria Oliveira,AGENDADA,Financiamento,2026-06-01,carolina.gomes831@email.com,11999990831
832,Thiago Alves,35,Jundiai,SP,NINJA 400,KAWASAKI,Esportiva,2023,33003.0,Moto Center Jundiai,Jundiai,Maria Oliveira,AGENDADA,Cartão,2026-04-08,thiago.alves832@email.com,11999990832
833,Carlos Mendes,33,Vinhedo,SP,PCX 160,HONDA,Scooter,2025,23052.0,Moto Center Vinhedo,Vinhedo,Maria Oliveira,AGENDADA,Financiamento,2026-11-04,carlos.mendes833@email.com,11999990833
834,Pedro Oliveira,64,Valinhos,SP,NINJA 400,KAWASAKI,Esportiva,2023,36707.0,Moto Center Valinhos,Valinhos,Pedro Souza,AGENDADA,Pix,2026-05-17,pedro.oliveira834@email.com,11999990834
835,Bruno Lima,50,Vinhedo,SP,PCX 160,HONDA,Scooter,2025,20862.0,Moto Center Vinhedo,Vinhedo,Maria Oliveira,CANCELADA,Pix,2026-10-05,bruno.lima835@email.com,11999990835
836,Diego Martins,37,Jundiai,SP,VERSYS 650,KAWASAKI,Trail,2024,49897.0,Moto Center Jundiai,Jundiai,Carlos Santos,CONCLUIDA,Pix,2026-04-14,diego.martins836@email.com,11999990836
837,Ana Souza,64,Valinhos,SP,PCX 160,HONDA,Scooter,2025,23150.0,Moto Center Valinhos,Valinhos,Carlos Santos,AGENDADA,Financiamento,2026-02-04,ana.souza837@email.com,11999990837
838,Joao Santos,23,Vinhedo,SP,VERSYS 650,KAWASAKI,Trail,2024,49759.0,Moto Center Vinhedo,Vinhedo,Maria Oliveira,CANCELADA,Pix,2026-01-27,joão.santos838@email.com,11999990838
839,Mariana Silva,56,Valinhos,SP,CB 650R,HONDA,Naked,2024,52061.0,Moto Center Valinhos,Valinhos,Pedro Souza,CANCELADA,Pix,2026-07-01,mariana.silva839@email.com,11999990839
840,Bruno Lima,37,Vinhedo,SP,MT-07,YAMAHA,Naked,2024,47949.0,Moto Center Vinhedo,Vinhedo,Pedro Souza,CANCELADA,Cartão,2026-01-04,bruno.lima840@email.com,11999990840
841,Amanda Rodrigues,59,Jundiai,SP,VERSYS 650,KAWASAKI,Trail,2024,52051.0,Moto Center Jundiai,Jundiai,Carlos Santos,CONCLUIDA,Pix,2026-09-08,amanda.rodrigues841@email.com,11999990841
842,Renata Costa,20,Campinas,SP,CB 500F,HONDA,Naked,2024,41240.0,Moto Center Campinas,Campinas,Carlos Santos,CANCELADA,Pix,2026-09-01,renata.costa842@email.com,11999990842
843,Ana Souza,22,Vinhedo,SP,CB 500F,HONDA,Naked,2024,41683.0,Moto Center Vinhedo,Vinhedo,Carlos Santos,CANCELADA,Pix,2026-08-18,ana.souza843@email.com,11999990843
844,Ana Souza,20,Valinhos,SP,MT-07,YAMAHA,Naked,2024,50768.0,Moto Center Valinhos,Valinhos,Maria Oliveira,CANCELADA,Cartão,2026-06-09,ana.souza844@email.com,11999990844
845,Juliana Costa,45,Campinas,SP,PCX 160,HONDA,Scooter,2025,19059.0,Moto Center Campinas,Campinas,Maria Oliveira,AGENDADA,Financiamento,2026-06-26,juliana.costa845@email.com,11999990845
846,Thiago Alves,57,Jundiai,SP,CB 500F,HONDA,Naked,2024,42261.0,Moto Center Jundiai,Jundiai,Maria Oliveira,AGENDADA,Pix,2026-05-09,thiago.alves846@email.com,11999990846
847,Diego Martins,54,Valinhos,SP,MT-07,YAMAHA,Naked,2024,50644.0,Moto Center Valinhos,Valinhos,Pedro Souza,CANCELADA,Cartão,2026-08-15,diego.martins847@email.com,11999990847
848,Mariana Silva,69,Vinhedo,SP,CB 500F,HONDA,Naked,2024,44773.0,Moto Center Vinhedo,Vinhedo,Pedro Souza,CONCLUIDA,Pix,2026-09-23,mariana.silva848@email.com,11999990848
849,Amanda Rodrigues,58,Jundiai,SP,CB 650R,HONDA,Naked,2024,50037.0,Moto Center Jundiai,Jundiai,Pedro Souza,CONCLUIDA,Financiamento,2026-05-15,amanda.rodrigues849@email.com,11999990849
850,Amanda Rodrigues,27,Vinhedo,SP,PCX 160,HONDA,Scooter,2025,19467.0,Moto Center Vinhedo,Vinhedo,Pedro Souza,CANCELADA,Cartão,2026-09-14,amanda.rodrigues850@email.com,11999990850
851,Pedro Oliveira,36,Vinhedo,SP,PCX 160,HONDA,Scooter,2025,21174.0,Moto Center Vinhedo,Vinhedo,Carlos Santos,CANCELADA,Financiamento,2026-02-05,pedro.oliveira851@email.com,11999990851
852,Joao Santos,40,Jundiai,SP,MT-07,YAMAHA,Naked,2024,52471.0,Moto Center Jundiai,Jundiai,Joao Silva,CANCELADA,Cartão,2026-09-04,joão.santos852@email.com,11999990852
853,Bruno Lima,57,Jundiai,SP,CB 500F,HONDA,Naked,2024,45007.0,Moto Center Jundiai,Jundiai,Maria Oliveira,AGENDADA,Pix,2026-12-25,bruno.lima853@email.com,11999990853
854,Juliana Costa,22,Campinas,SP,MT-03,YAMAHA,Naked,2024,30483.0,Moto Center Campinas,Campinas,Maria Oliveira,CANCELADA,Pix,2026-06-11,juliana.costa854@email.com,11999990854
855,Lucas Ferreira,62,Jundiai,SP,PCX 160,HONDA,Scooter,2025,23364.0,Moto Center Jundiai,Jundiai,Joao Silva,AGENDADA,Cartão,2026-12-12,lucas.ferreira855@email.com,11999990855
856,Carlos Mendes,45,Vinhedo,SP,VERSYS 650,KAWASAKI,Trail,2024,48575.0,Moto Center Vinhedo,Vinhedo,Joao Silva,AGENDADA,Cartão,2026-01-16,carlos.mendes856@email.com,11999990856
857,Bruno Lima,29,Jundiai,SP,MT-03,YAMAHA,Naked,2024,31721.0,Moto Center Jundiai,Jundiai,Pedro Souza,AGENDADA,Financiamento,2026-05-10,bruno.lima857@email.com,11999990857
858,Juliana Costa,56,Jundiai,SP,MT-03,YAMAHA,Naked,2024,33693.0,Moto Center Jundiai,Jundiai,Joao Silva,AGENDADA,Pix,2026-04-03,juliana.costa858@email.com,11999990858
859,Carolina Gomes,67,Vinhedo,SP,CB 650R,HONDA,Naked,2024,51667.0,Moto Center Vinhedo,Vinhedo,Joao Silva,AGENDADA,Cartão,2026-02-13,carolina.gomes859@email.com,11999990859
860,Lucas Ferreira,48,Campinas,SP,VERSYS 650,KAWASAKI,Trail,2024,51521.0,Moto Center Campinas,Campinas,Joao Silva,AGENDADA,Financiamento,2026-05-16,lucas.ferreira860@email.com,11999990860
861,Mariana Silva,59,Jundiai,SP,CB 650R,HONDA,Naked,2024,54602.0,Moto Center Jundiai,Jundiai,Maria Oliveira,CONCLUIDA,Financiamento,2026-02-27,mariana.silva861@email.com,11999990861
862,Juliana Costa,75,Valinhos,SP,NINJA 400,KAWASAKI,Esportiva,2023,38724.0,Moto Center Valinhos,Valinhos,Carlos Santos,CANCELADA,Financiamento,2026-07-01,juliana.costa862@email.com,11999990862
863,Carolina Gomes,20,Campinas,SP,CB 650R,HONDA,Naked,2024,54255.0,Moto Center Campinas,Campinas,Carlos Santos,CANCELADA,Financiamento,2026-02-14,carolina.gomes863@email.com,11999990863
864,Pedro Oliveira,63,Jundiai,SP,PCX 160,HONDA,Scooter,2025,23874.0,Moto Center Jundiai,Jundiai,Maria Oliveira,AGENDADA,Financiamento,2026-09-25,pedro.oliveira864@email.com,11999990864
865,Marcos Pereira,54,Vinhedo,SP,VERSYS 650,KAWASAKI,Trail,2024,49966.0,Moto Center Vinhedo,Vinhedo,Maria Oliveira,CONCLUIDA,Cartão,2026-10-25,marcos.pereira865@email.com,11999990865
866,Joao Santos,51,Campinas,SP,MT-07,YAMAHA,Naked,2024,49470.0,Moto Center Campinas,Campinas,Pedro Souza,AGENDADA,Pix,2026-12-17,joão.santos866@email.com,11999990866
867,Joao Santos,67,Jundiai,SP,MT-07,YAMAHA,Naked,2024,50895.0,Moto Center Jundiai,Jundiai,Joao Silva,CANCELADA,Financiamento,2026-06-11,joão.santos867@email.com,11999990867
868,Carolina Gomes,70,Campinas,SP,MT-03,YAMAHA,Naked,2024,32247.0,Moto Center Campinas,Campinas,Pedro Souza,AGENDADA,Cartão,2026-09-27,carolina.gomes868@email.com,11999990868
869,Lucas Ferreira,32,Jundiai,SP,MT-07,YAMAHA,Naked,2024,47629.0,Moto Center Jundiai,Jundiai,Joao Silva,CONCLUIDA,Financiamento,2026-03-01,lucas.ferreira869@email.com,11999990869
870,Juliana Costa,42,Jundiai,SP,VERSYS 650,KAWASAKI,Trail,2024,49099.0,Moto Center Jundiai,Jundiai,Joao Silva,CANCELADA,Cartão,2026-04-11,juliana.costa870@email.com,11999990870
871,Mariana Silva,58,Vinhedo,SP,VERSYS 650,KAWASAKI,Trail,2024,46958.0,Moto Center Vinhedo,Vinhedo,Carlos Santos,CONCLUIDA,Pix,2026-11-14,mariana.silva871@email.com,11999990871
872,Thiago Alves,19,Campinas,SP,VERSYS 650,KAWASAKI,Trail,2024,47654.0,Moto Center Campinas,Campinas,Joao Silva,AGENDADA,Cartão,2026-05-06,thiago.alves872@email.com,11999990872
873,Joao Santos,18,Campinas,SP,CB 650R,HONDA,Naked,2024,50905.0,Moto Center Campinas,Campinas,Carlos Santos,CANCELADA,Financiamento,2026-05-14,joão.santos873@email.com,11999990873
874,Juliana Costa,61,Jundiai,SP,MT-07,YAMAHA,Naked,2024,51797.0,Moto Center Jundiai,Jundiai,Pedro Souza,AGENDADA,Pix,2026-09-25,juliana.costa874@email.com,11999990874
875,Diego Martins,46,Valinhos,SP,NINJA 400,KAWASAKI,Esportiva,2023,33148.0,Moto Center Valinhos,Valinhos,Carlos Santos,AGENDADA,Cartão,2026-11-24,diego.martins875@email.com,11999990875
876,Marcos Pereira,50,Campinas,SP,CB 500F,HONDA,Naked,2024,45133.0,Moto Center Campinas,Campinas,Pedro Souza,CANCELADA,Cartão,2026-03-10,marcos.pereira876@email.com,11999990876
877,Marcos Pereira,46,Jundiai,SP,CB 650R,HONDA,Naked,2024,55385.0,Moto Center Jundiai,Jundiai,Carlos Santos,CONCLUIDA,Cartão,2026-04-22,marcos.pereira877@email.com,11999990877
878,Fernanda Alves,38,Jundiai,SP,PCX 160,HONDA,Scooter,2025,22696.0,Moto Center Jundiai,Jundiai,Maria Oliveira,AGENDADA,Cartão,2026-05-09,fernanda.alves878@email.com,11999990878
879,Diego Martins,74,Vinhedo,SP,PCX 160,HONDA,Scooter,2025,20386.0,Moto Center Vinhedo,Vinhedo,Carlos Santos,AGENDADA,Financiamento,2026-02-07,diego.martins879@email.com,11999990879
880,Amanda Rodrigues,59,Campinas,SP,VERSYS 650,KAWASAKI,Trail,2024,51194.0,Moto Center Campinas,Campinas,Joao Silva,CANCELADA,Cartão,2026-08-17,amanda.rodrigues880@email.com,11999990880
881,Carlos Mendes,70,Jundiai,SP,CB 500F,HONDA,Naked,2024,45233.0,Moto Center Jundiai,Jundiai,Carlos Santos,CANCELADA,Pix,2026-11-11,carlos.mendes881@email.com,11999990881
882,Diego Martins,72,Valinhos,SP,NINJA 400,KAWASAKI,Esportiva,2023,34136.0,Moto Center Valinhos,Valinhos,Pedro Souza,CANCELADA,Financiamento,2026-10-04,diego.martins882@email.com,11999990882
883,Pedro Oliveira,67,Vinhedo,SP,CB 500F,HONDA,Naked,2024,42246.0,Moto Center Vinhedo,Vinhedo,Maria Oliveira,CONCLUIDA,Financiamento,2026-12-24,pedro.oliveira883@email.com,11999990883
884,Mariana Silva,24,Valinhos,SP,CB 650R,HONDA,Naked,2024,55247.0,Moto Center Valinhos,Valinhos,Pedro Souza,CONCLUIDA,Pix,2026-09-02,mariana.silva884@email.com,11999990884
885,Diego Martins,34,Vinhedo,SP,CB 500F,HONDA,Naked,2024,42395.0,Moto Center Vinhedo,Vinhedo,Carlos Santos,AGENDADA,Cartão,2026-02-06,diego.martins885@email.com,11999990885
886,Thiago Alves,30,Valinhos,SP,PCX 160,HONDA,Scooter,2025,19266.0,Moto Center Valinhos,Valinhos,Joao Silva,CANCELADA,Cartão,2026-10-24,thiago.alves886@email.com,11999990886
887,Carolina Gomes,25,Valinhos,SP,NINJA 400,KAWASAKI,Esportiva,2023,37377.0,Moto Center Valinhos,Valinhos,Pedro Souza,AGENDADA,Financiamento,2026-11-25,carolina.gomes887@email.com,11999990887
888,Mariana Silva,30,Valinhos,SP,MT-03,YAMAHA,Naked,2024,30847.0,Moto Center Valinhos,Valinhos,Carlos Santos,CANCELADA,Financiamento,2026-07-10,mariana.silva888@email.com,11999990888
889,Joao Santos,39,Campinas,SP,PCX 160,HONDA,Scooter,2025,20598.0,Moto Center Campinas,Campinas,Maria Oliveira,AGENDADA,Financiamento,2026-01-02,joão.santos889@email.com,11999990889
890,Fernanda Alves,26,Campinas,SP,NINJA 400,KAWASAKI,Esportiva,2023,32960.0,Moto Center Campinas,Campinas,Joao Silva,CONCLUIDA,Cartão,2026-10-24,fernanda.alves890@email.com,11999990890
891,Mariana Silva,31,Campinas,SP,NINJA 400,KAWASAKI,Esportiva,2023,35317.0,Moto Center Campinas,Campinas,Maria Oliveira,CONCLUIDA,Financiamento,2026-06-03,mariana.silva891@email.com,11999990891
892,Fernanda Alves,46,Campinas,SP,PCX 160,HONDA,Scooter,2025,22928.0,Moto Center Campinas,Campinas,Pedro Souza,CANCELADA,Cartão,2026-12-12,fernanda.alves892@email.com,11999990892
893,Mariana Silva,30,Jundiai,SP,VERSYS 650,KAWASAKI,Trail,2024,51552.0,Moto Center Jundiai,Jundiai,Carlos Santos,AGENDADA,Pix,2026-04-28,mariana.silva893@email.com,11999990893
894,Pedro Oliveira,28,Valinhos,SP,CB 650R,HONDA,Naked,2024,53711.0,Moto Center Valinhos,Valinhos,Carlos Santos,CONCLUIDA,Financiamento,2026-06-21,pedro.oliveira894@email.com,11999990894
895,Mariana Silva,48,Jundiai,SP,MT-03,YAMAHA,Naked,2024,30677.0,Moto Center Jundiai,Jundiai,Maria Oliveira,CONCLUIDA,Pix,2026-09-26,mariana.silva895@email.com,11999990895
896,Amanda Rodrigues,22,Valinhos,SP,MT-03,YAMAHA,Naked,2024,31638.0,Moto Center Valinhos,Valinhos,Joao Silva,AGENDADA,Pix,2026-12-10,amanda.rodrigues896@email.com,11999990896
897,Fernanda Alves,70,Campinas,SP,MT-03,YAMAHA,Naked,2024,34664.0,Moto Center Campinas,Campinas,Maria Oliveira,CONCLUIDA,Pix,2026-05-22,fernanda.alves897@email.com,11999990897
898,Thiago Alves,71,Campinas,SP,MT-03,YAMAHA,Naked,2024,29977.0,Moto Center Campinas,Campinas,Joao Silva,CONCLUIDA,Pix,2026-11-16,thiago.alves898@email.com,11999990898
899,Lucas Ferreira,65,Jundiai,SP,NINJA 400,KAWASAKI,Esportiva,2023,34855.0,Moto Center Jundiai,Jundiai,Pedro Souza,AGENDADA,Pix,2026-05-10,lucas.ferreira899@email.com,11999990899
900,Lucas Ferreira,51,Campinas,SP,MT-03,YAMAHA,Naked,2024,31437.0,Moto Center Campinas,Campinas,Pedro Souza,AGENDADA,Pix,2026-11-02,lucas.ferreira900@email.com,11999990900
901,Diego Martins,23,Valinhos,SP,CB 650R,HONDA,Naked,2024,52599.0,Moto Center Valinhos,Valinhos,Pedro Souza,CONCLUIDA,Pix,2026-07-16,diego.martins901@email.com,11999990901
902,Renata Costa,74,Campinas,SP,CB 500F,HONDA,Naked,2024,43941.0,Moto Center Campinas,Campinas,Joao Silva,AGENDADA,Financiamento,2026-06-19,renata.costa902@email.com,11999990902
903,Diego Martins,59,Valinhos,SP,NINJA 400,KAWASAKI,Esportiva,2023,37771.0,Moto Center Valinhos,Valinhos,Maria Oliveira,CANCELADA,Cartão,2026-01-28,diego.martins903@email.com,11999990903
904,Carolina Gomes,57,Campinas,SP,CB 500F,HONDA,Naked,2024,45027.0,Moto Center Campinas,Campinas,Joao Silva,CONCLUIDA,Cartão,2026-02-28,carolina.gomes904@email.com,11999990904
905,Diego Martins,46,Campinas,SP,MT-07,YAMAHA,Naked,2024,51025.0,Moto Center Campinas,Campinas,Joao Silva,CANCELADA,Cartão,2026-10-22,diego.martins905@email.com,11999990905
906,Thiago Alves,60,Jundiai,SP,CB 650R,HONDA,Naked,2024,53188.0,Moto Center Jundiai,Jundiai,Carlos Santos,CONCLUIDA,Cartão,2026-07-04,thiago.alves906@email.com,11999990906
907,Marcos Pereira,68,Valinhos,SP,MT-07,YAMAHA,Naked,2024,47365.0,Moto Center Valinhos,Valinhos,Joao Silva,AGENDADA,Pix,2026-01-06,marcos.pereira907@email.com,11999990907
908,Amanda Rodrigues,57,Valinhos,SP,MT-07,YAMAHA,Naked,2024,52922.0,Moto Center Valinhos,Valinhos,Carlos Santos,CONCLUIDA,Pix,2026-04-10,amanda.rodrigues908@email.com,11999990908
909,Mariana Silva,27,Campinas,SP,NINJA 400,KAWASAKI,Esportiva,2023,33335.0,Moto Center Campinas,Campinas,Maria Oliveira,CONCLUIDA,Pix,2026-03-07,mariana.silva909@email.com,11999990909
910,Ana Souza,71,Vinhedo,SP,CB 500F,HONDA,Naked,2024,45165.0,Moto Center Vinhedo,Vinhedo,Joao Silva,CONCLUIDA,Pix,2026-02-24,ana.souza910@email.com,11999990910
911,Bruno Lima,51,Valinhos,SP,VERSYS 650,KAWASAKI,Trail,2024,49680.0,Moto Center Valinhos,Valinhos,Maria Oliveira,AGENDADA,Cartão,2026-09-02,bruno.lima911@email.com,11999990911
912,Renata Costa,46,Vinhedo,SP,CB 650R,HONDA,Naked,2024,55137.0,Moto Center Vinhedo,Vinhedo,Pedro Souza,CANCELADA,Cartão,2026-10-15,renata.costa912@email.com,11999990912
913,Diego Martins,53,Vinhedo,SP,MT-03,YAMAHA,Naked,2024,31127.0,Moto Center Vinhedo,Vinhedo,Maria Oliveira,CONCLUIDA,Cartão,2026-05-27,diego.martins913@email.com,11999990913
914,Juliana Costa,44,Jundiai,SP,VERSYS 650,KAWASAKI,Trail,2024,49059.0,Moto Center Jundiai,Jundiai,Carlos Santos,CONCLUIDA,Pix,2026-08-21,juliana.costa914@email.com,11999990914
915,Bruno Lima,40,Vinhedo,SP,MT-03,YAMAHA,Naked,2024,31940.0,Moto Center Vinhedo,Vinhedo,Pedro Souza,AGENDADA,Cartão,2026-03-26,bruno.lima915@email.com,11999990915
916,Amanda Rodrigues,60,Valinhos,SP,NINJA 400,KAWASAKI,Esportiva,2023,33157.0,Moto Center Valinhos,Valinhos,Maria Oliveira,CANCELADA,Cartão,2026-11-28,amanda.rodrigues916@email.com,11999990916
917,Diego Martins,45,Campinas,SP,CB 500F,HONDA,Naked,2024,41020.0,Moto Center Campinas,Campinas,Carlos Santos,AGENDADA,Pix,2026-06-17,diego.martins917@email.com,11999990917
918,Mariana Silva,18,Valinhos,SP,MT-03,YAMAHA,Naked,2024,33589.0,Moto Center Valinhos,Valinhos,Pedro Souza,CONCLUIDA,Financiamento,2026-12-16,mariana.silva918@email.com,11999990918
919,Diego Martins,74,Jundiai,SP,VERSYS 650,KAWASAKI,Trail,2024,51978.0,Moto Center Jundiai,Jundiai,Joao Silva,AGENDADA,Financiamento,2026-03-07,diego.martins919@email.com,11999990919
920,Pedro Oliveira,72,Campinas,SP,PCX 160,HONDA,Scooter,2025,19041.0,Moto Center Campinas,Campinas,Joao Silva,CONCLUIDA,Cartão,2026-12-18,pedro.oliveira920@email.com,11999990920
921,Ana Souza,73,Campinas,SP,VERSYS 650,KAWASAKI,Trail,2024,47926.0,Moto Center Campinas,Campinas,Maria Oliveira,CANCELADA,Pix,2026-01-16,ana.souza921@email.com,11999990921
922,Fernanda Alves,34,Campinas,SP,MT-07,YAMAHA,Naked,2024,49642.0,Moto Center Campinas,Campinas,Joao Silva,CONCLUIDA,Pix,2026-11-13,fernanda.alves922@email.com,11999990922
923,Juliana Costa,18,Jundiai,SP,NINJA 400,KAWASAKI,Esportiva,2023,34208.0,Moto Center Jundiai,Jundiai,Maria Oliveira,AGENDADA,Cartão,2026-10-22,juliana.costa923@email.com,11999990923
924,Thiago Alves,24,Valinhos,SP,PCX 160,HONDA,Scooter,2025,24449.0,Moto Center Valinhos,Valinhos,Carlos Santos,CONCLUIDA,Pix,2026-02-18,thiago.alves924@email.com,11999990924
925,Pedro Oliveira,62,Valinhos,SP,MT-03,YAMAHA,Naked,2024,35124.0,Moto Center Valinhos,Valinhos,Carlos Santos,CANCELADA,Cartão,2026-01-22,pedro.oliveira925@email.com,11999990925
926,Thiago Alves,22,Campinas,SP,PCX 160,HONDA,Scooter,2025,21575.0,Moto Center Campinas,Campinas,Carlos Santos,CANCELADA,Financiamento,2026-12-12,thiago.alves926@email.com,11999990926
927,Ana Souza,36,Jundiai,SP,NINJA 400,KAWASAKI,Esportiva,2023,38062.0,Moto Center Jundiai,Jundiai,Carlos Santos,CANCELADA,Financiamento,2026-12-10,ana.souza927@email.com,11999990927
928,Mariana Silva,66,Campinas,SP,MT-07,YAMAHA,Naked,2024,51035.0,Moto Center Campinas,Campinas,Pedro Souza,AGENDADA,Financiamento,2026-10-26,mariana.silva928@email.com,11999990928
929,Carolina Gomes,66,Valinhos,SP,CB 500F,HONDA,Naked,2024,40419.0,Moto Center Valinhos,Valinhos,Pedro Souza,AGENDADA,Cartão,2026-08-16,carolina.gomes929@email.com,11999990929
930,Diego Martins,58,Vinhedo,SP,PCX 160,HONDA,Scooter,2025,19526.0,Moto Center Vinhedo,Vinhedo,Maria Oliveira,CONCLUIDA,Financiamento,2026-07-27,diego.martins930@email.com,11999990930
931,Carlos Mendes,69,Jundiai,SP,VERSYS 650,KAWASAKI,Trail,2024,47182.0,Moto Center Jundiai,Jundiai,Maria Oliveira,CANCELADA,Cartão,2026-03-17,carlos.mendes931@email.com,11999990931
932,Amanda Rodrigues,56,Jundiai,SP,CB 650R,HONDA,Naked,2024,50918.0,Moto Center Jundiai,Jundiai,Joao Silva,CONCLUIDA,Pix,2026-01-07,amanda.rodrigues932@email.com,11999990932
933,Thiago Alves,66,Jundiai,SP,PCX 160,HONDA,Scooter,2025,24173.0,Moto Center Jundiai,Jundiai,Joao Silva,AGENDADA,Financiamento,2026-08-26,thiago.alves933@email.com,11999990933
934,Carolina Gomes,72,Vinhedo,SP,PCX 160,HONDA,Scooter,2025,18511.0,Moto Center Vinhedo,Vinhedo,Carlos Santos,CANCELADA,Financiamento,2026-04-13,carolina.gomes934@email.com,11999990934
935,Pedro Oliveira,21,Vinhedo,SP,CB 500F,HONDA,Naked,2024,40888.0,Moto Center Vinhedo,Vinhedo,Maria Oliveira,CONCLUIDA,Cartão,2026-10-24,pedro.oliveira935@email.com,11999990935
936,Diego Martins,41,Valinhos,SP,CB 650R,HONDA,Naked,2024,53580.0,Moto Center Valinhos,Valinhos,Joao Silva,CONCLUIDA,Financiamento,2026-05-28,diego.martins936@email.com,11999990936
937,Diego Martins,29,Valinhos,SP,CB 500F,HONDA,Naked,2024,43859.0,Moto Center Valinhos,Valinhos,Carlos Santos,CONCLUIDA,Cartão,2026-05-13,diego.martins937@email.com,11999990937
938,Fernanda Alves,74,Valinhos,SP,PCX 160,HONDA,Scooter,2025,20880.0,Moto Center Valinhos,Valinhos,Pedro Souza,AGENDADA,Financiamento,2026-06-05,fernanda.alves938@email.com,11999990938
939,Carolina Gomes,29,Vinhedo,SP,PCX 160,HONDA,Scooter,2025,24482.0,Moto Center Vinhedo,Vinhedo,Joao Silva,CANCELADA,Pix,2026-02-04,carolina.gomes939@email.com,11999990939
940,Bruno Lima,67,Valinhos,SP,NINJA 400,KAWASAKI,Esportiva,2023,34966.0,Moto Center Valinhos,Valinhos,Carlos Santos,CONCLUIDA,Financiamento,2026-05-13,bruno.lima940@email.com,11999990940
941,Pedro Oliveira,54,Campinas,SP,NINJA 400,KAWASAKI,Esportiva,2023,33700.0,Moto Center Campinas,Campinas,Joao Silva,AGENDADA,Pix,2026-10-02,pedro.oliveira941@email.com,11999990941
942,Fernanda Alves,44,Vinhedo,SP,VERSYS 650,KAWASAKI,Trail,2024,52507.0,Moto Center Vinhedo,Vinhedo,Carlos Santos,AGENDADA,Cartão,2026-10-07,fernanda.alves942@email.com,11999990942
943,Renata Costa,59,Valinhos,SP,CB 650R,HONDA,Naked,2024,54293.0,Moto Center Valinhos,Valinhos,Carlos Santos,CANCELADA,Cartão,2026-11-08,renata.costa943@email.com,11999990943
944,Amanda Rodrigues,27,Campinas,SP,MT-03,YAMAHA,Naked,2024,30314.0,Moto Center Campinas,Campinas,Maria Oliveira,CONCLUIDA,Pix,2026-08-14,amanda.rodrigues944@email.com,11999990944
945,Lucas Ferreira,72,Valinhos,SP,NINJA 400,KAWASAKI,Esportiva,2023,34727.0,Moto Center Valinhos,Valinhos,Joao Silva,AGENDADA,Financiamento,2026-08-05,lucas.ferreira945@email.com,11999990945
946,Marcos Pereira,37,Jundiai,SP,NINJA 400,KAWASAKI,Esportiva,2023,35206.0,Moto Center Jundiai,Jundiai,Pedro Souza,AGENDADA,Financiamento,2026-02-20,marcos.pereira946@email.com,11999990946
947,Ana Souza,50,Valinhos,SP,NINJA 400,KAWASAKI,Esportiva,2023,33508.0,Moto Center Valinhos,Valinhos,Maria Oliveira,CANCELADA,Financiamento,2026-05-23,ana.souza947@email.com,11999990947
948,Carolina Gomes,54,Vinhedo,SP,VERSYS 650,KAWASAKI,Trail,2024,47798.0,Moto Center Vinhedo,Vinhedo,Maria Oliveira,CONCLUIDA,Financiamento,2026-05-15,carolina.gomes948@email.com,11999990948
949,Ana Souza,35,Jundiai,SP,CB 650R,HONDA,Naked,2024,52740.0,Moto Center Jundiai,Jundiai,Carlos Santos,CANCELADA,Financiamento,2026-07-20,ana.souza949@email.com,11999990949
950,Marcos Pereira,19,Jundiai,SP,NINJA 400,KAWASAKI,Esportiva,2023,34213.0,Moto Center Jundiai,Jundiai,Joao Silva,CONCLUIDA,Cartão,2026-03-21,marcos.pereira950@email.com,11999990950
951,Joao Santos,23,Vinhedo,SP,VERSYS 650,KAWASAKI,Trail,2024,52359.0,Moto Center Vinhedo,Vinhedo,Joao Silva,CANCELADA,Cartão,2026-08-25,joão.santos951@email.com,11999990951
952,Diego Martins,24,Jundiai,SP,CB 500F,HONDA,Naked,2024,45067.0,Moto Center Jundiai,Jundiai,Carlos Santos,CANCELADA,Financiamento,2026-11-17,diego.martins952@email.com,11999990952
953,Pedro Oliveira,29,Vinhedo,SP,VERSYS 650,KAWASAKI,Trail,2024,52463.0,Moto Center Vinhedo,Vinhedo,Pedro Souza,CONCLUIDA,Pix,2026-01-22,pedro.oliveira953@email.com,11999990953
954,Joao Santos,38,Vinhedo,SP,MT-07,YAMAHA,Naked,2024,49210.0,Moto Center Vinhedo,Vinhedo,Pedro Souza,CANCELADA,Cartão,2026-12-01,joão.santos954@email.com,11999990954
955,Juliana Costa,26,Vinhedo,SP,CB 500F,HONDA,Naked,2024,43593.0,Moto Center Vinhedo,Vinhedo,Carlos Santos,AGENDADA,Cartão,2026-07-27,juliana.costa955@email.com,11999990955
956,Ana Souza,71,Valinhos,SP,PCX 160,HONDA,Scooter,2025,22956.0,Moto Center Valinhos,Valinhos,Pedro Souza,CONCLUIDA,Financiamento,2026-04-13,ana.souza956@email.com,11999990956
957,Bruno Lima,55,Campinas,SP,NINJA 400,KAWASAKI,Esportiva,2023,38621.0,Moto Center Campinas,Campinas,Joao Silva,CANCELADA,Cartão,2026-03-05,bruno.lima957@email.com,11999990957
958,Lucas Ferreira,41,Campinas,SP,PCX 160,HONDA,Scooter,2025,23392.0,Moto Center Campinas,Campinas,Pedro Souza,CONCLUIDA,Pix,2026-07-16,lucas.ferreira958@email.com,11999990958
959,Amanda Rodrigues,55,Vinhedo,SP,VERSYS 650,KAWASAKI,Trail,2024,50675.0,Moto Center Vinhedo,Vinhedo,Joao Silva,CANCELADA,Pix,2026-07-10,amanda.rodrigues959@email.com,11999990959
960,Renata Costa,70,Vinhedo,SP,MT-03,YAMAHA,Naked,2024,30152.0,Moto Center Vinhedo,Vinhedo,Pedro Souza,CANCELADA,Cartão,2026-07-27,renata.costa960@email.com,11999990960
961,Diego Martins,46,Campinas,SP,CB 500F,HONDA,Naked,2024,41781.0,Moto Center Campinas,Campinas,Pedro Souza,CANCELADA,Pix,2026-06-06,diego.martins961@email.com,11999990961
962,Marcos Pereira,67,Campinas,SP,PCX 160,HONDA,Scooter,2025,21730.0,Moto Center Campinas,Campinas,Joao Silva,CONCLUIDA,Financiamento,2026-06-24,marcos.pereira962@email.com,11999990962
963,Amanda Rodrigues,59,Vinhedo,SP,MT-03,YAMAHA,Naked,2024,33270.0,Moto Center Vinhedo,Vinhedo,Joao Silva,AGENDADA,Cartão,2026-07-14,amanda.rodrigues963@email.com,11999990963
964,Marcos Pereira,64,Jundiai,SP,CB 650R,HONDA,Naked,2024,55476.0,Moto Center Jundiai,Jundiai,Pedro Souza,CANCELADA,Cartão,2026-05-07,marcos.pereira964@email.com,11999990964
965,Lucas Ferreira,43,Campinas,SP,NINJA 400,KAWASAKI,Esportiva,2023,35229.0,Moto Center Campinas,Campinas,Joao Silva,CANCELADA,Cartão,2026-09-11,lucas.ferreira965@email.com,11999990965
966,Lucas Ferreira,74,Vinhedo,SP,PCX 160,HONDA,Scooter,2025,18580.0,Moto Center Vinhedo,Vinhedo,Carlos Santos,CONCLUIDA,Financiamento,2026-09-16,lucas.ferreira966@email.com,11999990966
967,Mariana Silva,54,Valinhos,SP,NINJA 400,KAWASAKI,Esportiva,2023,36182.0,Moto Center Valinhos,Valinhos,Pedro Souza,CANCELADA,Pix,2026-12-07,mariana.silva967@email.com,11999990967
968,Thiago Alves,46,Jundiai,SP,PCX 160,HONDA,Scooter,2025,23166.0,Moto Center Jundiai,Jundiai,Maria Oliveira,AGENDADA,Financiamento,2026-05-27,thiago.alves968@email.com,11999990968
969,Ana Souza,26,Campinas,SP,VERSYS 650,KAWASAKI,Trail,2024,47785.0,Moto Center Campinas,Campinas,Pedro Souza,AGENDADA,Financiamento,2026-02-22,ana.souza969@email.com,11999990969
970,Fernanda Alves,30,Campinas,SP,CB 500F,HONDA,Naked,2024,44528.0,Moto Center Campinas,Campinas,Maria Oliveira,CONCLUIDA,Financiamento,2026-06-21,fernanda.alves970@email.com,11999990970
971,Joao Santos,31,Vinhedo,SP,VERSYS 650,KAWASAKI,Trail,2024,52288.0,Moto Center Vinhedo,Vinhedo,Joao Silva,CONCLUIDA,Financiamento,2026-06-02,joão.santos971@email.com,11999990971
972,Renata Costa,62,Jundiai,SP,CB 500F,HONDA,Naked,2024,40518.0,Moto Center Jundiai,Jundiai,Pedro Souza,CONCLUIDA,Pix,2026-01-17,renata.costa972@email.com,11999990972
973,Juliana Costa,46,Valinhos,SP,CB 650R,HONDA,Naked,2024,51104.0,Moto Center Valinhos,Valinhos,Pedro Souza,CONCLUIDA,Financiamento,2026-12-01,juliana.costa973@email.com,11999990973
974,Diego Martins,67,Jundiai,SP,VERSYS 650,KAWASAKI,Trail,2024,50038.0,Moto Center Jundiai,Jundiai,Joao Silva,AGENDADA,Financiamento,2026-09-04,diego.martins974@email.com,11999990974
975,Carlos Mendes,49,Vinhedo,SP,CB 500F,HONDA,Naked,2024,42749.0,Moto Center Vinhedo,Vinhedo,Pedro Souza,AGENDADA,Financiamento,2026-10-16,carlos.mendes975@email.com,11999990975
976,Marcos Pereira,31,Jundiai,SP,MT-03,YAMAHA,Naked,2024,34498.0,Moto Center Jundiai,Jundiai,Carlos Santos,CANCELADA,Cartão,2026-01-21,marcos.pereira976@email.com,11999990976
977,Bruno Lima,46,Vinhedo,SP,PCX 160,HONDA,Scooter,2025,21926.0,Moto Center Vinhedo,Vinhedo,Pedro Souza,CONCLUIDA,Financiamento,2026-05-14,bruno.lima977@email.com,11999990977
978,Joao Santos,23,Vinhedo,SP,PCX 160,HONDA,Scooter,2025,23641.0,Moto Center Vinhedo,Vinhedo,Maria Oliveira,CONCLUIDA,Pix,2026-02-12,joão.santos978@email.com,11999990978
979,Renata Costa,69,Campinas,SP,CB 650R,HONDA,Naked,2024,55005.0,Moto Center Campinas,Campinas,Maria Oliveira,AGENDADA,Cartão,2026-02-04,renata.costa979@email.com,11999990979
980,Pedro Oliveira,59,Campinas,SP,VERSYS 650,KAWASAKI,Trail,2024,51792.0,Moto Center Campinas,Campinas,Maria Oliveira,AGENDADA,Cartão,2026-02-27,pedro.oliveira980@email.com,11999990980
981,Thiago Alves,44,Vinhedo,SP,VERSYS 650,KAWASAKI,Trail,2024,49689.0,Moto Center Vinhedo,Vinhedo,Joao Silva,CANCELADA,Cartão,2026-02-25,thiago.alves981@email.com,11999990981
982,Joao Santos,62,Campinas,SP,MT-07,YAMAHA,Naked,2024,47745.0,Moto Center Campinas,Campinas,Maria Oliveira,CANCELADA,Financiamento,2026-11-21,joão.santos982@email.com,11999990982
983,Ana Souza,29,Campinas,SP,CB 650R,HONDA,Naked,2024,54567.0,Moto Center Campinas,Campinas,Pedro Souza,CANCELADA,Pix,2026-06-14,ana.souza983@email.com,11999990983
984,Fernanda Alves,63,Vinhedo,SP,VERSYS 650,KAWASAKI,Trail,2024,49088.0,Moto Center Vinhedo,Vinhedo,Joao Silva,CONCLUIDA,Cartão,2026-07-06,fernanda.alves984@email.com,11999990984
985,Ana Souza,56,Campinas,SP,NINJA 400,KAWASAKI,Esportiva,2023,37236.0,Moto Center Campinas,Campinas,Carlos Santos,CONCLUIDA,Cartão,2026-11-16,ana.souza985@email.com,11999990985
986,Carlos Mendes,64,Campinas,SP,VERSYS 650,KAWASAKI,Trail,2024,50852.0,Moto Center Campinas,Campinas,Pedro Souza,CONCLUIDA,Pix,2026-05-02,carlos.mendes986@email.com,11999990986
987,Diego Martins,71,Vinhedo,SP,VERSYS 650,KAWASAKI,Trail,2024,47023.0,Moto Center Vinhedo,Vinhedo,Maria Oliveira,AGENDADA,Pix,2026-12-28,diego.martins987@email.com,11999990987
988,Fernanda Alves,63,Valinhos,SP,PCX 160,HONDA,Scooter,2025,21899.0,Moto Center Valinhos,Valinhos,Pedro Souza,CONCLUIDA,Financiamento,2026-05-10,fernanda.alves988@email.com,11999990988
989,Juliana Costa,23,Valinhos,SP,NINJA 400,KAWASAKI,Esportiva,2023,34840.0,Moto Center Valinhos,Valinhos,Maria Oliveira,AGENDADA,Financiamento,2026-03-15,juliana.costa989@email.com,11999990989
990,Diego Martins,69,Valinhos,SP,PCX 160,HONDA,Scooter,2025,21729.0,Moto Center Valinhos,Valinhos,Joao Silva,CONCLUIDA,Pix,2026-04-22,diego.martins990@email.com,11999990990
991,Thiago Alves,71,Vinhedo,SP,PCX 160,HONDA,Scooter,2025,19255.0,Moto Center Vinhedo,Vinhedo,Carlos Santos,CONCLUIDA,Pix,2026-09-13,thiago.alves991@email.com,11999990991
992,Diego Martins,33,Jundiai,SP,MT-03,YAMAHA,Naked,2024,30987.0,Moto Center Jundiai,Jundiai,Carlos Santos,CONCLUIDA,Pix,2026-06-16,diego.martins992@email.com,11999990992
993,Joao Santos,61,Campinas,SP,NINJA 400,KAWASAKI,Esportiva,2023,34385.0,Moto Center Campinas,Campinas,Carlos Santos,CANCELADA,Financiamento,2026-03-18,joão.santos993@email.com,11999990993
994,Diego Martins,26,Campinas,SP,CB 500F,HONDA,Naked,2024,43494.0,Moto Center Campinas,Campinas,Maria Oliveira,CONCLUIDA,Cartão,2026-04-05,diego.martins994@email.com,11999990994
995,Ana Souza,68,Vinhedo,SP,VERSYS 650,KAWASAKI,Trail,2024,47867.0,Moto Center Vinhedo,Vinhedo,Joao Silva,CONCLUIDA,Financiamento,2026-01-23,ana.souza995@email.com,11999990995
996,Pedro Oliveira,58,Vinhedo,SP,NINJA 400,KAWASAKI,Esportiva,2023,38382.0,Moto Center Vinhedo,Vinhedo,Pedro Souza,CONCLUIDA,Cartão,2026-07-24,pedro.oliveira996@email.com,11999990996
997,Lucas Ferreira,46,Vinhedo,SP,VERSYS 650,KAWASAKI,Trail,2024,51651.0,Moto Center Vinhedo,Vinhedo,Joao Silva,AGENDADA,Pix,2026-07-01,lucas.ferreira997@email.com,11999990997
998,Lucas Ferreira,53,Vinhedo,SP,MT-07,YAMAHA,Naked,2024,47010.0,Moto Center Vinhedo,Vinhedo,Carlos Santos,CONCLUIDA,Pix,2026-12-20,lucas.ferreira998@email.com,11999990998
999,Fernanda Alves,55,Campinas,SP,MT-03,YAMAHA,Naked,2024,32919.0,Moto Center Campinas,Campinas,Joao Silva,CONCLUIDA,Pix,2026-05-10,fernanda.alves999@email.com,11999990999
1000,Mariana Silva,41,Campinas,SP,NINJA 400,KAWASAKI,Esportiva,2023,38351.0,Moto Center Campinas,Campinas,Joao Silva,AGENDADA,Cartão,2026-11-17,mariana.silva1000@email.com,11999991000
1001,Pedro Oliveira,53,Campinas,SP,MT-03,YAMAHA,Naked,2024,30014.0,Moto Center Campinas,Campinas,Maria Oliveira,CANCELADA,Financiamento,2026-02-14,pedro.oliveira1001@email.com,11999991001
1002,Carolina Gomes,29,Campinas,SP,MT-03,YAMAHA,Naked,2024,30813.0,Moto Center Campinas,Campinas,Carlos Santos,CONCLUIDA,Financiamento,2026-10-05,carolina.gomes1002@email.com,11999991002
1003,Diego Martins,50,Jundiai,SP,MT-07,YAMAHA,Naked,2024,48182.0,Moto Center Jundiai,Jundiai,Joao Silva,AGENDADA,Pix,2026-11-13,diego.martins1003@email.com,11999991003
1004,Renata Costa,64,Valinhos,SP,NINJA 400,KAWASAKI,Esportiva,2023,35783.0,Moto Center Valinhos,Valinhos,Maria Oliveira,CANCELADA,Financiamento,2026-12-02,renata.costa1004@email.com,11999991004
1005,Thiago Alves,62,Valinhos,SP,NINJA 400,KAWASAKI,Esportiva,2023,33718.0,Moto Center Valinhos,Valinhos,Maria Oliveira,CANCELADA,Financiamento,2026-10-04,thiago.alves1005@email.com,11999991005
1006,Pedro Oliveira,33,Campinas,SP,VERSYS 650,KAWASAKI,Trail,2024,52090.0,Moto Center Campinas,Campinas,Carlos Santos,CANCELADA,Pix,2026-12-24,pedro.oliveira1006@email.com,11999991006
1007,Carlos Mendes,54,Valinhos,SP,CB 650R,HONDA,Naked,2024,51109.0,Moto Center Valinhos,Valinhos,Carlos Santos,AGENDADA,Financiamento,2026-11-28,carlos.mendes1007@email.com,11999991007
1008,Thiago Alves,58,Campinas,SP,NINJA 400,KAWASAKI,Esportiva,2023,33794.0,Moto Center Campinas,Campinas,Carlos Santos,AGENDADA,Cartão,2026-05-02,thiago.alves1008@email.com,11999991008
1009,Thiago Alves,74,Valinhos,SP,MT-07,YAMAHA,Naked,2024,51624.0,Moto Center Valinhos,Valinhos,Maria Oliveira,CONCLUIDA,Cartão,2026-11-28,thiago.alves1009@email.com,11999991009
1010,Pedro Oliveira,51,Campinas,SP,MT-03,YAMAHA,Naked,2024,31670.0,Moto Center Campinas,Campinas,Carlos Santos,AGENDADA,Cartão,2026-10-13,pedro.oliveira1010@email.com,11999991010
1011,Carlos Mendes,45,Campinas,SP,NINJA 400,KAWASAKI,Esportiva,2023,34785.0,Moto Center Campinas,Campinas,Carlos Santos,CONCLUIDA,Financiamento,2026-10-06,carlos.mendes1011@email.com,11999991011
1012,Pedro Oliveira,22,Valinhos,SP,CB 650R,HONDA,Naked,2024,53481.0,Moto Center Valinhos,Valinhos,Carlos Santos,AGENDADA,Cartão,2026-06-07,pedro.oliveira1012@email.com,11999991012
1013,Mariana Silva,49,Vinhedo,SP,CB 500F,HONDA,Naked,2024,43601.0,Moto Center Vinhedo,Vinhedo,Carlos Santos,CANCELADA,Pix,2026-12-27,mariana.silva1013@email.com,11999991013
1014,Joao Santos,56,Vinhedo,SP,PCX 160,HONDA,Scooter,2025,19621.0,Moto Center Vinhedo,Vinhedo,Joao Silva,CANCELADA,Cartão,2026-01-24,joão.santos1014@email.com,11999991014
1015,Diego Martins,46,Valinhos,SP,CB 650R,HONDA,Naked,2024,53351.0,Moto Center Valinhos,Valinhos,Carlos Santos,AGENDADA,Financiamento,2026-04-11,diego.martins1015@email.com,11999991015
1016,Lucas Ferreira,39,Valinhos,SP,CB 500F,HONDA,Naked,2024,43291.0,Moto Center Valinhos,Valinhos,Carlos Santos,AGENDADA,Financiamento,2026-04-26,lucas.ferreira1016@email.com,11999991016
1017,Marcos Pereira,66,Valinhos,SP,NINJA 400,KAWASAKI,Esportiva,2023,36280.0,Moto Center Valinhos,Valinhos,Joao Silva,AGENDADA,Financiamento,2026-07-28,marcos.pereira1017@email.com,11999991017
1018,Bruno Lima,32,Jundiai,SP,NINJA 400,KAWASAKI,Esportiva,2023,37632.0,Moto Center Jundiai,Jundiai,Joao Silva,CANCELADA,Cartão,2026-07-15,bruno.lima1018@email.com,11999991018
1019,Pedro Oliveira,37,Campinas,SP,MT-03,YAMAHA,Naked,2024,35044.0,Moto Center Campinas,Campinas,Pedro Souza,AGENDADA,Cartão,2026-02-22,pedro.oliveira1019@email.com,11999991019
1020,Renata Costa,61,Vinhedo,SP,CB 500F,HONDA,Naked,2024,41318.0,Moto Center Vinhedo,Vinhedo,Carlos Santos,AGENDADA,Financiamento,2026-08-16,renata.costa1020@email.com,11999991020
1021,Fernanda Alves,46,Valinhos,SP,VERSYS 650,KAWASAKI,Trail,2024,50554.0,Moto Center Valinhos,Valinhos,Carlos Santos,CANCELADA,Pix,2026-05-22,fernanda.alves1021@email.com,11999991021
1022,Pedro Oliveira,54,Valinhos,SP,VERSYS 650,KAWASAKI,Trail,2024,51388.0,Moto Center Valinhos,Valinhos,Joao Silva,AGENDADA,Pix,2026-11-16,pedro.oliveira1022@email.com,11999991022
1023,Diego Martins,39,Vinhedo,SP,VERSYS 650,KAWASAKI,Trail,2024,48072.0,Moto Center Vinhedo,Vinhedo,Pedro Souza,CANCELADA,Cartão,2026-07-12,diego.martins1023@email.com,11999991023
1024,Diego Martins,55,Jundiai,SP,VERSYS 650,KAWASAKI,Trail,2024,47948.0,Moto Center Jundiai,Jundiai,Maria Oliveira,CONCLUIDA,Financiamento,2026-03-05,diego.martins1024@email.com,11999991024
1025,Renata Costa,38,Campinas,SP,NINJA 400,KAWASAKI,Esportiva,2023,37815.0,Moto Center Campinas,Campinas,Carlos Santos,CANCELADA,Pix,2026-11-19,renata.costa1025@email.com,11999991025
1026,Marcos Pereira,37,Vinhedo,SP,MT-07,YAMAHA,Naked,2024,51053.0,Moto Center Vinhedo,Vinhedo,Pedro Souza,CANCELADA,Cartão,2026-12-14,marcos.pereira1026@email.com,11999991026
1027,Ana Souza,64,Jundiai,SP,CB 500F,HONDA,Naked,2024,42402.0,Moto Center Jundiai,Jundiai,Pedro Souza,CONCLUIDA,Financiamento,2026-05-27,ana.souza1027@email.com,11999991027
1028,Diego Martins,43,Jundiai,SP,CB 500F,HONDA,Naked,2024,42067.0,Moto Center Jundiai,Jundiai,Maria Oliveira,CANCELADA,Financiamento,2026-12-11,diego.martins1028@email.com,11999991028
1029,Amanda Rodrigues,75,Vinhedo,SP,NINJA 400,KAWASAKI,Esportiva,2023,37020.0,Moto Center Vinhedo,Vinhedo,Carlos Santos,CONCLUIDA,Cartão,2026-05-16,amanda.rodrigues1029@email.com,11999991029
1030,Bruno Lima,59,Campinas,SP,MT-07,YAMAHA,Naked,2024,51624.0,Moto Center Campinas,Campinas,Carlos Santos,CANCELADA,Financiamento,2026-08-15,bruno.lima1030@email.com,11999991030
1031,Diego Martins,19,Valinhos,SP,CB 650R,HONDA,Naked,2024,55241.0,Moto Center Valinhos,Valinhos,Maria Oliveira,CONCLUIDA,Cartão,2026-07-04,diego.martins1031@email.com,11999991031
1032,Amanda Rodrigues,44,Valinhos,SP,MT-03,YAMAHA,Naked,2024,31474.0,Moto Center Valinhos,Valinhos,Pedro Souza,AGENDADA,Cartão,2026-05-14,amanda.rodrigues1032@email.com,11999991032
1033,Carolina Gomes,25,Campinas,SP,NINJA 400,KAWASAKI,Esportiva,2023,33848.0,Moto Center Campinas,Campinas,Joao Silva,CANCELADA,Pix,2026-06-09,carolina.gomes1033@email.com,11999991033
1034,Lucas Ferreira,30,Jundiai,SP,CB 500F,HONDA,Naked,2024,45372.0,Moto Center Jundiai,Jundiai,Maria Oliveira,CONCLUIDA,Cartão,2026-11-08,lucas.ferreira1034@email.com,11999991034
1035,Carlos Mendes,70,Jundiai,SP,VERSYS 650,KAWASAKI,Trail,2024,49959.0,Moto Center Jundiai,Jundiai,Joao Silva,CANCELADA,Financiamento,2026-08-07,carlos.mendes1035@email.com,11999991035
1036,Juliana Costa,63,Jundiai,SP,CB 500F,HONDA,Naked,2024,39685.0,Moto Center Jundiai,Jundiai,Carlos Santos,AGENDADA,Cartão,2026-12-26,juliana.costa1036@email.com,11999991036
1037,Juliana Costa,45,Campinas,SP,VERSYS 650,KAWASAKI,Trail,2024,51869.0,Moto Center Campinas,Campinas,Carlos Santos,CANCELADA,Cartão,2026-01-01,juliana.costa1037@email.com,11999991037
1038,Thiago Alves,60,Jundiai,SP,MT-03,YAMAHA,Naked,2024,32272.0,Moto Center Jundiai,Jundiai,Maria Oliveira,CONCLUIDA,Cartão,2026-08-13,thiago.alves1038@email.com,11999991038
1039,Pedro Oliveira,47,Vinhedo,SP,MT-03,YAMAHA,Naked,2024,34713.0,Moto Center Vinhedo,Vinhedo,Joao Silva,CANCELADA,Cartão,2026-09-13,pedro.oliveira1039@email.com,11999991039
1040,Marcos Pereira,33,Jundiai,SP,CB 650R,HONDA,Naked,2024,52245.0,Moto Center Jundiai,Jundiai,Carlos Santos,CANCELADA,Financiamento,2026-03-05,marcos.pereira1040@email.com,11999991040
1041,Ana Souza,31,Valinhos,SP,PCX 160,HONDA,Scooter,2025,24483.0,Moto Center Valinhos,Valinhos,Joao Silva,CANCELADA,Cartão,2026-05-27,ana.souza1041@email.com,11999991041
1042,Lucas Ferreira,19,Vinhedo,SP,CB 650R,HONDA,Naked,2024,52151.0,Moto Center Vinhedo,Vinhedo,Pedro Souza,AGENDADA,Cartão,2026-12-11,lucas.ferreira1042@email.com,11999991042
1043,Fernanda Alves,40,Jundiai,SP,CB 650R,HONDA,Naked,2024,55834.0,Moto Center Jundiai,Jundiai,Carlos Santos,AGENDADA,Cartão,2026-12-03,fernanda.alves1043@email.com,11999991043
1044,Marcos Pereira,35,Valinhos,SP,MT-03,YAMAHA,Naked,2024,33343.0,Moto Center Valinhos,Valinhos,Joao Silva,AGENDADA,Pix,2026-06-04,marcos.pereira1044@email.com,11999991044
1045,Amanda Rodrigues,46,Jundiai,SP,PCX 160,HONDA,Scooter,2025,21423.0,Moto Center Jundiai,Jundiai,Maria Oliveira,CONCLUIDA,Pix,2026-11-16,amanda.rodrigues1045@email.com,11999991045
1046,Juliana Costa,37,Vinhedo,SP,CB 650R,HONDA,Naked,2024,50473.0,Moto Center Vinhedo,Vinhedo,Carlos Santos,CONCLUIDA,Cartão,2026-03-17,juliana.costa1046@email.com,11999991046
1047,Mariana Silva,68,Vinhedo,SP,CB 650R,HONDA,Naked,2024,54905.0,Moto Center Vinhedo,Vinhedo,Carlos Santos,CONCLUIDA,Financiamento,2026-02-09,mariana.silva1047@email.com,11999991047
1048,Carlos Mendes,63,Valinhos,SP,PCX 160,HONDA,Scooter,2025,21363.0,Moto Center Valinhos,Valinhos,Maria Oliveira,AGENDADA,Pix,2026-12-28,carlos.mendes1048@email.com,11999991048
1049,Diego Martins,26,Vinhedo,SP,CB 500F,HONDA,Naked,2024,41922.0,Moto Center Vinhedo,Vinhedo,Maria Oliveira,CANCELADA,Cartão,2026-07-28,diego.martins1049@email.com,11999991049
1050,Juliana Costa,68,Valinhos,SP,VERSYS 650,KAWASAKI,Trail,2024,48933.0,Moto Center Valinhos,Valinhos,Carlos Santos,CONCLUIDA,Pix,2026-03-10,juliana.costa1050@email.com,11999991050
1051,Thiago Alves,54,Valinhos,SP,MT-03,YAMAHA,Naked,2024,30802.0,Moto Center Valinhos,Valinhos,Joao Silva,CONCLUIDA,Pix,2026-02-23,thiago.alves1051@email.com,11999991051
1052,Carolina Gomes,20,Valinhos,SP,CB 500F,HONDA,Naked,2024,45099.0,Moto Center Valinhos,Valinhos,Joao Silva,CONCLUIDA,Financiamento,2026-11-18,carolina.gomes1052@email.com,11999991052
1053,Fernanda Alves,22,Campinas,SP,MT-03,YAMAHA,Naked,2024,33787.0,Moto Center Campinas,Campinas,Pedro Souza,AGENDADA,Pix,2026-09-24,fernanda.alves1053@email.com,11999991053
1054,Bruno Lima,74,Campinas,SP,PCX 160,HONDA,Scooter,2025,19697.0,Moto Center Campinas,Campinas,Pedro Souza,CONCLUIDA,Financiamento,2026-04-25,bruno.lima1054@email.com,11999991054
1055,Mariana Silva,21,Valinhos,SP,CB 500F,HONDA,Naked,2024,43810.0,Moto Center Valinhos,Valinhos,Carlos Santos,CANCELADA,Pix,2026-09-26,mariana.silva1055@email.com,11999991055
1056,Carlos Mendes,61,Vinhedo,SP,MT-07,YAMAHA,Naked,2024,48090.0,Moto Center Vinhedo,Vinhedo,Pedro Souza,CANCELADA,Cartão,2026-04-07,carlos.mendes1056@email.com,11999991056
1057,Carolina Gomes,37,Jundiai,SP,VERSYS 650,KAWASAKI,Trail,2024,51552.0,Moto Center Jundiai,Jundiai,Joao Silva,AGENDADA,Pix,2026-04-19,carolina.gomes1057@email.com,11999991057
1058,Joao Santos,66,Valinhos,SP,CB 500F,HONDA,Naked,2024,44543.0,Moto Center Valinhos,Valinhos,Joao Silva,CONCLUIDA,Financiamento,2026-07-01,joão.santos1058@email.com,11999991058
1059,Lucas Ferreira,62,Campinas,SP,NINJA 400,KAWASAKI,Esportiva,2023,35925.0,Moto Center Campinas,Campinas,Joao Silva,CANCELADA,Cartão,2026-06-24,lucas.ferreira1059@email.com,11999991059
1060,Mariana Silva,63,Campinas,SP,CB 650R,HONDA,Naked,2024,53967.0,Moto Center Campinas,Campinas,Joao Silva,CANCELADA,Financiamento,2026-03-24,mariana.silva1060@email.com,11999991060
1061,Marcos Pereira,50,Jundiai,SP,CB 650R,HONDA,Naked,2024,53417.0,Moto Center Jundiai,Jundiai,Maria Oliveira,CANCELADA,Cartão,2026-10-21,marcos.pereira1061@email.com,11999991061
1062,Joao Santos,57,Campinas,SP,CB 500F,HONDA,Naked,2024,40350.0,Moto Center Campinas,Campinas,Carlos Santos,CANCELADA,Financiamento,2026-10-17,joão.santos1062@email.com,11999991062
1063,Ana Souza,19,Vinhedo,SP,NINJA 400,KAWASAKI,Esportiva,2023,34094.0,Moto Center Vinhedo,Vinhedo,Carlos Santos,CONCLUIDA,Pix,2026-07-16,ana.souza1063@email.com,11999991063
1064,Joao Santos,35,Valinhos,SP,VERSYS 650,KAWASAKI,Trail,2024,48841.0,Moto Center Valinhos,Valinhos,Joao Silva,AGENDADA,Cartão,2026-05-22,joão.santos1064@email.com,11999991064
1065,Juliana Costa,58,Vinhedo,SP,MT-03,YAMAHA,Naked,2024,33061.0,Moto Center Vinhedo,Vinhedo,Joao Silva,CONCLUIDA,Cartão,2026-10-11,juliana.costa1065@email.com,11999991065
1066,Ana Souza,20,Jundiai,SP,MT-07,YAMAHA,Naked,2024,52521.0,Moto Center Jundiai,Jundiai,Joao Silva,CANCELADA,Cartão,2026-12-10,ana.souza1066@email.com,11999991066
1067,Lucas Ferreira,62,Campinas,SP,VERSYS 650,KAWASAKI,Trail,2024,49911.0,Moto Center Campinas,Campinas,Maria Oliveira,CANCELADA,Financiamento,2026-07-06,lucas.ferreira1067@email.com,11999991067
1068,Marcos Pereira,50,Campinas,SP,VERSYS 650,KAWASAKI,Trail,2024,52474.0,Moto Center Campinas,Campinas,Joao Silva,CONCLUIDA,Financiamento,2026-04-17,marcos.pereira1068@email.com,11999991068
1069,Marcos Pereira,53,Campinas,SP,NINJA 400,KAWASAKI,Esportiva,2023,35813.0,Moto Center Campinas,Campinas,Joao Silva,CANCELADA,Financiamento,2026-04-25,marcos.pereira1069@email.com,11999991069
1070,Fernanda Alves,65,Vinhedo,SP,MT-03,YAMAHA,Naked,2024,34699.0,Moto Center Vinhedo,Vinhedo,Joao Silva,CANCELADA,Financiamento,2026-08-04,fernanda.alves1070@email.com,11999991070
1071,Bruno Lima,35,Vinhedo,SP,MT-03,YAMAHA,Naked,2024,33406.0,Moto Center Vinhedo,Vinhedo,Maria Oliveira,CANCELADA,Pix,2026-07-21,bruno.lima1071@email.com,11999991071
1072,Marcos Pereira,52,Valinhos,SP,VERSYS 650,KAWASAKI,Trail,2024,47647.0,Moto Center Valinhos,Valinhos,Carlos Santos,CANCELADA,Pix,2026-10-10,marcos.pereira1072@email.com,11999991072
1073,Diego Martins,56,Campinas,SP,CB 500F,HONDA,Naked,2024,40784.0,Moto Center Campinas,Campinas,Joao Silva,AGENDADA,Cartão,2026-07-16,diego.martins1073@email.com,11999991073
1074,Carolina Gomes,48,Vinhedo,SP,CB 650R,HONDA,Naked,2024,52503.0,Moto Center Vinhedo,Vinhedo,Maria Oliveira,CANCELADA,Cartão,2026-10-26,carolina.gomes1074@email.com,11999991074
1075,Juliana Costa,52,Valinhos,SP,CB 650R,HONDA,Naked,2024,53247.0,Moto Center Valinhos,Valinhos,Carlos Santos,CONCLUIDA,Cartão,2026-10-15,juliana.costa1075@email.com,11999991075
1076,Carlos Mendes,42,Vinhedo,SP,VERSYS 650,KAWASAKI,Trail,2024,47794.0,Moto Center Vinhedo,Vinhedo,Maria Oliveira,AGENDADA,Cartão,2026-09-15,carlos.mendes1076@email.com,11999991076
1077,Diego Martins,55,Vinhedo,SP,CB 650R,HONDA,Naked,2024,54497.0,Moto Center Vinhedo,Vinhedo,Maria Oliveira,CONCLUIDA,Pix,2026-03-03,diego.martins1077@email.com,11999991077
1078,Thiago Alves,44,Campinas,SP,NINJA 400,KAWASAKI,Esportiva,2023,37929.0,Moto Center Campinas,Campinas,Carlos Santos,CONCLUIDA,Financiamento,2026-06-05,thiago.alves1078@email.com,11999991078
1079,Amanda Rodrigues,74,Vinhedo,SP,MT-03,YAMAHA,Naked,2024,30148.0,Moto Center Vinhedo,Vinhedo,Joao Silva,CONCLUIDA,Financiamento,2026-09-04,amanda.rodrigues1079@email.com,11999991079
1080,Carlos Mendes,19,Vinhedo,SP,VERSYS 650,KAWASAKI,Trail,2024,47379.0,Moto Center Vinhedo,Vinhedo,Pedro Souza,CONCLUIDA,Pix,2026-02-26,carlos.mendes1080@email.com,11999991080
1081,Thiago Alves,26,Valinhos,SP,NINJA 400,KAWASAKI,Esportiva,2023,33138.0,Moto Center Valinhos,Valinhos,Joao Silva,AGENDADA,Pix,2026-07-14,thiago.alves1081@email.com,11999991081
1082,Thiago Alves,25,Jundiai,SP,MT-03,YAMAHA,Naked,2024,32213.0,Moto Center Jundiai,Jundiai,Maria Oliveira,CANCELADA,Financiamento,2026-11-24,thiago.alves1082@email.com,11999991082
1083,Mariana Silva,71,Jundiai,SP,MT-07,YAMAHA,Naked,2024,50768.0,Moto Center Jundiai,Jundiai,Carlos Santos,CONCLUIDA,Cartão,2026-03-24,mariana.silva1083@email.com,11999991083
1084,Joao Santos,40,Campinas,SP,CB 500F,HONDA,Naked,2024,44433.0,Moto Center Campinas,Campinas,Joao Silva,CANCELADA,Pix,2026-02-21,joão.santos1084@email.com,11999991084
1085,Thiago Alves,19,Valinhos,SP,NINJA 400,KAWASAKI,Esportiva,2023,38896.0,Moto Center Valinhos,Valinhos,Joao Silva,AGENDADA,Pix,2026-05-15,thiago.alves1085@email.com,11999991085
1086,Ana Souza,26,Jundiai,SP,PCX 160,HONDA,Scooter,2025,18985.0,Moto Center Jundiai,Jundiai,Pedro Souza,CANCELADA,Pix,2026-08-04,ana.souza1086@email.com,11999991086
1087,Juliana Costa,60,Campinas,SP,CB 500F,HONDA,Naked,2024,44104.0,Moto Center Campinas,Campinas,Pedro Souza,CONCLUIDA,Cartão,2026-03-28,juliana.costa1087@email.com,11999991087
1088,Fernanda Alves,26,Jundiai,SP,MT-03,YAMAHA,Naked,2024,30641.0,Moto Center Jundiai,Jundiai,Joao Silva,AGENDADA,Cartão,2026-08-16,fernanda.alves1088@email.com,11999991088
1089,Renata Costa,54,Vinhedo,SP,CB 650R,HONDA,Naked,2024,50372.0,Moto Center Vinhedo,Vinhedo,Pedro Souza,CANCELADA,Financiamento,2026-02-09,renata.costa1089@email.com,11999991089
1090,Pedro Oliveira,31,Campinas,SP,CB 500F,HONDA,Naked,2024,40009.0,Moto Center Campinas,Campinas,Carlos Santos,AGENDADA,Pix,2026-12-10,pedro.oliveira1090@email.com,11999991090
1091,Fernanda Alves,67,Jundiai,SP,MT-07,YAMAHA,Naked,2024,48760.0,Moto Center Jundiai,Jundiai,Joao Silva,CANCELADA,Cartão,2026-09-09,fernanda.alves1091@email.com,11999991091
1092,Carolina Gomes,46,Vinhedo,SP,CB 650R,HONDA,Naked,2024,50518.0,Moto Center Vinhedo,Vinhedo,Pedro Souza,CONCLUIDA,Cartão,2026-08-12,carolina.gomes1092@email.com,11999991092
1093,Carlos Mendes,46,Jundiai,SP,MT-03,YAMAHA,Naked,2024,32355.0,Moto Center Jundiai,Jundiai,Pedro Souza,CANCELADA,Pix,2026-02-19,carlos.mendes1093@email.com,11999991093
1094,Juliana Costa,33,Valinhos,SP,PCX 160,HONDA,Scooter,2025,21333.0,Moto Center Valinhos,Valinhos,Joao Silva,CANCELADA,Financiamento,2026-07-07,juliana.costa1094@email.com,11999991094
1095,Renata Costa,29,Jundiai,SP,NINJA 400,KAWASAKI,Esportiva,2023,34313.0,Moto Center Jundiai,Jundiai,Joao Silva,AGENDADA,Pix,2026-07-17,renata.costa1095@email.com,11999991095
1096,Ana Souza,44,Valinhos,SP,MT-07,YAMAHA,Naked,2024,51391.0,Moto Center Valinhos,Valinhos,Joao Silva,CANCELADA,Financiamento,2026-04-26,ana.souza1096@email.com,11999991096
1097,Fernanda Alves,64,Campinas,SP,CB 500F,HONDA,Naked,2024,43521.0,Moto Center Campinas,Campinas,Maria Oliveira,CANCELADA,Financiamento,2026-12-28,fernanda.alves1097@email.com,11999991097
1098,Thiago Alves,39,Vinhedo,SP,VERSYS 650,KAWASAKI,Trail,2024,48721.0,Moto Center Vinhedo,Vinhedo,Carlos Santos,CONCLUIDA,Financiamento,2026-03-07,thiago.alves1098@email.com,11999991098
1099,Mariana Silva,32,Valinhos,SP,NINJA 400,KAWASAKI,Esportiva,2023,34837.0,Moto Center Valinhos,Valinhos,Joao Silva,CONCLUIDA,Pix,2026-11-06,mariana.silva1099@email.com,11999991099
1100,Amanda Rodrigues,42,Campinas,SP,MT-03,YAMAHA,Naked,2024,35329.0,Moto Center Campinas,Campinas,Joao Silva,CONCLUIDA,Financiamento,2026-09-25,amanda.rodrigues1100@email.com,11999991100
1101,Juliana Costa,39,Campinas,SP,CB 650R,HONDA,Naked,2024,53525.0,Moto Center Campinas,Campinas,Joao Silva,CONCLUIDA,Financiamento,2026-02-07,juliana.costa1101@email.com,11999991101
1102,Carolina Gomes,37,Vinhedo,SP,MT-03,YAMAHA,Naked,2024,31052.0,Moto Center Vinhedo,Vinhedo,Maria Oliveira,AGENDADA,Financiamento,2026-10-19,carolina.gomes1102@email.com,11999991102
1103,Thiago Alves,56,Valinhos,SP,PCX 160,HONDA,Scooter,2025,18921.0,Moto Center Valinhos,Valinhos,Pedro Souza,CONCLUIDA,Cartão,2026-08-19,thiago.alves1103@email.com,11999991103
1104,Bruno Lima,41,Jundiai,SP,VERSYS 650,KAWASAKI,Trail,2024,50856.0,Moto Center Jundiai,Jundiai,Joao Silva,AGENDADA,Financiamento,2026-05-20,bruno.lima1104@email.com,11999991104
1105,Diego Martins,35,Campinas,SP,MT-03,YAMAHA,Naked,2024,32208.0,Moto Center Campinas,Campinas,Joao Silva,CANCELADA,Cartão,2026-08-05,diego.martins1105@email.com,11999991105
1106,Carolina Gomes,22,Campinas,SP,CB 500F,HONDA,Naked,2024,42142.0,Moto Center Campinas,Campinas,Pedro Souza,AGENDADA,Cartão,2026-08-08,carolina.gomes1106@email.com,11999991106
1107,Amanda Rodrigues,44,Vinhedo,SP,VERSYS 650,KAWASAKI,Trail,2024,49332.0,Moto Center Vinhedo,Vinhedo,Joao Silva,AGENDADA,Pix,2026-11-02,amanda.rodrigues1107@email.com,11999991107
1108,Juliana Costa,61,Campinas,SP,MT-07,YAMAHA,Naked,2024,49475.0,Moto Center Campinas,Campinas,Joao Silva,AGENDADA,Cartão,2026-05-10,juliana.costa1108@email.com,11999991108
1109,Joao Santos,26,Vinhedo,SP,VERSYS 650,KAWASAKI,Trail,2024,47890.0,Moto Center Vinhedo,Vinhedo,Maria Oliveira,CONCLUIDA,Pix,2026-01-09,joão.santos1109@email.com,11999991109
1110,Juliana Costa,62,Valinhos,SP,CB 650R,HONDA,Naked,2024,55873.0,Moto Center Valinhos,Valinhos,Pedro Souza,CONCLUIDA,Cartão,2026-11-27,juliana.costa1110@email.com,11999991110
1111,Amanda Rodrigues,67,Vinhedo,SP,PCX 160,HONDA,Scooter,2025,23649.0,Moto Center Vinhedo,Vinhedo,Pedro Souza,CANCELADA,Financiamento,2026-03-16,amanda.rodrigues1111@email.com,11999991111
1112,Renata Costa,51,Valinhos,SP,CB 650R,HONDA,Naked,2024,54444.0,Moto Center Valinhos,Valinhos,Maria Oliveira,CONCLUIDA,Cartão,2026-01-20,renata.costa1112@email.com,11999991112
1113,Thiago Alves,31,Campinas,SP,MT-07,YAMAHA,Naked,2024,50261.0,Moto Center Campinas,Campinas,Carlos Santos,CONCLUIDA,Cartão,2026-12-02,thiago.alves1113@email.com,11999991113
1114,Joao Santos,58,Campinas,SP,VERSYS 650,KAWASAKI,Trail,2024,48442.0,Moto Center Campinas,Campinas,Pedro Souza,CANCELADA,Pix,2026-01-18,joão.santos1114@email.com,11999991114
1115,Fernanda Alves,35,Jundiai,SP,NINJA 400,KAWASAKI,Esportiva,2023,35008.0,Moto Center Jundiai,Jundiai,Joao Silva,CONCLUIDA,Pix,2026-11-20,fernanda.alves1115@email.com,11999991115
1116,Lucas Ferreira,41,Jundiai,SP,MT-07,YAMAHA,Naked,2024,49357.0,Moto Center Jundiai,Jundiai,Joao Silva,AGENDADA,Pix,2026-06-23,lucas.ferreira1116@email.com,11999991116
1117,Carlos Mendes,70,Campinas,SP,CB 500F,HONDA,Naked,2024,44354.0,Moto Center Campinas,Campinas,Pedro Souza,AGENDADA,Cartão,2026-01-01,carlos.mendes1117@email.com,11999991117
1118,Marcos Pereira,42,Jundiai,SP,MT-03,YAMAHA,Naked,2024,32344.0,Moto Center Jundiai,Jundiai,Maria Oliveira,AGENDADA,Pix,2026-04-03,marcos.pereira1118@email.com,11999991118
1119,Thiago Alves,64,Valinhos,SP,CB 500F,HONDA,Naked,2024,41819.0,Moto Center Valinhos,Valinhos,Carlos Santos,AGENDADA,Pix,2026-11-13,thiago.alves1119@email.com,11999991119
1120,Carolina Gomes,51,Campinas,SP,CB 650R,HONDA,Naked,2024,53396.0,Moto Center Campinas,Campinas,Joao Silva,CONCLUIDA,Pix,2026-06-20,carolina.gomes1120@email.com,11999991120
1121,Amanda Rodrigues,38,Jundiai,SP,PCX 160,HONDA,Scooter,2025,24044.0,Moto Center Jundiai,Jundiai,Carlos Santos,AGENDADA,Cartão,2026-09-24,amanda.rodrigues1121@email.com,11999991121
1122,Renata Costa,33,Vinhedo,SP,VERSYS 650,KAWASAKI,Trail,2024,49728.0,Moto Center Vinhedo,Vinhedo,Joao Silva,AGENDADA,Financiamento,2026-11-25,renata.costa1122@email.com,11999991122
1123,Fernanda Alves,26,Jundiai,SP,VERSYS 650,KAWASAKI,Trail,2024,50802.0,Moto Center Jundiai,Jundiai,Pedro Souza,CONCLUIDA,Cartão,2026-01-04,fernanda.alves1123@email.com,11999991123
1124,Carlos Mendes,52,Campinas,SP,NINJA 400,KAWASAKI,Esportiva,2023,34548.0,Moto Center Campinas,Campinas,Maria Oliveira,AGENDADA,Cartão,2026-02-16,carlos.mendes1124@email.com,11999991124
1125,Mariana Silva,70,Jundiai,SP,MT-07,YAMAHA,Naked,2024,49791.0,Moto Center Jundiai,Jundiai,Joao Silva,CANCELADA,Financiamento,2026-06-07,mariana.silva1125@email.com,11999991125
1126,Thiago Alves,46,Valinhos,SP,VERSYS 650,KAWASAKI,Trail,2024,51782.0,Moto Center Valinhos,Valinhos,Joao Silva,CONCLUIDA,Financiamento,2026-03-25,thiago.alves1126@email.com,11999991126
1127,Fernanda Alves,72,Valinhos,SP,CB 500F,HONDA,Naked,2024,41078.0,Moto Center Valinhos,Valinhos,Joao Silva,CANCELADA,Financiamento,2026-01-10,fernanda.alves1127@email.com,11999991127
1128,Carlos Mendes,62,Valinhos,SP,PCX 160,HONDA,Scooter,2025,20209.0,Moto Center Valinhos,Valinhos,Maria Oliveira,AGENDADA,Cartão,2026-06-03,carlos.mendes1128@email.com,11999991128
1129,Carolina Gomes,50,Jundiai,SP,CB 500F,HONDA,Naked,2024,42068.0,Moto Center Jundiai,Jundiai,Carlos Santos,AGENDADA,Cartão,2026-06-24,carolina.gomes1129@email.com,11999991129
1130,Lucas Ferreira,31,Jundiai,SP,PCX 160,HONDA,Scooter,2025,19861.0,Moto Center Jundiai,Jundiai,Pedro Souza,AGENDADA,Pix,2026-11-16,lucas.ferreira1130@email.com,11999991130
1131,Carlos Mendes,53,Vinhedo,SP,VERSYS 650,KAWASAKI,Trail,2024,48583.0,Moto Center Vinhedo,Vinhedo,Maria Oliveira,AGENDADA,Pix,2026-12-25,carlos.mendes1131@email.com,11999991131
1132,Diego Martins,63,Campinas,SP,VERSYS 650,KAWASAKI,Trail,2024,52704.0,Moto Center Campinas,Campinas,Pedro Souza,AGENDADA,Financiamento,2026-12-17,diego.martins1132@email.com,11999991132
1133,Amanda Rodrigues,45,Vinhedo,SP,CB 500F,HONDA,Naked,2024,42502.0,Moto Center Vinhedo,Vinhedo,Pedro Souza,CONCLUIDA,Financiamento,2026-11-26,amanda.rodrigues1133@email.com,11999991133
1134,Carlos Mendes,61,Campinas,SP,CB 650R,HONDA,Naked,2024,55820.0,Moto Center Campinas,Campinas,Joao Silva,CONCLUIDA,Financiamento,2026-05-13,carlos.mendes1134@email.com,11999991134
1135,Diego Martins,34,Jundiai,SP,NINJA 400,KAWASAKI,Esportiva,2023,36521.0,Moto Center Jundiai,Jundiai,Pedro Souza,CANCELADA,Pix,2026-10-05,diego.martins1135@email.com,11999991135
1136,Pedro Oliveira,29,Vinhedo,SP,VERSYS 650,KAWASAKI,Trail,2024,47057.0,Moto Center Vinhedo,Vinhedo,Maria Oliveira,CANCELADA,Financiamento,2026-06-02,pedro.oliveira1136@email.com,11999991136
1137,Ana Souza,21,Vinhedo,SP,VERSYS 650,KAWASAKI,Trail,2024,50501.0,Moto Center Vinhedo,Vinhedo,Carlos Santos,CANCELADA,Pix,2026-09-20,ana.souza1137@email.com,11999991137
1138,Amanda Rodrigues,46,Campinas,SP,VERSYS 650,KAWASAKI,Trail,2024,50323.0,Moto Center Campinas,Campinas,Carlos Santos,CANCELADA,Financiamento,2026-09-21,amanda.rodrigues1138@email.com,11999991138
1139,Diego Martins,44,Vinhedo,SP,CB 650R,HONDA,Naked,2024,51813.0,Moto Center Vinhedo,Vinhedo,Pedro Souza,AGENDADA,Pix,2026-02-12,diego.martins1139@email.com,11999991139
1140,Joao Santos,63,Campinas,SP,MT-07,YAMAHA,Naked,2024,49710.0,Moto Center Campinas,Campinas,Maria Oliveira,CANCELADA,Pix,2026-11-22,joão.santos1140@email.com,11999991140
1141,Bruno Lima,31,Valinhos,SP,MT-03,YAMAHA,Naked,2024,34386.0,Moto Center Valinhos,Valinhos,Maria Oliveira,CONCLUIDA,Cartão,2026-03-21,bruno.lima1141@email.com,11999991141
1142,Joao Santos,62,Jundiai,SP,CB 650R,HONDA,Naked,2024,54503.0,Moto Center Jundiai,Jundiai,Carlos Santos,CANCELADA,Financiamento,2026-10-23,joão.santos1142@email.com,11999991142
1143,Fernanda Alves,29,Jundiai,SP,VERSYS 650,KAWASAKI,Trail,2024,52330.0,Moto Center Jundiai,Jundiai,Pedro Souza,AGENDADA,Cartão,2026-02-28,fernanda.alves1143@email.com,11999991143
1144,Carolina Gomes,57,Valinhos,SP,NINJA 400,KAWASAKI,Esportiva,2023,35406.0,Moto Center Valinhos,Valinhos,Joao Silva,CANCELADA,Financiamento,2026-01-18,carolina.gomes1144@email.com,11999991144
1145,Ana Souza,62,Valinhos,SP,PCX 160,HONDA,Scooter,2025,21800.0,Moto Center Valinhos,Valinhos,Carlos Santos,CANCELADA,Cartão,2026-11-02,ana.souza1145@email.com,11999991145
1146,Amanda Rodrigues,46,Valinhos,SP,PCX 160,HONDA,Scooter,2025,22133.0,Moto Center Valinhos,Valinhos,Carlos Santos,AGENDADA,Financiamento,2026-01-04,amanda.rodrigues1146@email.com,11999991146
1147,Mariana Silva,23,Jundiai,SP,CB 500F,HONDA,Naked,2024,44838.0,Moto Center Jundiai,Jundiai,Joao Silva,AGENDADA,Cartão,2026-11-03,mariana.silva1147@email.com,11999991147
1148,Pedro Oliveira,47,Vinhedo,SP,VERSYS 650,KAWASAKI,Trail,2024,51672.0,Moto Center Vinhedo,Vinhedo,Carlos Santos,AGENDADA,Pix,2026-02-24,pedro.oliveira1148@email.com,11999991148
1149,Amanda Rodrigues,37,Vinhedo,SP,NINJA 400,KAWASAKI,Esportiva,2023,33929.0,Moto Center Vinhedo,Vinhedo,Pedro Souza,CANCELADA,Cartão,2026-04-22,amanda.rodrigues1149@email.com,11999991149
1150,Marcos Pereira,24,Vinhedo,SP,NINJA 400,KAWASAKI,Esportiva,2023,38321.0,Moto Center Vinhedo,Vinhedo,Pedro Souza,CONCLUIDA,Financiamento,2026-03-26,marcos.pereira1150@email.com,11999991150
1151,Lucas Ferreira,22,Valinhos,SP,MT-07,YAMAHA,Naked,2024,50210.0,Moto Center Valinhos,Valinhos,Carlos Santos,CONCLUIDA,Financiamento,2026-05-27,lucas.ferreira1151@email.com,11999991151
1152,Marcos Pereira,26,Campinas,SP,CB 650R,HONDA,Naked,2024,51106.0,Moto Center Campinas,Campinas,Pedro Souza,AGENDADA,Pix,2026-01-17,marcos.pereira1152@email.com,11999991152
1153,Renata Costa,48,Valinhos,SP,PCX 160,HONDA,Scooter,2025,21578.0,Moto Center Valinhos,Valinhos,Pedro Souza,AGENDADA,Financiamento,2026-12-04,renata.costa1153@email.com,11999991153
1154,Marcos Pereira,46,Vinhedo,SP,MT-03,YAMAHA,Naked,2024,30829.0,Moto Center Vinhedo,Vinhedo,Joao Silva,CONCLUIDA,Financiamento,2026-08-08,marcos.pereira1154@email.com,11999991154
1155,Joao Santos,68,Campinas,SP,PCX 160,HONDA,Scooter,2025,19638.0,Moto Center Campinas,Campinas,Maria Oliveira,CONCLUIDA,Pix,2026-06-16,joão.santos1155@email.com,11999991155
1156,Lucas Ferreira,67,Vinhedo,SP,VERSYS 650,KAWASAKI,Trail,2024,49765.0,Moto Center Vinhedo,Vinhedo,Carlos Santos,AGENDADA,Pix,2026-11-14,lucas.ferreira1156@email.com,11999991156
1157,Carolina Gomes,62,Campinas,SP,PCX 160,HONDA,Scooter,2025,24128.0,Moto Center Campinas,Campinas,Pedro Souza,CANCELADA,Pix,2026-06-02,carolina.gomes1157@email.com,11999991157
1158,Joao Santos,60,Vinhedo,SP,VERSYS 650,KAWASAKI,Trail,2024,49739.0,Moto Center Vinhedo,Vinhedo,Carlos Santos,CONCLUIDA,Pix,2026-06-16,joão.santos1158@email.com,11999991158
1159,Amanda Rodrigues,42,Jundiai,SP,PCX 160,HONDA,Scooter,2025,21857.0,Moto Center Jundiai,Jundiai,Carlos Santos,CONCLUIDA,Cartão,2026-06-28,amanda.rodrigues1159@email.com,11999991159
1160,Ana Souza,21,Campinas,SP,CB 500F,HONDA,Naked,2024,40303.0,Moto Center Campinas,Campinas,Joao Silva,CANCELADA,Cartão,2026-11-16,ana.souza1160@email.com,11999991160
1161,Lucas Ferreira,64,Jundiai,SP,MT-03,YAMAHA,Naked,2024,35342.0,Moto Center Jundiai,Jundiai,Carlos Santos,CONCLUIDA,Financiamento,2026-04-27,lucas.ferreira1161@email.com,11999991161
1162,Bruno Lima,52,Campinas,SP,CB 500F,HONDA,Naked,2024,44615.0,Moto Center Campinas,Campinas,Joao Silva,CANCELADA,Financiamento,2026-05-09,bruno.lima1162@email.com,11999991162
1163,Carolina Gomes,31,Jundiai,SP,PCX 160,HONDA,Scooter,2025,22141.0,Moto Center Jundiai,Jundiai,Joao Silva,CONCLUIDA,Financiamento,2026-01-27,carolina.gomes1163@email.com,11999991163
1164,Fernanda Alves,27,Vinhedo,SP,MT-03,YAMAHA,Naked,2024,31998.0,Moto Center Vinhedo,Vinhedo,Joao Silva,CANCELADA,Pix,2026-09-18,fernanda.alves1164@email.com,11999991164
1165,Diego Martins,46,Jundiai,SP,NINJA 400,KAWASAKI,Esportiva,2023,36444.0,Moto Center Jundiai,Jundiai,Maria Oliveira,CANCELADA,Cartão,2026-12-08,diego.martins1165@email.com,11999991165
1166,Renata Costa,31,Jundiai,SP,MT-07,YAMAHA,Naked,2024,51703.0,Moto Center Jundiai,Jundiai,Carlos Santos,CONCLUIDA,Pix,2026-07-14,renata.costa1166@email.com,11999991166
1167,Bruno Lima,71,Vinhedo,SP,MT-07,YAMAHA,Naked,2024,50072.0,Moto Center Vinhedo,Vinhedo,Carlos Santos,CANCELADA,Pix,2026-01-10,bruno.lima1167@email.com,11999991167
1168,Fernanda Alves,58,Jundiai,SP,MT-03,YAMAHA,Naked,2024,34186.0,Moto Center Jundiai,Jundiai,Joao Silva,AGENDADA,Financiamento,2026-09-28,fernanda.alves1168@email.com,11999991168
1169,Lucas Ferreira,30,Vinhedo,SP,PCX 160,HONDA,Scooter,2025,22413.0,Moto Center Vinhedo,Vinhedo,Pedro Souza,CONCLUIDA,Financiamento,2026-02-16,lucas.ferreira1169@email.com,11999991169
1170,Renata Costa,20,Campinas,SP,MT-03,YAMAHA,Naked,2024,31250.0,Moto Center Campinas,Campinas,Carlos Santos,CONCLUIDA,Financiamento,2026-04-03,renata.costa1170@email.com,11999991170
1171,Lucas Ferreira,74,Campinas,SP,PCX 160,HONDA,Scooter,2025,23667.0,Moto Center Campinas,Campinas,Pedro Souza,CONCLUIDA,Financiamento,2026-04-22,lucas.ferreira1171@email.com,11999991171
1172,Mariana Silva,29,Campinas,SP,NINJA 400,KAWASAKI,Esportiva,2023,33118.0,Moto Center Campinas,Campinas,Joao Silva,CANCELADA,Pix,2026-03-17,mariana.silva1172@email.com,11999991172
1173,Ana Souza,58,Valinhos,SP,CB 650R,HONDA,Naked,2024,55221.0,Moto Center Valinhos,Valinhos,Joao Silva,AGENDADA,Pix,2026-05-15,ana.souza1173@email.com,11999991173
1174,Marcos Pereira,18,Campinas,SP,CB 500F,HONDA,Naked,2024,40519.0,Moto Center Campinas,Campinas,Joao Silva,CANCELADA,Cartão,2026-01-21,marcos.pereira1174@email.com,11999991174
1175,Joao Santos,67,Jundiai,SP,CB 650R,HONDA,Naked,2024,52603.0,Moto Center Jundiai,Jundiai,Maria Oliveira,AGENDADA,Pix,2026-05-03,joão.santos1175@email.com,11999991175
1176,Joao Santos,39,Vinhedo,SP,MT-03,YAMAHA,Naked,2024,35210.0,Moto Center Vinhedo,Vinhedo,Joao Silva,AGENDADA,Financiamento,2026-09-01,joão.santos1176@email.com,11999991176
1177,Marcos Pereira,64,Campinas,SP,MT-03,YAMAHA,Naked,2024,34572.0,Moto Center Campinas,Campinas,Maria Oliveira,AGENDADA,Financiamento,2026-01-21,marcos.pereira1177@email.com,11999991177
1178,Bruno Lima,28,Vinhedo,SP,CB 650R,HONDA,Naked,2024,50048.0,Moto Center Vinhedo,Vinhedo,Carlos Santos,AGENDADA,Pix,2026-12-12,bruno.lima1178@email.com,11999991178
1179,Amanda Rodrigues,38,Jundiai,SP,NINJA 400,KAWASAKI,Esportiva,2023,36674.0,Moto Center Jundiai,Jundiai,Joao Silva,CANCELADA,Pix,2026-01-02,amanda.rodrigues1179@email.com,11999991179
1180,Lucas Ferreira,69,Campinas,SP,NINJA 400,KAWASAKI,Esportiva,2023,34609.0,Moto Center Campinas,Campinas,Carlos Santos,AGENDADA,Financiamento,2026-06-19,lucas.ferreira1180@email.com,11999991180
1181,Ana Souza,49,Campinas,SP,NINJA 400,KAWASAKI,Esportiva,2023,34672.0,Moto Center Campinas,Campinas,Pedro Souza,CANCELADA,Pix,2026-06-26,ana.souza1181@email.com,11999991181
1182,Marcos Pereira,27,Jundiai,SP,VERSYS 650,KAWASAKI,Trail,2024,52256.0,Moto Center Jundiai,Jundiai,Maria Oliveira,AGENDADA,Cartão,2026-02-19,marcos.pereira1182@email.com,11999991182
1183,Diego Martins,22,Jundiai,SP,CB 650R,HONDA,Naked,2024,52695.0,Moto Center Jundiai,Jundiai,Joao Silva,CANCELADA,Pix,2026-07-22,diego.martins1183@email.com,11999991183
1184,Marcos Pereira,61,Campinas,SP,CB 650R,HONDA,Naked,2024,54461.0,Moto Center Campinas,Campinas,Maria Oliveira,CONCLUIDA,Pix,2026-08-23,marcos.pereira1184@email.com,11999991184
1185,Mariana Silva,46,Vinhedo,SP,CB 650R,HONDA,Naked,2024,52551.0,Moto Center Vinhedo,Vinhedo,Carlos Santos,CONCLUIDA,Cartão,2026-02-12,mariana.silva1185@email.com,11999991185
1186,Thiago Alves,19,Campinas,SP,MT-07,YAMAHA,Naked,2024,52710.0,Moto Center Campinas,Campinas,Maria Oliveira,CANCELADA,Pix,2026-02-12,thiago.alves1186@email.com,11999991186
1187,Renata Costa,33,Vinhedo,SP,CB 500F,HONDA,Naked,2024,45282.0,Moto Center Vinhedo,Vinhedo,Pedro Souza,CONCLUIDA,Financiamento,2026-12-09,renata.costa1187@email.com,11999991187
1188,Thiago Alves,27,Valinhos,SP,VERSYS 650,KAWASAKI,Trail,2024,52379.0,Moto Center Valinhos,Valinhos,Joao Silva,AGENDADA,Financiamento,2026-06-23,thiago.alves1188@email.com,11999991188
1189,Ana Souza,63,Vinhedo,SP,CB 500F,HONDA,Naked,2024,42145.0,Moto Center Vinhedo,Vinhedo,Carlos Santos,AGENDADA,Financiamento,2026-04-02,ana.souza1189@email.com,11999991189
1190,Diego Martins,32,Jundiai,SP,MT-03,YAMAHA,Naked,2024,30989.0,Moto Center Jundiai,Jundiai,Carlos Santos,AGENDADA,Cartão,2026-06-22,diego.martins1190@email.com,11999991190
1191,Marcos Pereira,46,Vinhedo,SP,CB 500F,HONDA,Naked,2024,43595.0,Moto Center Vinhedo,Vinhedo,Joao Silva,CONCLUIDA,Cartão,2026-01-06,marcos.pereira1191@email.com,11999991191
1192,Mariana Silva,36,Valinhos,SP,CB 500F,HONDA,Naked,2024,41687.0,Moto Center Valinhos,Valinhos,Carlos Santos,CANCELADA,Financiamento,2026-04-08,mariana.silva1192@email.com,11999991192
1193,Mariana Silva,42,Vinhedo,SP,MT-07,YAMAHA,Naked,2024,48503.0,Moto Center Vinhedo,Vinhedo,Pedro Souza,AGENDADA,Financiamento,2026-12-04,mariana.silva1193@email.com,11999991193
1194,Renata Costa,42,Jundiai,SP,VERSYS 650,KAWASAKI,Trail,2024,47603.0,Moto Center Jundiai,Jundiai,Carlos Santos,CONCLUIDA,Pix,2026-10-28,renata.costa1194@email.com,11999991194
1195,Thiago Alves,26,Jundiai,SP,CB 650R,HONDA,Naked,2024,51913.0,Moto Center Jundiai,Jundiai,Maria Oliveira,CANCELADA,Financiamento,2026-02-15,thiago.alves1195@email.com,11999991195
1196,Carlos Mendes,46,Vinhedo,SP,MT-07,YAMAHA,Naked,2024,52327.0,Moto Center Vinhedo,Vinhedo,Carlos Santos,CANCELADA,Cartão,2026-08-15,carlos.mendes1196@email.com,11999991196
1197,Pedro Oliveira,28,Vinhedo,SP,MT-03,YAMAHA,Naked,2024,30062.0,Moto Center Vinhedo,Vinhedo,Maria Oliveira,CONCLUIDA,Cartão,2026-05-10,pedro.oliveira1197@email.com,11999991197
1198,Bruno Lima,65,Valinhos,SP,NINJA 400,KAWASAKI,Esportiva,2023,36145.0,Moto Center Valinhos,Valinhos,Carlos Santos,AGENDADA,Cartão,2026-08-24,bruno.lima1198@email.com,11999991198
1199,Renata Costa,46,Campinas,SP,CB 500F,HONDA,Naked,2024,40189.0,Moto Center Campinas,Campinas,Joao Silva,AGENDADA,Pix,2026-05-26,renata.costa1199@email.com,11999991199
1200,Carlos Mendes,73,Jundiai,SP,NINJA 400,KAWASAKI,Esportiva,2023,33846.0,Moto Center Jundiai,Jundiai,Joao Silva,AGENDADA,Cartão,2026-10-21,carlos.mendes1200@email.com,11999991200
1201,Ana Souza,33,Jundiai,SP,MT-07,YAMAHA,Naked,2024,51301.0,Moto Center Jundiai,Jundiai,Joao Silva,CONCLUIDA,Pix,2026-10-16,ana.souza1201@email.com,11999991201
1202,Ana Souza,69,Jundiai,SP,MT-03,YAMAHA,Naked,2024,32113.0,Moto Center Jundiai,Jundiai,Maria Oliveira,CANCELADA,Pix,2026-10-15,ana.souza1202@email.com,11999991202
1203,Diego Martins,67,Vinhedo,SP,MT-07,YAMAHA,Naked,2024,48939.0,Moto Center Vinhedo,Vinhedo,Joao Silva,AGENDADA,Cartão,2026-04-22,diego.martins1203@email.com,11999991203
1204,Lucas Ferreira,21,Campinas,SP,PCX 160,HONDA,Scooter,2025,19220.0,Moto Center Campinas,Campinas,Pedro Souza,CONCLUIDA,Financiamento,2026-12-07,lucas.ferreira1204@email.com,11999991204
1205,Pedro Oliveira,38,Valinhos,SP,PCX 160,HONDA,Scooter,2025,23386.0,Moto Center Valinhos,Valinhos,Carlos Santos,AGENDADA,Cartão,2026-07-16,pedro.oliveira1205@email.com,11999991205
1206,Lucas Ferreira,44,Jundiai,SP,PCX 160,HONDA,Scooter,2025,19869.0,Moto Center Jundiai,Jundiai,Carlos Santos,AGENDADA,Cartão,2026-08-22,lucas.ferreira1206@email.com,11999991206
1207,Ana Souza,32,Jundiai,SP,MT-07,YAMAHA,Naked,2024,49425.0,Moto Center Jundiai,Jundiai,Maria Oliveira,CANCELADA,Financiamento,2026-08-18,ana.souza1207@email.com,11999991207
1208,Ana Souza,74,Jundiai,SP,NINJA 400,KAWASAKI,Esportiva,2023,36229.0,Moto Center Jundiai,Jundiai,Joao Silva,CONCLUIDA,Pix,2026-02-16,ana.souza1208@email.com,11999991208
1209,Lucas Ferreira,63,Campinas,SP,CB 650R,HONDA,Naked,2024,50423.0,Moto Center Campinas,Campinas,Carlos Santos,CONCLUIDA,Cartão,2026-04-12,lucas.ferreira1209@email.com,11999991209
1210,Marcos Pereira,68,Jundiai,SP,CB 500F,HONDA,Naked,2024,40658.0,Moto Center Jundiai,Jundiai,Pedro Souza,CANCELADA,Pix,2026-09-06,marcos.pereira1210@email.com,11999991210
1211,Ana Souza,72,Vinhedo,SP,PCX 160,HONDA,Scooter,2025,18835.0,Moto Center Vinhedo,Vinhedo,Carlos Santos,CONCLUIDA,Financiamento,2026-04-07,ana.souza1211@email.com,11999991211
1212,Marcos Pereira,61,Campinas,SP,CB 650R,HONDA,Naked,2024,50220.0,Moto Center Campinas,Campinas,Carlos Santos,CONCLUIDA,Cartão,2026-09-22,marcos.pereira1212@email.com,11999991212
1213,Amanda Rodrigues,68,Campinas,SP,VERSYS 650,KAWASAKI,Trail,2024,52659.0,Moto Center Campinas,Campinas,Joao Silva,CONCLUIDA,Cartão,2026-05-05,amanda.rodrigues1213@email.com,11999991213
1214,Amanda Rodrigues,52,Jundiai,SP,CB 650R,HONDA,Naked,2024,50655.0,Moto Center Jundiai,Jundiai,Joao Silva,CONCLUIDA,Cartão,2026-09-22,amanda.rodrigues1214@email.com,11999991214
1215,Bruno Lima,46,Vinhedo,SP,VERSYS 650,KAWASAKI,Trail,2024,52111.0,Moto Center Vinhedo,Vinhedo,Pedro Souza,CONCLUIDA,Pix,2026-08-10,bruno.lima1215@email.com,11999991215
1216,Renata Costa,24,Campinas,SP,MT-03,YAMAHA,Naked,2024,33461.0,Moto Center Campinas,Campinas,Carlos Santos,CANCELADA,Cartão,2026-09-28,renata.costa1216@email.com,11999991216
1217,Marcos Pereira,41,Campinas,SP,CB 650R,HONDA,Naked,2024,52065.0,Moto Center Campinas,Campinas,Carlos Santos,CONCLUIDA,Cartão,2026-01-27,marcos.pereira1217@email.com,11999991217
1218,Mariana Silva,30,Jundiai,SP,MT-03,YAMAHA,Naked,2024,30608.0,Moto Center Jundiai,Jundiai,Maria Oliveira,AGENDADA,Cartão,2026-11-18,mariana.silva1218@email.com,11999991218
1219,Amanda Rodrigues,18,Valinhos,SP,VERSYS 650,KAWASAKI,Trail,2024,49740.0,Moto Center Valinhos,Valinhos,Maria Oliveira,CONCLUIDA,Pix,2026-02-03,amanda.rodrigues1219@email.com,11999991219
1220,Lucas Ferreira,42,Valinhos,SP,MT-03,YAMAHA,Naked,2024,31172.0,Moto Center Valinhos,Valinhos,Carlos Santos,AGENDADA,Pix,2026-06-04,lucas.ferreira1220@email.com,11999991220
1221,Diego Martins,18,Valinhos,SP,VERSYS 650,KAWASAKI,Trail,2024,52842.0,Moto Center Valinhos,Valinhos,Maria Oliveira,CANCELADA,Financiamento,2026-06-04,diego.martins1221@email.com,11999991221
1222,Juliana Costa,24,Valinhos,SP,CB 500F,HONDA,Naked,2024,42407.0,Moto Center Valinhos,Valinhos,Joao Silva,CANCELADA,Financiamento,2026-11-12,juliana.costa1222@email.com,11999991222
1223,Juliana Costa,72,Valinhos,SP,PCX 160,HONDA,Scooter,2025,22079.0,Moto Center Valinhos,Valinhos,Joao Silva,AGENDADA,Financiamento,2026-08-04,juliana.costa1223@email.com,11999991223
1224,Joao Santos,31,Valinhos,SP,MT-03,YAMAHA,Naked,2024,33469.0,Moto Center Valinhos,Valinhos,Joao Silva,CANCELADA,Pix,2026-02-19,joão.santos1224@email.com,11999991224
1225,Joao Santos,31,Valinhos,SP,MT-03,YAMAHA,Naked,2024,34210.0,Moto Center Valinhos,Valinhos,Maria Oliveira,AGENDADA,Cartão,2026-09-23,joão.santos1225@email.com,11999991225
1226,Bruno Lima,48,Vinhedo,SP,VERSYS 650,KAWASAKI,Trail,2024,48230.0,Moto Center Vinhedo,Vinhedo,Joao Silva,CANCELADA,Pix,2026-11-15,bruno.lima1226@email.com,11999991226
1227,Diego Martins,53,Valinhos,SP,CB 650R,HONDA,Naked,2024,51884.0,Moto Center Valinhos,Valinhos,Pedro Souza,CANCELADA,Pix,2026-10-07,diego.martins1227@email.com,11999991227
1228,Carolina Gomes,40,Jundiai,SP,VERSYS 650,KAWASAKI,Trail,2024,47923.0,Moto Center Jundiai,Jundiai,Carlos Santos,AGENDADA,Pix,2026-03-15,carolina.gomes1228@email.com,11999991228
1229,Mariana Silva,27,Campinas,SP,VERSYS 650,KAWASAKI,Trail,2024,50553.0,Moto Center Campinas,Campinas,Maria Oliveira,CANCELADA,Financiamento,2026-08-15,mariana.silva1229@email.com,11999991229
1230,Bruno Lima,56,Campinas,SP,MT-03,YAMAHA,Naked,2024,31902.0,Moto Center Campinas,Campinas,Maria Oliveira,CONCLUIDA,Pix,2026-01-01,bruno.lima1230@email.com,11999991230
1231,Juliana Costa,28,Vinhedo,SP,MT-03,YAMAHA,Naked,2024,31428.0,Moto Center Vinhedo,Vinhedo,Maria Oliveira,CONCLUIDA,Financiamento,2026-01-14,juliana.costa1231@email.com,11999991231
1232,Juliana Costa,42,Valinhos,SP,PCX 160,HONDA,Scooter,2025,18877.0,Moto Center Valinhos,Valinhos,Carlos Santos,CONCLUIDA,Pix,2026-04-12,juliana.costa1232@email.com,11999991232
1233,Mariana Silva,45,Campinas,SP,PCX 160,HONDA,Scooter,2025,19176.0,Moto Center Campinas,Campinas,Pedro Souza,CANCELADA,Financiamento,2026-06-28,mariana.silva1233@email.com,11999991233
1234,Diego Martins,26,Valinhos,SP,CB 500F,HONDA,Naked,2024,44604.0,Moto Center Valinhos,Valinhos,Joao Silva,CONCLUIDA,Cartão,2026-03-04,diego.martins1234@email.com,11999991234
1235,Carlos Mendes,46,Campinas,SP,CB 650R,HONDA,Naked,2024,52538.0,Moto Center Campinas,Campinas,Maria Oliveira,AGENDADA,Cartão,2026-11-22,carlos.mendes1235@email.com,11999991235
1236,Lucas Ferreira,29,Campinas,SP,CB 650R,HONDA,Naked,2024,53229.0,Moto Center Campinas,Campinas,Joao Silva,AGENDADA,Financiamento,2026-04-25,lucas.ferreira1236@email.com,11999991236
1237,Renata Costa,71,Jundiai,SP,CB 650R,HONDA,Naked,2024,51498.0,Moto Center Jundiai,Jundiai,Carlos Santos,CANCELADA,Financiamento,2026-12-05,renata.costa1237@email.com,11999991237
1238,Lucas Ferreira,68,Valinhos,SP,NINJA 400,KAWASAKI,Esportiva,2023,34894.0,Moto Center Valinhos,Valinhos,Carlos Santos,AGENDADA,Financiamento,2026-09-14,lucas.ferreira1238@email.com,11999991238
1239,Fernanda Alves,50,Valinhos,SP,PCX 160,HONDA,Scooter,2025,20810.0,Moto Center Valinhos,Valinhos,Joao Silva,AGENDADA,Cartão,2026-03-21,fernanda.alves1239@email.com,11999991239
1240,Bruno Lima,32,Vinhedo,SP,NINJA 400,KAWASAKI,Esportiva,2023,36162.0,Moto Center Vinhedo,Vinhedo,Maria Oliveira,CANCELADA,Financiamento,2026-08-12,bruno.lima1240@email.com,11999991240
1241,Diego Martins,19,Vinhedo,SP,MT-07,YAMAHA,Naked,2024,48037.0,Moto Center Vinhedo,Vinhedo,Maria Oliveira,CANCELADA,Cartão,2026-09-28,diego.martins1241@email.com,11999991241
1242,Lucas Ferreira,74,Jundiai,SP,VERSYS 650,KAWASAKI,Trail,2024,47149.0,Moto Center Jundiai,Jundiai,Maria Oliveira,CONCLUIDA,Pix,2026-08-06,lucas.ferreira1242@email.com,11999991242
1243,Renata Costa,66,Jundiai,SP,PCX 160,HONDA,Scooter,2025,19968.0,Moto Center Jundiai,Jundiai,Joao Silva,AGENDADA,Cartão,2026-05-07,renata.costa1243@email.com,11999991243
1244,Pedro Oliveira,35,Valinhos,SP,CB 500F,HONDA,Naked,2024,41565.0,Moto Center Valinhos,Valinhos,Joao Silva,AGENDADA,Cartão,2026-02-08,pedro.oliveira1244@email.com,11999991244
1245,Diego Martins,44,Vinhedo,SP,VERSYS 650,KAWASAKI,Trail,2024,49003.0,Moto Center Vinhedo,Vinhedo,Maria Oliveira,CONCLUIDA,Financiamento,2026-11-14,diego.martins1245@email.com,11999991245
1246,Juliana Costa,46,Campinas,SP,NINJA 400,KAWASAKI,Esportiva,2023,37416.0,Moto Center Campinas,Campinas,Joao Silva,CANCELADA,Pix,2026-12-23,juliana.costa1246@email.com,11999991246
1247,Ana Souza,24,Vinhedo,SP,CB 650R,HONDA,Naked,2024,52653.0,Moto Center Vinhedo,Vinhedo,Carlos Santos,AGENDADA,Financiamento,2026-06-15,ana.souza1247@email.com,11999991247
1248,Renata Costa,35,Valinhos,SP,MT-03,YAMAHA,Naked,2024,34743.0,Moto Center Valinhos,Valinhos,Maria Oliveira,CANCELADA,Cartão,2026-10-15,renata.costa1248@email.com,11999991248
1249,Carolina Gomes,75,Vinhedo,SP,NINJA 400,KAWASAKI,Esportiva,2023,36474.0,Moto Center Vinhedo,Vinhedo,Pedro Souza,CANCELADA,Financiamento,2026-12-23,carolina.gomes1249@email.com,11999991249
1250,Amanda Rodrigues,24,Valinhos,SP,NINJA 400,KAWASAKI,Esportiva,2023,34644.0,Moto Center Valinhos,Valinhos,Joao Silva,CANCELADA,Cartão,2026-01-12,amanda.rodrigues1250@email.com,11999991250
1251,Mariana Silva,29,Valinhos,SP,VERSYS 650,KAWASAKI,Trail,2024,49208.0,Moto Center Valinhos,Valinhos,Maria Oliveira,CONCLUIDA,Pix,2026-03-13,mariana.silva1251@email.com,11999991251
1252,Amanda Rodrigues,49,Campinas,SP,MT-03,YAMAHA,Naked,2024,32828.0,Moto Center Campinas,Campinas,Joao Silva,CANCELADA,Financiamento,2026-02-18,amanda.rodrigues1252@email.com,11999991252
1253,Pedro Oliveira,54,Valinhos,SP,VERSYS 650,KAWASAKI,Trail,2024,51089.0,Moto Center Valinhos,Valinhos,Maria Oliveira,CONCLUIDA,Financiamento,2026-01-20,pedro.oliveira1253@email.com,11999991253
1254,Diego Martins,74,Vinhedo,SP,VERSYS 650,KAWASAKI,Trail,2024,51984.0,Moto Center Vinhedo,Vinhedo,Pedro Souza,CANCELADA,Cartão,2026-03-22,diego.martins1254@email.com,11999991254
1255,Mariana Silva,69,Valinhos,SP,CB 650R,HONDA,Naked,2024,54569.0,Moto Center Valinhos,Valinhos,Maria Oliveira,CANCELADA,Pix,2026-04-26,mariana.silva1255@email.com,11999991255
1256,Lucas Ferreira,24,Jundiai,SP,MT-07,YAMAHA,Naked,2024,49230.0,Moto Center Jundiai,Jundiai,Carlos Santos,AGENDADA,Cartão,2026-09-10,lucas.ferreira1256@email.com,11999991256
1257,Diego Martins,21,Jundiai,SP,MT-07,YAMAHA,Naked,2024,49385.0,Moto Center Jundiai,Jundiai,Pedro Souza,CANCELADA,Financiamento,2026-05-15,diego.martins1257@email.com,11999991257
1258,Renata Costa,64,Valinhos,SP,CB 650R,HONDA,Naked,2024,54039.0,Moto Center Valinhos,Valinhos,Maria Oliveira,CONCLUIDA,Pix,2026-05-04,renata.costa1258@email.com,11999991258
1259,Pedro Oliveira,33,Valinhos,SP,CB 500F,HONDA,Naked,2024,40248.0,Moto Center Valinhos,Valinhos,Carlos Santos,CONCLUIDA,Pix,2026-01-14,pedro.oliveira1259@email.com,11999991259
1260,Renata Costa,34,Valinhos,SP,MT-07,YAMAHA,Naked,2024,50031.0,Moto Center Valinhos,Valinhos,Maria Oliveira,CANCELADA,Pix,2026-01-27,renata.costa1260@email.com,11999991260
1261,Juliana Costa,38,Campinas,SP,VERSYS 650,KAWASAKI,Trail,2024,52704.0,Moto Center Campinas,Campinas,Joao Silva,CONCLUIDA,Pix,2026-04-28,juliana.costa1261@email.com,11999991261
1262,Thiago Alves,21,Vinhedo,SP,MT-03,YAMAHA,Naked,2024,33246.0,Moto Center Vinhedo,Vinhedo,Pedro Souza,AGENDADA,Financiamento,2026-12-04,thiago.alves1262@email.com,11999991262
1263,Juliana Costa,72,Valinhos,SP,CB 500F,HONDA,Naked,2024,41740.0,Moto Center Valinhos,Valinhos,Pedro Souza,CONCLUIDA,Financiamento,2026-09-23,juliana.costa1263@email.com,11999991263
1264,Renata Costa,29,Campinas,SP,CB 650R,HONDA,Naked,2024,52003.0,Moto Center Campinas,Campinas,Carlos Santos,CONCLUIDA,Financiamento,2026-12-15,renata.costa1264@email.com,11999991264
1265,Pedro Oliveira,71,Campinas,SP,CB 500F,HONDA,Naked,2024,43541.0,Moto Center Campinas,Campinas,Maria Oliveira,CONCLUIDA,Cartão,2026-10-23,pedro.oliveira1265@email.com,11999991265
1266,Juliana Costa,57,Valinhos,SP,CB 650R,HONDA,Naked,2024,54957.0,Moto Center Valinhos,Valinhos,Maria Oliveira,AGENDADA,Financiamento,2026-02-25,juliana.costa1266@email.com,11999991266
1267,Lucas Ferreira,22,Jundiai,SP,CB 650R,HONDA,Naked,2024,50798.0,Moto Center Jundiai,Jundiai,Joao Silva,CANCELADA,Financiamento,2026-04-01,lucas.ferreira1267@email.com,11999991267
1268,Fernanda Alves,31,Campinas,SP,MT-03,YAMAHA,Naked,2024,30329.0,Moto Center Campinas,Campinas,Carlos Santos,CANCELADA,Cartão,2026-02-17,fernanda.alves1268@email.com,11999991268
1269,Fernanda Alves,65,Campinas,SP,CB 500F,HONDA,Naked,2024,40988.0,Moto Center Campinas,Campinas,Carlos Santos,AGENDADA,Pix,2026-03-20,fernanda.alves1269@email.com,11999991269
1270,Juliana Costa,74,Jundiai,SP,PCX 160,HONDA,Scooter,2025,21372.0,Moto Center Jundiai,Jundiai,Maria Oliveira,CANCELADA,Pix,2026-10-09,juliana.costa1270@email.com,11999991270
1271,Juliana Costa,41,Jundiai,SP,MT-07,YAMAHA,Naked,2024,52189.0,Moto Center Jundiai,Jundiai,Joao Silva,AGENDADA,Cartão,2026-12-03,juliana.costa1271@email.com,11999991271
1272,Ana Souza,18,Jundiai,SP,CB 650R,HONDA,Naked,2024,50657.0,Moto Center Jundiai,Jundiai,Maria Oliveira,AGENDADA,Pix,2026-05-14,ana.souza1272@email.com,11999991272
1273,Lucas Ferreira,49,Valinhos,SP,MT-03,YAMAHA,Naked,2024,32435.0,Moto Center Valinhos,Valinhos,Pedro Souza,CANCELADA,Financiamento,2026-11-12,lucas.ferreira1273@email.com,11999991273
1274,Carlos Mendes,39,Jundiai,SP,VERSYS 650,KAWASAKI,Trail,2024,51053.0,Moto Center Jundiai,Jundiai,Maria Oliveira,CONCLUIDA,Cartão,2026-10-06,carlos.mendes1274@email.com,11999991274
1275,Fernanda Alves,65,Campinas,SP,CB 500F,HONDA,Naked,2024,41585.0,Moto Center Campinas,Campinas,Joao Silva,AGENDADA,Financiamento,2026-03-21,fernanda.alves1275@email.com,11999991275
1276,Bruno Lima,70,Valinhos,SP,CB 650R,HONDA,Naked,2024,53033.0,Moto Center Valinhos,Valinhos,Maria Oliveira,CANCELADA,Cartão,2026-10-28,bruno.lima1276@email.com,11999991276
1277,Thiago Alves,36,Valinhos,SP,MT-03,YAMAHA,Naked,2024,34442.0,Moto Center Valinhos,Valinhos,Joao Silva,AGENDADA,Financiamento,2026-05-08,thiago.alves1277@email.com,11999991277
1278,Carolina Gomes,66,Campinas,SP,MT-07,YAMAHA,Naked,2024,48128.0,Moto Center Campinas,Campinas,Carlos Santos,CANCELADA,Cartão,2026-10-01,carolina.gomes1278@email.com,11999991278
1279,Lucas Ferreira,62,Campinas,SP,NINJA 400,KAWASAKI,Esportiva,2023,33622.0,Moto Center Campinas,Campinas,Maria Oliveira,AGENDADA,Financiamento,2026-08-21,lucas.ferreira1279@email.com,11999991279
1280,Ana Souza,67,Campinas,SP,CB 500F,HONDA,Naked,2024,44325.0,Moto Center Campinas,Campinas,Carlos Santos,CANCELADA,Pix,2026-07-22,ana.souza1280@email.com,11999991280
1281,Pedro Oliveira,71,Jundiai,SP,CB 650R,HONDA,Naked,2024,52762.0,Moto Center Jundiai,Jundiai,Joao Silva,CANCELADA,Cartão,2026-09-16,pedro.oliveira1281@email.com,11999991281
1282,Pedro Oliveira,38,Vinhedo,SP,CB 500F,HONDA,Naked,2024,45034.0,Moto Center Vinhedo,Vinhedo,Carlos Santos,CANCELADA,Cartão,2026-02-18,pedro.oliveira1282@email.com,11999991282
1283,Pedro Oliveira,44,Jundiai,SP,PCX 160,HONDA,Scooter,2025,24251.0,Moto Center Jundiai,Jundiai,Joao Silva,CANCELADA,Financiamento,2026-08-23,pedro.oliveira1283@email.com,11999991283
1284,Thiago Alves,73,Vinhedo,SP,MT-03,YAMAHA,Naked,2024,30940.0,Moto Center Vinhedo,Vinhedo,Maria Oliveira,CANCELADA,Financiamento,2026-03-21,thiago.alves1284@email.com,11999991284
1285,Marcos Pereira,74,Vinhedo,SP,PCX 160,HONDA,Scooter,2025,18860.0,Moto Center Vinhedo,Vinhedo,Carlos Santos,CONCLUIDA,Pix,2026-03-23,marcos.pereira1285@email.com,11999991285
1286,Fernanda Alves,51,Valinhos,SP,CB 500F,HONDA,Naked,2024,42669.0,Moto Center Valinhos,Valinhos,Joao Silva,CONCLUIDA,Pix,2026-03-13,fernanda.alves1286@email.com,11999991286
1287,Carlos Mendes,46,Valinhos,SP,PCX 160,HONDA,Scooter,2025,22245.0,Moto Center Valinhos,Valinhos,Carlos Santos,CONCLUIDA,Financiamento,2026-07-08,carlos.mendes1287@email.com,11999991287
1288,Diego Martins,46,Vinhedo,SP,VERSYS 650,KAWASAKI,Trail,2024,52260.0,Moto Center Vinhedo,Vinhedo,Carlos Santos,AGENDADA,Pix,2026-08-01,diego.martins1288@email.com,11999991288
1289,Joao Santos,29,Campinas,SP,CB 500F,HONDA,Naked,2024,41626.0,Moto Center Campinas,Campinas,Pedro Souza,AGENDADA,Financiamento,2026-05-19,joão.santos1289@email.com,11999991289
1290,Renata Costa,23,Valinhos,SP,PCX 160,HONDA,Scooter,2025,18669.0,Moto Center Valinhos,Valinhos,Joao Silva,CONCLUIDA,Cartão,2026-05-03,renata.costa1290@email.com,11999991290
1291,Juliana Costa,53,Vinhedo,SP,MT-07,YAMAHA,Naked,2024,50839.0,Moto Center Vinhedo,Vinhedo,Pedro Souza,CONCLUIDA,Financiamento,2026-02-07,juliana.costa1291@email.com,11999991291
1292,Renata Costa,38,Vinhedo,SP,PCX 160,HONDA,Scooter,2025,22211.0,Moto Center Vinhedo,Vinhedo,Pedro Souza,CANCELADA,Pix,2026-12-02,renata.costa1292@email.com,11999991292
1293,Mariana Silva,52,Vinhedo,SP,NINJA 400,KAWASAKI,Esportiva,2023,36712.0,Moto Center Vinhedo,Vinhedo,Joao Silva,CONCLUIDA,Financiamento,2026-02-22,mariana.silva1293@email.com,11999991293
1294,Mariana Silva,72,Vinhedo,SP,NINJA 400,KAWASAKI,Esportiva,2023,33675.0,Moto Center Vinhedo,Vinhedo,Joao Silva,AGENDADA,Financiamento,2026-12-09,mariana.silva1294@email.com,11999991294
1295,Juliana Costa,73,Campinas,SP,MT-03,YAMAHA,Naked,2024,33020.0,Moto Center Campinas,Campinas,Carlos Santos,AGENDADA,Pix,2026-11-16,juliana.costa1295@email.com,11999991295
1296,Ana Souza,20,Jundiai,SP,PCX 160,HONDA,Scooter,2025,24179.0,Moto Center Jundiai,Jundiai,Joao Silva,CONCLUIDA,Cartão,2026-10-10,ana.souza1296@email.com,11999991296
1297,Thiago Alves,22,Vinhedo,SP,MT-03,YAMAHA,Naked,2024,31761.0,Moto Center Vinhedo,Vinhedo,Carlos Santos,AGENDADA,Cartão,2026-05-07,thiago.alves1297@email.com,11999991297
1298,Thiago Alves,24,Campinas,SP,VERSYS 650,KAWASAKI,Trail,2024,52742.0,Moto Center Campinas,Campinas,Maria Oliveira,AGENDADA,Pix,2026-09-27,thiago.alves1298@email.com,11999991298
1299,Renata Costa,67,Campinas,SP,CB 650R,HONDA,Naked,2024,52316.0,Moto Center Campinas,Campinas,Carlos Santos,CANCELADA,Pix,2026-02-17,renata.costa1299@email.com,11999991299
1300,Thiago Alves,43,Campinas,SP,PCX 160,HONDA,Scooter,2025,19273.0,Moto Center Campinas,Campinas,Pedro Souza,CANCELADA,Financiamento,2026-03-26,thiago.alves1300@email.com,11999991300
1301,Carlos Mendes,55,Campinas,SP,MT-03,YAMAHA,Naked,2024,33735.0,Moto Center Campinas,Campinas,Pedro Souza,CONCLUIDA,Cartão,2026-02-10,carlos.mendes1301@email.com,11999991301
1302,Amanda Rodrigues,46,Vinhedo,SP,CB 500F,HONDA,Naked,2024,43857.0,Moto Center Vinhedo,Vinhedo,Joao Silva,CANCELADA,Financiamento,2026-03-12,amanda.rodrigues1302@email.com,11999991302
1303,Lucas Ferreira,65,Campinas,SP,MT-03,YAMAHA,Naked,2024,34280.0,Moto Center Campinas,Campinas,Maria Oliveira,CONCLUIDA,Financiamento,2026-09-21,lucas.ferreira1303@email.com,11999991303
1304,Renata Costa,62,Valinhos,SP,MT-07,YAMAHA,Naked,2024,50945.0,Moto Center Valinhos,Valinhos,Pedro Souza,CANCELADA,Cartão,2026-07-13,renata.costa1304@email.com,11999991304
1305,Juliana Costa,60,Valinhos,SP,MT-07,YAMAHA,Naked,2024,52051.0,Moto Center Valinhos,Valinhos,Carlos Santos,CONCLUIDA,Financiamento,2026-08-05,juliana.costa1305@email.com,11999991305
1306,Bruno Lima,23,Jundiai,SP,NINJA 400,KAWASAKI,Esportiva,2023,33803.0,Moto Center Jundiai,Jundiai,Pedro Souza,CONCLUIDA,Pix,2026-01-18,bruno.lima1306@email.com,11999991306
1307,Diego Martins,56,Vinhedo,SP,CB 500F,HONDA,Naked,2024,41172.0,Moto Center Vinhedo,Vinhedo,Joao Silva,AGENDADA,Financiamento,2026-12-07,diego.martins1307@email.com,11999991307
1308,Renata Costa,28,Vinhedo,SP,CB 500F,HONDA,Naked,2024,42591.0,Moto Center Vinhedo,Vinhedo,Carlos Santos,CONCLUIDA,Financiamento,2026-11-26,renata.costa1308@email.com,11999991308
1309,Amanda Rodrigues,48,Valinhos,SP,MT-03,YAMAHA,Naked,2024,35400.0,Moto Center Valinhos,Valinhos,Carlos Santos,CANCELADA,Financiamento,2026-01-12,amanda.rodrigues1309@email.com,11999991309
1310,Carlos Mendes,37,Jundiai,SP,NINJA 400,KAWASAKI,Esportiva,2023,33542.0,Moto Center Jundiai,Jundiai,Joao Silva,CONCLUIDA,Pix,2026-04-09,carlos.mendes1310@email.com,11999991310
1311,Renata Costa,47,Jundiai,SP,MT-03,YAMAHA,Naked,2024,31926.0,Moto Center Jundiai,Jundiai,Joao Silva,CONCLUIDA,Pix,2026-06-17,renata.costa1311@email.com,11999991311
1312,Carlos Mendes,67,Valinhos,SP,CB 650R,HONDA,Naked,2024,51458.0,Moto Center Valinhos,Valinhos,Pedro Souza,CONCLUIDA,Pix,2026-08-04,carlos.mendes1312@email.com,11999991312
1313,Ana Souza,57,Vinhedo,SP,CB 500F,HONDA,Naked,2024,41324.0,Moto Center Vinhedo,Vinhedo,Maria Oliveira,AGENDADA,Financiamento,2026-04-28,ana.souza1313@email.com,11999991313
1314,Amanda Rodrigues,38,Campinas,SP,NINJA 400,KAWASAKI,Esportiva,2023,34054.0,Moto Center Campinas,Campinas,Joao Silva,CANCELADA,Pix,2026-04-25,amanda.rodrigues1314@email.com,11999991314
1315,Pedro Oliveira,53,Valinhos,SP,MT-07,YAMAHA,Naked,2024,49521.0,Moto Center Valinhos,Valinhos,Pedro Souza,AGENDADA,Financiamento,2026-08-01,pedro.oliveira1315@email.com,11999991315
1316,Renata Costa,33,Vinhedo,SP,MT-03,YAMAHA,Naked,2024,33995.0,Moto Center Vinhedo,Vinhedo,Maria Oliveira,AGENDADA,Pix,2026-12-26,renata.costa1316@email.com,11999991316
1317,Bruno Lima,71,Campinas,SP,MT-07,YAMAHA,Naked,2024,47848.0,Moto Center Campinas,Campinas,Carlos Santos,AGENDADA,Pix,2026-08-05,bruno.lima1317@email.com,11999991317
1318,Amanda Rodrigues,46,Vinhedo,SP,PCX 160,HONDA,Scooter,2025,21251.0,Moto Center Vinhedo,Vinhedo,Carlos Santos,CONCLUIDA,Pix,2026-03-17,amanda.rodrigues1318@email.com,11999991318
1319,Pedro Oliveira,43,Vinhedo,SP,PCX 160,HONDA,Scooter,2025,22730.0,Moto Center Vinhedo,Vinhedo,Maria Oliveira,AGENDADA,Pix,2026-03-04,pedro.oliveira1319@email.com,11999991319
1320,Renata Costa,63,Jundiai,SP,PCX 160,HONDA,Scooter,2025,18728.0,Moto Center Jundiai,Jundiai,Carlos Santos,CONCLUIDA,Pix,2026-07-15,renata.costa1320@email.com,11999991320
1321,Fernanda Alves,34,Jundiai,SP,MT-07,YAMAHA,Naked,2024,48912.0,Moto Center Jundiai,Jundiai,Carlos Santos,CONCLUIDA,Financiamento,2026-01-07,fernanda.alves1321@email.com,11999991321
1322,Pedro Oliveira,62,Valinhos,SP,PCX 160,HONDA,Scooter,2025,18957.0,Moto Center Valinhos,Valinhos,Maria Oliveira,CONCLUIDA,Financiamento,2026-10-12,pedro.oliveira1322@email.com,11999991322
1323,Lucas Ferreira,68,Valinhos,SP,PCX 160,HONDA,Scooter,2025,23612.0,Moto Center Valinhos,Valinhos,Joao Silva,CANCELADA,Cartão,2026-05-08,lucas.ferreira1323@email.com,11999991323
1324,Lucas Ferreira,24,Vinhedo,SP,CB 500F,HONDA,Naked,2024,41493.0,Moto Center Vinhedo,Vinhedo,Carlos Santos,CANCELADA,Pix,2026-11-01,lucas.ferreira1324@email.com,11999991324
1325,Mariana Silva,45,Campinas,SP,PCX 160,HONDA,Scooter,2025,20806.0,Moto Center Campinas,Campinas,Maria Oliveira,AGENDADA,Financiamento,2026-10-01,mariana.silva1325@email.com,11999991325
1326,Ana Souza,46,Jundiai,SP,MT-07,YAMAHA,Naked,2024,47511.0,Moto Center Jundiai,Jundiai,Maria Oliveira,CANCELADA,Financiamento,2026-03-15,ana.souza1326@email.com,11999991326
1327,Diego Martins,64,Campinas,SP,NINJA 400,KAWASAKI,Esportiva,2023,35342.0,Moto Center Campinas,Campinas,Maria Oliveira,CANCELADA,Pix,2026-02-12,diego.martins1327@email.com,11999991327
1328,Carolina Gomes,25,Valinhos,SP,MT-03,YAMAHA,Naked,2024,32293.0,Moto Center Valinhos,Valinhos,Maria Oliveira,AGENDADA,Financiamento,2026-01-24,carolina.gomes1328@email.com,11999991328
1329,Marcos Pereira,22,Campinas,SP,CB 500F,HONDA,Naked,2024,39918.0,Moto Center Campinas,Campinas,Pedro Souza,AGENDADA,Cartão,2026-02-11,marcos.pereira1329@email.com,11999991329
1330,Mariana Silva,69,Vinhedo,SP,CB 650R,HONDA,Naked,2024,55910.0,Moto Center Vinhedo,Vinhedo,Pedro Souza,AGENDADA,Cartão,2026-08-15,mariana.silva1330@email.com,11999991330
1331,Thiago Alves,54,Valinhos,SP,VERSYS 650,KAWASAKI,Trail,2024,51568.0,Moto Center Valinhos,Valinhos,Carlos Santos,CONCLUIDA,Financiamento,2026-04-13,thiago.alves1331@email.com,11999991331
1332,Ana Souza,56,Vinhedo,SP,VERSYS 650,KAWASAKI,Trail,2024,51029.0,Moto Center Vinhedo,Vinhedo,Maria Oliveira,CANCELADA,Cartão,2026-02-25,ana.souza1332@email.com,11999991332
1333,Fernanda Alves,36,Campinas,SP,NINJA 400,KAWASAKI,Esportiva,2023,38183.0,Moto Center Campinas,Campinas,Pedro Souza,AGENDADA,Financiamento,2026-04-03,fernanda.alves1333@email.com,11999991333
1334,Amanda Rodrigues,63,Jundiai,SP,CB 500F,HONDA,Naked,2024,39795.0,Moto Center Jundiai,Jundiai,Pedro Souza,AGENDADA,Pix,2026-08-01,amanda.rodrigues1334@email.com,11999991334
1335,Ana Souza,21,Jundiai,SP,MT-03,YAMAHA,Naked,2024,34322.0,Moto Center Jundiai,Jundiai,Maria Oliveira,CONCLUIDA,Financiamento,2026-04-04,ana.souza1335@email.com,11999991335
1336,Thiago Alves,69,Campinas,SP,MT-07,YAMAHA,Naked,2024,48757.0,Moto Center Campinas,Campinas,Carlos Santos,AGENDADA,Cartão,2026-01-14,thiago.alves1336@email.com,11999991336
1337,Thiago Alves,46,Campinas,SP,CB 650R,HONDA,Naked,2024,51941.0,Moto Center Campinas,Campinas,Maria Oliveira,CANCELADA,Cartão,2026-01-04,thiago.alves1337@email.com,11999991337
1338,Juliana Costa,38,Jundiai,SP,MT-03,YAMAHA,Naked,2024,31631.0,Moto Center Jundiai,Jundiai,Carlos Santos,CONCLUIDA,Pix,2026-07-08,juliana.costa1338@email.com,11999991338
1339,Lucas Ferreira,66,Jundiai,SP,PCX 160,HONDA,Scooter,2025,20677.0,Moto Center Jundiai,Jundiai,Carlos Santos,CONCLUIDA,Financiamento,2026-05-24,lucas.ferreira1339@email.com,11999991339
1340,Pedro Oliveira,41,Vinhedo,SP,NINJA 400,KAWASAKI,Esportiva,2023,34696.0,Moto Center Vinhedo,Vinhedo,Joao Silva,CANCELADA,Cartão,2026-04-21,pedro.oliveira1340@email.com,11999991340
1341,Juliana Costa,25,Vinhedo,SP,MT-07,YAMAHA,Naked,2024,49994.0,Moto Center Vinhedo,Vinhedo,Maria Oliveira,CANCELADA,Financiamento,2026-02-23,juliana.costa1341@email.com,11999991341
1342,Amanda Rodrigues,26,Valinhos,SP,MT-07,YAMAHA,Naked,2024,52979.0,Moto Center Valinhos,Valinhos,Maria Oliveira,CONCLUIDA,Financiamento,2026-02-07,amanda.rodrigues1342@email.com,11999991342
1343,Joao Santos,27,Campinas,SP,NINJA 400,KAWASAKI,Esportiva,2023,33594.0,Moto Center Campinas,Campinas,Carlos Santos,CANCELADA,Cartão,2026-01-22,joão.santos1343@email.com,11999991343
1344,Thiago Alves,65,Vinhedo,SP,CB 500F,HONDA,Naked,2024,40574.0,Moto Center Vinhedo,Vinhedo,Carlos Santos,AGENDADA,Pix,2026-06-02,thiago.alves1344@email.com,11999991344
1345,Lucas Ferreira,44,Vinhedo,SP,MT-07,YAMAHA,Naked,2024,49317.0,Moto Center Vinhedo,Vinhedo,Pedro Souza,CONCLUIDA,Pix,2026-06-27,lucas.ferreira1345@email.com,11999991345
1346,Ana Souza,68,Valinhos,SP,VERSYS 650,KAWASAKI,Trail,2024,47203.0,Moto Center Valinhos,Valinhos,Carlos Santos,CANCELADA,Financiamento,2026-02-11,ana.souza1346@email.com,11999991346
1347,Juliana Costa,60,Vinhedo,SP,NINJA 400,KAWASAKI,Esportiva,2023,37667.0,Moto Center Vinhedo,Vinhedo,Pedro Souza,CONCLUIDA,Cartão,2026-07-28,juliana.costa1347@email.com,11999991347
1348,Mariana Silva,48,Valinhos,SP,CB 500F,HONDA,Naked,2024,40347.0,Moto Center Valinhos,Valinhos,Carlos Santos,AGENDADA,Pix,2026-06-23,mariana.silva1348@email.com,11999991348
1349,Amanda Rodrigues,47,Jundiai,SP,PCX 160,HONDA,Scooter,2025,20172.0,Moto Center Jundiai,Jundiai,Joao Silva,CANCELADA,Pix,2026-01-19,amanda.rodrigues1349@email.com,11999991349
1350,Juliana Costa,27,Vinhedo,SP,NINJA 400,KAWASAKI,Esportiva,2023,37108.0,Moto Center Vinhedo,Vinhedo,Carlos Santos,CONCLUIDA,Pix,2026-08-03,juliana.costa1350@email.com,11999991350
1351,Pedro Oliveira,61,Campinas,SP,MT-03,YAMAHA,Naked,2024,31744.0,Moto Center Campinas,Campinas,Maria Oliveira,AGENDADA,Financiamento,2026-01-11,pedro.oliveira1351@email.com,11999991351
1352,Lucas Ferreira,24,Vinhedo,SP,NINJA 400,KAWASAKI,Esportiva,2023,34302.0,Moto Center Vinhedo,Vinhedo,Pedro Souza,CONCLUIDA,Pix,2026-01-08,lucas.ferreira1352@email.com,11999991352
1353,Amanda Rodrigues,29,Jundiai,SP,NINJA 400,KAWASAKI,Esportiva,2023,33510.0,Moto Center Jundiai,Jundiai,Joao Silva,AGENDADA,Pix,2026-10-22,amanda.rodrigues1353@email.com,11999991353
1354,Juliana Costa,59,Campinas,SP,CB 500F,HONDA,Naked,2024,40208.0,Moto Center Campinas,Campinas,Joao Silva,AGENDADA,Pix,2026-03-15,juliana.costa1354@email.com,11999991354
1355,Carlos Mendes,50,Campinas,SP,CB 650R,HONDA,Naked,2024,53699.0,Moto Center Campinas,Campinas,Joao Silva,CONCLUIDA,Pix,2026-10-16,carlos.mendes1355@email.com,11999991355
1356,Carlos Mendes,73,Vinhedo,SP,MT-07,YAMAHA,Naked,2024,49921.0,Moto Center Vinhedo,Vinhedo,Carlos Santos,AGENDADA,Pix,2026-03-05,carlos.mendes1356@email.com,11999991356
1357,Carlos Mendes,43,Valinhos,SP,PCX 160,HONDA,Scooter,2025,20067.0,Moto Center Valinhos,Valinhos,Carlos Santos,CONCLUIDA,Cartão,2026-02-25,carlos.mendes1357@email.com,11999991357
1358,Joao Santos,44,Vinhedo,SP,MT-07,YAMAHA,Naked,2024,48170.0,Moto Center Vinhedo,Vinhedo,Pedro Souza,CANCELADA,Financiamento,2026-06-12,joão.santos1358@email.com,11999991358
1359,Diego Martins,48,Campinas,SP,CB 500F,HONDA,Naked,2024,44011.0,Moto Center Campinas,Campinas,Maria Oliveira,CANCELADA,Pix,2026-08-14,diego.martins1359@email.com,11999991359
1360,Marcos Pereira,52,Vinhedo,SP,CB 500F,HONDA,Naked,2024,40294.0,Moto Center Vinhedo,Vinhedo,Joao Silva,CONCLUIDA,Financiamento,2026-11-04,marcos.pereira1360@email.com,11999991360
1361,Pedro Oliveira,23,Vinhedo,SP,CB 650R,HONDA,Naked,2024,52470.0,Moto Center Vinhedo,Vinhedo,Pedro Souza,CANCELADA,Cartão,2026-11-01,pedro.oliveira1361@email.com,11999991361
1362,Ana Souza,61,Jundiai,SP,MT-07,YAMAHA,Naked,2024,47347.0,Moto Center Jundiai,Jundiai,Carlos Santos,CANCELADA,Cartão,2026-01-25,ana.souza1362@email.com,11999991362
1363,Carolina Gomes,52,Valinhos,SP,CB 500F,HONDA,Naked,2024,42459.0,Moto Center Valinhos,Valinhos,Pedro Souza,CONCLUIDA,Cartão,2026-12-11,carolina.gomes1363@email.com,11999991363
1364,Mariana Silva,64,Jundiai,SP,CB 650R,HONDA,Naked,2024,51517.0,Moto Center Jundiai,Jundiai,Pedro Souza,CANCELADA,Pix,2026-07-27,mariana.silva1364@email.com,11999991364
1365,Carolina Gomes,75,Jundiai,SP,NINJA 400,KAWASAKI,Esportiva,2023,35485.0,Moto Center Jundiai,Jundiai,Joao Silva,CONCLUIDA,Financiamento,2026-02-07,carolina.gomes1365@email.com,11999991365
1366,Fernanda Alves,44,Jundiai,SP,CB 650R,HONDA,Naked,2024,51108.0,Moto Center Jundiai,Jundiai,Joao Silva,CONCLUIDA,Pix,2026-02-26,fernanda.alves1366@email.com,11999991366
1367,Carolina Gomes,36,Valinhos,SP,CB 500F,HONDA,Naked,2024,42237.0,Moto Center Valinhos,Valinhos,Maria Oliveira,CANCELADA,Cartão,2026-01-21,carolina.gomes1367@email.com,11999991367
1368,Amanda Rodrigues,38,Campinas,SP,MT-07,YAMAHA,Naked,2024,47549.0,Moto Center Campinas,Campinas,Maria Oliveira,AGENDADA,Pix,2026-02-18,amanda.rodrigues1368@email.com,11999991368
1369,Bruno Lima,58,Jundiai,SP,CB 500F,HONDA,Naked,2024,41922.0,Moto Center Jundiai,Jundiai,Pedro Souza,AGENDADA,Cartão,2026-10-14,bruno.lima1369@email.com,11999991369
1370,Fernanda Alves,68,Campinas,SP,MT-03,YAMAHA,Naked,2024,30211.0,Moto Center Campinas,Campinas,Maria Oliveira,CONCLUIDA,Pix,2026-11-16,fernanda.alves1370@email.com,11999991370
1371,Lucas Ferreira,35,Campinas,SP,NINJA 400,KAWASAKI,Esportiva,2023,36237.0,Moto Center Campinas,Campinas,Pedro Souza,AGENDADA,Pix,2026-05-09,lucas.ferreira1371@email.com,11999991371
1372,Ana Souza,45,Campinas,SP,PCX 160,HONDA,Scooter,2025,20962.0,Moto Center Campinas,Campinas,Carlos Santos,AGENDADA,Financiamento,2026-02-11,ana.souza1372@email.com,11999991372
1373,Carolina Gomes,46,Campinas,SP,CB 650R,HONDA,Naked,2024,52776.0,Moto Center Campinas,Campinas,Carlos Santos,CONCLUIDA,Financiamento,2026-04-24,carolina.gomes1373@email.com,11999991373
1374,Ana Souza,30,Jundiai,SP,NINJA 400,KAWASAKI,Esportiva,2023,36302.0,Moto Center Jundiai,Jundiai,Carlos Santos,CANCELADA,Cartão,2026-04-07,ana.souza1374@email.com,11999991374
1375,Juliana Costa,51,Valinhos,SP,MT-03,YAMAHA,Naked,2024,29493.0,Moto Center Valinhos,Valinhos,Maria Oliveira,CONCLUIDA,Pix,2026-11-27,juliana.costa1375@email.com,11999991375
1376,Ana Souza,43,Campinas,SP,CB 650R,HONDA,Naked,2024,52416.0,Moto Center Campinas,Campinas,Pedro Souza,CANCELADA,Financiamento,2026-07-21,ana.souza1376@email.com,11999991376
1377,Joao Santos,24,Campinas,SP,CB 650R,HONDA,Naked,2024,52351.0,Moto Center Campinas,Campinas,Joao Silva,CONCLUIDA,Pix,2026-10-23,joão.santos1377@email.com,11999991377
1378,Bruno Lima,36,Jundiai,SP,NINJA 400,KAWASAKI,Esportiva,2023,38728.0,Moto Center Jundiai,Jundiai,Maria Oliveira,AGENDADA,Financiamento,2026-07-11,bruno.lima1378@email.com,11999991378
1379,Mariana Silva,23,Campinas,SP,MT-03,YAMAHA,Naked,2024,30631.0,Moto Center Campinas,Campinas,Pedro Souza,CONCLUIDA,Cartão,2026-05-15,mariana.silva1379@email.com,11999991379
1380,Marcos Pereira,21,Vinhedo,SP,MT-03,YAMAHA,Naked,2024,34803.0,Moto Center Vinhedo,Vinhedo,Joao Silva,AGENDADA,Pix,2026-04-05,marcos.pereira1380@email.com,11999991380
1381,Lucas Ferreira,41,Vinhedo,SP,PCX 160,HONDA,Scooter,2025,18736.0,Moto Center Vinhedo,Vinhedo,Pedro Souza,CONCLUIDA,Cartão,2026-01-02,lucas.ferreira1381@email.com,11999991381
1382,Lucas Ferreira,25,Valinhos,SP,MT-03,YAMAHA,Naked,2024,33238.0,Moto Center Valinhos,Valinhos,Joao Silva,CONCLUIDA,Cartão,2026-05-19,lucas.ferreira1382@email.com,11999991382
1383,Joao Santos,49,Jundiai,SP,MT-03,YAMAHA,Naked,2024,34138.0,Moto Center Jundiai,Jundiai,Maria Oliveira,CANCELADA,Financiamento,2026-03-18,joão.santos1383@email.com,11999991383
1384,Pedro Oliveira,46,Valinhos,SP,PCX 160,HONDA,Scooter,2025,22452.0,Moto Center Valinhos,Valinhos,Maria Oliveira,CONCLUIDA,Cartão,2026-04-27,pedro.oliveira1384@email.com,11999991384
1385,Carolina Gomes,60,Jundiai,SP,CB 500F,HONDA,Naked,2024,39816.0,Moto Center Jundiai,Jundiai,Pedro Souza,CONCLUIDA,Cartão,2026-12-22,carolina.gomes1385@email.com,11999991385
1386,Thiago Alves,25,Jundiai,SP,NINJA 400,KAWASAKI,Esportiva,2023,33047.0,Moto Center Jundiai,Jundiai,Joao Silva,CONCLUIDA,Cartão,2026-05-02,thiago.alves1386@email.com,11999991386
1387,Carlos Mendes,46,Vinhedo,SP,PCX 160,HONDA,Scooter,2025,23606.0,Moto Center Vinhedo,Vinhedo,Carlos Santos,CONCLUIDA,Financiamento,2026-03-26,carlos.mendes1387@email.com,11999991387
1388,Diego Martins,37,Jundiai,SP,MT-07,YAMAHA,Naked,2024,50326.0,Moto Center Jundiai,Jundiai,Pedro Souza,AGENDADA,Financiamento,2026-11-07,diego.martins1388@email.com,11999991388
1389,Lucas Ferreira,46,Campinas,SP,CB 650R,HONDA,Naked,2024,50908.0,Moto Center Campinas,Campinas,Pedro Souza,AGENDADA,Pix,2026-11-28,lucas.ferreira1389@email.com,11999991389
1390,Diego Martins,44,Jundiai,SP,PCX 160,HONDA,Scooter,2025,22509.0,Moto Center Jundiai,Jundiai,Carlos Santos,CONCLUIDA,Financiamento,2026-12-02,diego.martins1390@email.com,11999991390
1391,Marcos Pereira,30,Valinhos,SP,PCX 160,HONDA,Scooter,2025,19053.0,Moto Center Valinhos,Valinhos,Maria Oliveira,AGENDADA,Pix,2026-05-10,marcos.pereira1391@email.com,11999991391
1392,Marcos Pereira,53,Vinhedo,SP,MT-07,YAMAHA,Naked,2024,49337.0,Moto Center Vinhedo,Vinhedo,Maria Oliveira,CANCELADA,Financiamento,2026-07-06,marcos.pereira1392@email.com,11999991392
1393,Bruno Lima,25,Campinas,SP,NINJA 400,KAWASAKI,Esportiva,2023,34710.0,Moto Center Campinas,Campinas,Carlos Santos,AGENDADA,Pix,2026-10-21,bruno.lima1393@email.com,11999991393
1394,Juliana Costa,68,Vinhedo,SP,CB 500F,HONDA,Naked,2024,45458.0,Moto Center Vinhedo,Vinhedo,Joao Silva,AGENDADA,Cartão,2026-09-11,juliana.costa1394@email.com,11999991394
1395,Mariana Silva,19,Jundiai,SP,MT-03,YAMAHA,Naked,2024,35396.0,Moto Center Jundiai,Jundiai,Joao Silva,AGENDADA,Pix,2026-08-13,mariana.silva1395@email.com,11999991395
1396,Pedro Oliveira,43,Jundiai,SP,NINJA 400,KAWASAKI,Esportiva,2023,33548.0,Moto Center Jundiai,Jundiai,Joao Silva,CONCLUIDA,Financiamento,2026-01-13,pedro.oliveira1396@email.com,11999991396
1397,Carolina Gomes,32,Valinhos,SP,PCX 160,HONDA,Scooter,2025,23483.0,Moto Center Valinhos,Valinhos,Pedro Souza,CANCELADA,Financiamento,2026-11-16,carolina.gomes1397@email.com,11999991397
1398,Renata Costa,46,Vinhedo,SP,MT-03,YAMAHA,Naked,2024,32771.0,Moto Center Vinhedo,Vinhedo,Carlos Santos,AGENDADA,Pix,2026-10-08,renata.costa1398@email.com,11999991398
1399,Joao Santos,31,Campinas,SP,NINJA 400,KAWASAKI,Esportiva,2023,38898.0,Moto Center Campinas,Campinas,Joao Silva,AGENDADA,Financiamento,2026-07-10,joão.santos1399@email.com,11999991399
1400,Diego Martins,71,Jundiai,SP,NINJA 400,KAWASAKI,Esportiva,2023,34099.0,Moto Center Jundiai,Jundiai,Maria Oliveira,CANCELADA,Cartão,2026-04-03,diego.martins1400@email.com,11999991400
1401,Fernanda Alves,57,Valinhos,SP,NINJA 400,KAWASAKI,Esportiva,2023,33272.0,Moto Center Valinhos,Valinhos,Joao Silva,CANCELADA,Financiamento,2026-03-11,fernanda.alves1401@email.com,11999991401
1402,Lucas Ferreira,52,Campinas,SP,CB 650R,HONDA,Naked,2024,52381.0,Moto Center Campinas,Campinas,Carlos Santos,CANCELADA,Financiamento,2026-12-19,lucas.ferreira1402@email.com,11999991402
1403,Mariana Silva,73,Campinas,SP,CB 650R,HONDA,Naked,2024,54456.0,Moto Center Campinas,Campinas,Pedro Souza,CANCELADA,Pix,2026-03-14,mariana.silva1403@email.com,11999991403
1404,Renata Costa,55,Valinhos,SP,PCX 160,HONDA,Scooter,2025,23787.0,Moto Center Valinhos,Valinhos,Joao Silva,AGENDADA,Cartão,2026-09-10,renata.costa1404@email.com,11999991404
1405,Fernanda Alves,46,Jundiai,SP,PCX 160,HONDA,Scooter,2025,19884.0,Moto Center Jundiai,Jundiai,Joao Silva,CONCLUIDA,Cartão,2026-09-24,fernanda.alves1405@email.com,11999991405
1406,Thiago Alves,49,Valinhos,SP,VERSYS 650,KAWASAKI,Trail,2024,47527.0,Moto Center Valinhos,Valinhos,Joao Silva,CONCLUIDA,Pix,2026-01-05,thiago.alves1406@email.com,11999991406
1407,Carolina Gomes,65,Valinhos,SP,CB 500F,HONDA,Naked,2024,40118.0,Moto Center Valinhos,Valinhos,Joao Silva,CONCLUIDA,Pix,2026-04-20,carolina.gomes1407@email.com,11999991407
1408,Bruno Lima,46,Campinas,SP,VERSYS 650,KAWASAKI,Trail,2024,49541.0,Moto Center Campinas,Campinas,Pedro Souza,CANCELADA,Financiamento,2026-03-06,bruno.lima1408@email.com,11999991408
1409,Juliana Costa,38,Vinhedo,SP,CB 500F,HONDA,Naked,2024,41739.0,Moto Center Vinhedo,Vinhedo,Carlos Santos,CONCLUIDA,Cartão,2026-12-20,juliana.costa1409@email.com,11999991409
1410,Ana Souza,46,Valinhos,SP,MT-07,YAMAHA,Naked,2024,49558.0,Moto Center Valinhos,Valinhos,Pedro Souza,CANCELADA,Pix,2026-11-02,ana.souza1410@email.com,11999991410
1411,Thiago Alves,46,Jundiai,SP,NINJA 400,KAWASAKI,Esportiva,2023,34471.0,Moto Center Jundiai,Jundiai,Carlos Santos,CONCLUIDA,Cartão,2026-07-02,thiago.alves1411@email.com,11999991411
1412,Juliana Costa,46,Vinhedo,SP,NINJA 400,KAWASAKI,Esportiva,2023,33842.0,Moto Center Vinhedo,Vinhedo,Joao Silva,AGENDADA,Cartão,2026-02-16,juliana.costa1412@email.com,11999991412
1413,Amanda Rodrigues,66,Jundiai,SP,MT-03,YAMAHA,Naked,2024,30739.0,Moto Center Jundiai,Jundiai,Maria Oliveira,AGENDADA,Cartão,2026-05-25,amanda.rodrigues1413@email.com,11999991413
1414,Joao Santos,58,Jundiai,SP,CB 500F,HONDA,Naked,2024,39509.0,Moto Center Jundiai,Jundiai,Pedro Souza,AGENDADA,Cartão,2026-11-25,joão.santos1414@email.com,11999991414
1415,Joao Santos,33,Vinhedo,SP,MT-07,YAMAHA,Naked,2024,51368.0,Moto Center Vinhedo,Vinhedo,Joao Silva,CONCLUIDA,Cartão,2026-08-11,joão.santos1415@email.com,11999991415
1416,Juliana Costa,63,Campinas,SP,MT-07,YAMAHA,Naked,2024,49931.0,Moto Center Campinas,Campinas,Pedro Souza,CONCLUIDA,Cartão,2026-02-27,juliana.costa1416@email.com,11999991416
1417,Amanda Rodrigues,35,Valinhos,SP,MT-03,YAMAHA,Naked,2024,34639.0,Moto Center Valinhos,Valinhos,Maria Oliveira,CONCLUIDA,Cartão,2026-03-16,amanda.rodrigues1417@email.com,11999991417
1418,Carolina Gomes,52,Jundiai,SP,NINJA 400,KAWASAKI,Esportiva,2023,38186.0,Moto Center Jundiai,Jundiai,Carlos Santos,AGENDADA,Pix,2026-10-17,carolina.gomes1418@email.com,11999991418
1419,Diego Martins,36,Jundiai,SP,PCX 160,HONDA,Scooter,2025,21425.0,Moto Center Jundiai,Jundiai,Carlos Santos,CANCELADA,Cartão,2026-02-23,diego.martins1419@email.com,11999991419
1420,Ana Souza,54,Vinhedo,SP,MT-07,YAMAHA,Naked,2024,52614.0,Moto Center Vinhedo,Vinhedo,Pedro Souza,CANCELADA,Financiamento,2026-05-01,ana.souza1420@email.com,11999991420
1421,Bruno Lima,70,Campinas,SP,NINJA 400,KAWASAKI,Esportiva,2023,36002.0,Moto Center Campinas,Campinas,Pedro Souza,CONCLUIDA,Financiamento,2026-08-05,bruno.lima1421@email.com,11999991421
1422,Fernanda Alves,21,Jundiai,SP,MT-03,YAMAHA,Naked,2024,34497.0,Moto Center Jundiai,Jundiai,Maria Oliveira,CANCELADA,Cartão,2026-01-13,fernanda.alves1422@email.com,11999991422
1423,Carlos Mendes,62,Jundiai,SP,CB 650R,HONDA,Naked,2024,52145.0,Moto Center Jundiai,Jundiai,Maria Oliveira,AGENDADA,Financiamento,2026-05-26,carlos.mendes1423@email.com,11999991423
1424,Carolina Gomes,73,Jundiai,SP,CB 650R,HONDA,Naked,2024,53420.0,Moto Center Jundiai,Jundiai,Maria Oliveira,AGENDADA,Cartão,2026-10-28,carolina.gomes1424@email.com,11999991424
1425,Amanda Rodrigues,62,Campinas,SP,VERSYS 650,KAWASAKI,Trail,2024,52501.0,Moto Center Campinas,Campinas,Joao Silva,CONCLUIDA,Cartão,2026-02-19,amanda.rodrigues1425@email.com,11999991425
1426,Renata Costa,46,Vinhedo,SP,MT-07,YAMAHA,Naked,2024,47516.0,Moto Center Vinhedo,Vinhedo,Carlos Santos,CONCLUIDA,Pix,2026-01-21,renata.costa1426@email.com,11999991426
1427,Juliana Costa,75,Jundiai,SP,NINJA 400,KAWASAKI,Esportiva,2023,38706.0,Moto Center Jundiai,Jundiai,Joao Silva,AGENDADA,Financiamento,2026-04-23,juliana.costa1427@email.com,11999991427
1428,Joao Santos,50,Jundiai,SP,CB 650R,HONDA,Naked,2024,51353.0,Moto Center Jundiai,Jundiai,Maria Oliveira,CONCLUIDA,Pix,2026-05-09,joão.santos1428@email.com,11999991428
1429,Thiago Alves,68,Vinhedo,SP,NINJA 400,KAWASAKI,Esportiva,2023,35518.0,Moto Center Vinhedo,Vinhedo,Pedro Souza,CONCLUIDA,Financiamento,2026-11-12,thiago.alves1429@email.com,11999991429
1430,Thiago Alves,23,Campinas,SP,CB 500F,HONDA,Naked,2024,44713.0,Moto Center Campinas,Campinas,Carlos Santos,AGENDADA,Cartão,2026-07-20,thiago.alves1430@email.com,11999991430
1431,Lucas Ferreira,37,Jundiai,SP,CB 500F,HONDA,Naked,2024,42454.0,Moto Center Jundiai,Jundiai,Joao Silva,CANCELADA,Financiamento,2026-03-24,lucas.ferreira1431@email.com,11999991431
1432,Joao Santos,67,Jundiai,SP,CB 500F,HONDA,Naked,2024,41900.0,Moto Center Jundiai,Jundiai,Carlos Santos,CONCLUIDA,Financiamento,2026-04-01,joão.santos1432@email.com,11999991432
1433,Carlos Mendes,36,Jundiai,SP,PCX 160,HONDA,Scooter,2025,21522.0,Moto Center Jundiai,Jundiai,Carlos Santos,CONCLUIDA,Financiamento,2026-04-13,carlos.mendes1433@email.com,11999991433
1434,Mariana Silva,57,Jundiai,SP,CB 650R,HONDA,Naked,2024,52147.0,Moto Center Jundiai,Jundiai,Joao Silva,CONCLUIDA,Cartão,2026-12-03,mariana.silva1434@email.com,11999991434
1435,Carlos Mendes,34,Campinas,SP,VERSYS 650,KAWASAKI,Trail,2024,46992.0,Moto Center Campinas,Campinas,Pedro Souza,CONCLUIDA,Financiamento,2026-07-05,carlos.mendes1435@email.com,11999991435
1436,Thiago Alves,31,Valinhos,SP,PCX 160,HONDA,Scooter,2025,22611.0,Moto Center Valinhos,Valinhos,Pedro Souza,CONCLUIDA,Cartão,2026-04-24,thiago.alves1436@email.com,11999991436
1437,Joao Santos,40,Campinas,SP,MT-03,YAMAHA,Naked,2024,34663.0,Moto Center Campinas,Campinas,Pedro Souza,CONCLUIDA,Pix,2026-08-27,joão.santos1437@email.com,11999991437
1438,Mariana Silva,25,Campinas,SP,CB 650R,HONDA,Naked,2024,55169.0,Moto Center Campinas,Campinas,Maria Oliveira,AGENDADA,Cartão,2026-10-02,mariana.silva1438@email.com,11999991438
1439,Bruno Lima,21,Valinhos,SP,CB 650R,HONDA,Naked,2024,51701.0,Moto Center Valinhos,Valinhos,Joao Silva,CONCLUIDA,Cartão,2026-02-28,bruno.lima1439@email.com,11999991439
1440,Pedro Oliveira,31,Campinas,SP,VERSYS 650,KAWASAKI,Trail,2024,46947.0,Moto Center Campinas,Campinas,Carlos Santos,CONCLUIDA,Financiamento,2026-03-25,pedro.oliveira1440@email.com,11999991440
1441,Diego Martins,32,Valinhos,SP,CB 500F,HONDA,Naked,2024,43426.0,Moto Center Valinhos,Valinhos,Joao Silva,CONCLUIDA,Cartão,2026-09-19,diego.martins1441@email.com,11999991441
1442,Carlos Mendes,24,Valinhos,SP,CB 500F,HONDA,Naked,2024,41568.0,Moto Center Valinhos,Valinhos,Maria Oliveira,CONCLUIDA,Cartão,2026-07-04,carlos.mendes1442@email.com,11999991442
1443,Pedro Oliveira,71,Campinas,SP,CB 500F,HONDA,Naked,2024,40803.0,Moto Center Campinas,Campinas,Joao Silva,AGENDADA,Pix,2026-03-04,pedro.oliveira1443@email.com,11999991443
1444,Amanda Rodrigues,21,Jundiai,SP,CB 500F,HONDA,Naked,2024,41004.0,Moto Center Jundiai,Jundiai,Pedro Souza,AGENDADA,Pix,2026-08-10,amanda.rodrigues1444@email.com,11999991444
1445,Renata Costa,19,Valinhos,SP,NINJA 400,KAWASAKI,Esportiva,2023,34884.0,Moto Center Valinhos,Valinhos,Joao Silva,AGENDADA,Cartão,2026-03-04,renata.costa1445@email.com,11999991445
1446,Renata Costa,59,Valinhos,SP,CB 650R,HONDA,Naked,2024,50353.0,Moto Center Valinhos,Valinhos,Carlos Santos,AGENDADA,Financiamento,2026-04-03,renata.costa1446@email.com,11999991446
1447,Carolina Gomes,40,Campinas,SP,MT-03,YAMAHA,Naked,2024,31624.0,Moto Center Campinas,Campinas,Carlos Santos,CONCLUIDA,Financiamento,2026-12-23,carolina.gomes1447@email.com,11999991447
1448,Thiago Alves,29,Vinhedo,SP,PCX 160,HONDA,Scooter,2025,20014.0,Moto Center Vinhedo,Vinhedo,Joao Silva,CANCELADA,Financiamento,2026-03-14,thiago.alves1448@email.com,11999991448
1449,Ana Souza,37,Campinas,SP,CB 500F,HONDA,Naked,2024,39700.0,Moto Center Campinas,Campinas,Pedro Souza,CANCELADA,Financiamento,2026-03-24,ana.souza1449@email.com,11999991449
1450,Diego Martins,67,Campinas,SP,MT-07,YAMAHA,Naked,2024,48946.0,Moto Center Campinas,Campinas,Pedro Souza,AGENDADA,Cartão,2026-04-07,diego.martins1450@email.com,11999991450
1451,Amanda Rodrigues,36,Valinhos,SP,CB 650R,HONDA,Naked,2024,50683.0,Moto Center Valinhos,Valinhos,Carlos Santos,AGENDADA,Pix,2026-03-20,amanda.rodrigues1451@email.com,11999991451
1452,Diego Martins,71,Valinhos,SP,CB 500F,HONDA,Naked,2024,40541.0,Moto Center Valinhos,Valinhos,Carlos Santos,AGENDADA,Cartão,2026-07-07,diego.martins1452@email.com,11999991452
1453,Juliana Costa,39,Jundiai,SP,NINJA 400,KAWASAKI,Esportiva,2023,38685.0,Moto Center Jundiai,Jundiai,Carlos Santos,CONCLUIDA,Financiamento,2026-09-01,juliana.costa1453@email.com,11999991453
1454,Lucas Ferreira,52,Jundiai,SP,NINJA 400,KAWASAKI,Esportiva,2023,33216.0,Moto Center Jundiai,Jundiai,Carlos Santos,CANCELADA,Pix,2026-07-07,lucas.ferreira1454@email.com,11999991454
1455,Renata Costa,51,Vinhedo,SP,MT-03,YAMAHA,Naked,2024,29589.0,Moto Center Vinhedo,Vinhedo,Maria Oliveira,CONCLUIDA,Pix,2026-10-04,renata.costa1455@email.com,11999991455
1456,Mariana Silva,22,Jundiai,SP,NINJA 400,KAWASAKI,Esportiva,2023,38600.0,Moto Center Jundiai,Jundiai,Pedro Souza,CONCLUIDA,Pix,2026-11-04,mariana.silva1456@email.com,11999991456
1457,Bruno Lima,18,Vinhedo,SP,PCX 160,HONDA,Scooter,2025,22609.0,Moto Center Vinhedo,Vinhedo,Pedro Souza,AGENDADA,Financiamento,2026-07-12,bruno.lima1457@email.com,11999991457
1458,Lucas Ferreira,40,Jundiai,SP,MT-03,YAMAHA,Naked,2024,34790.0,Moto Center Jundiai,Jundiai,Joao Silva,CANCELADA,Cartão,2026-08-05,lucas.ferreira1458@email.com,11999991458
1459,Diego Martins,74,Vinhedo,SP,MT-07,YAMAHA,Naked,2024,49015.0,Moto Center Vinhedo,Vinhedo,Carlos Santos,AGENDADA,Financiamento,2026-02-08,diego.martins1459@email.com,11999991459
1460,Fernanda Alves,52,Vinhedo,SP,MT-07,YAMAHA,Naked,2024,48964.0,Moto Center Vinhedo,Vinhedo,Pedro Souza,CONCLUIDA,Financiamento,2026-08-19,fernanda.alves1460@email.com,11999991460
1461,Renata Costa,25,Jundiai,SP,NINJA 400,KAWASAKI,Esportiva,2023,35245.0,Moto Center Jundiai,Jundiai,Maria Oliveira,CONCLUIDA,Cartão,2026-12-22,renata.costa1461@email.com,11999991461
1462,Marcos Pereira,37,Campinas,SP,CB 500F,HONDA,Naked,2024,40591.0,Moto Center Campinas,Campinas,Carlos Santos,CONCLUIDA,Financiamento,2026-04-08,marcos.pereira1462@email.com,11999991462
1463,Fernanda Alves,31,Campinas,SP,NINJA 400,KAWASAKI,Esportiva,2023,34938.0,Moto Center Campinas,Campinas,Joao Silva,AGENDADA,Financiamento,2026-02-17,fernanda.alves1463@email.com,11999991463
1464,Joao Santos,48,Campinas,SP,VERSYS 650,KAWASAKI,Trail,2024,52319.0,Moto Center Campinas,Campinas,Joao Silva,CANCELADA,Pix,2026-06-13,joão.santos1464@email.com,11999991464
1465,Mariana Silva,34,Valinhos,SP,CB 500F,HONDA,Naked,2024,41997.0,Moto Center Valinhos,Valinhos,Carlos Santos,AGENDADA,Pix,2026-10-04,mariana.silva1465@email.com,11999991465
1466,Diego Martins,23,Campinas,SP,CB 500F,HONDA,Naked,2024,40268.0,Moto Center Campinas,Campinas,Carlos Santos,AGENDADA,Financiamento,2026-05-07,diego.martins1466@email.com,11999991466
1467,Carolina Gomes,63,Jundiai,SP,MT-03,YAMAHA,Naked,2024,30840.0,Moto Center Jundiai,Jundiai,Maria Oliveira,CANCELADA,Pix,2026-12-12,carolina.gomes1467@email.com,11999991467
1468,Amanda Rodrigues,33,Jundiai,SP,PCX 160,HONDA,Scooter,2025,21963.0,Moto Center Jundiai,Jundiai,Pedro Souza,CONCLUIDA,Pix,2026-09-27,amanda.rodrigues1468@email.com,11999991468
1469,Carolina Gomes,32,Valinhos,SP,PCX 160,HONDA,Scooter,2025,22054.0,Moto Center Valinhos,Valinhos,Joao Silva,CANCELADA,Cartão,2026-07-07,carolina.gomes1469@email.com,11999991469
1470,Juliana Costa,52,Campinas,SP,VERSYS 650,KAWASAKI,Trail,2024,52266.0,Moto Center Campinas,Campinas,Pedro Souza,CANCELADA,Cartão,2026-03-18,juliana.costa1470@email.com,11999991470
1471,Marcos Pereira,74,Jundiai,SP,MT-07,YAMAHA,Naked,2024,47119.0,Moto Center Jundiai,Jundiai,Maria Oliveira,CANCELADA,Pix,2026-11-25,marcos.pereira1471@email.com,11999991471
1472,Juliana Costa,20,Campinas,SP,VERSYS 650,KAWASAKI,Trail,2024,47222.0,Moto Center Campinas,Campinas,Joao Silva,CONCLUIDA,Pix,2026-06-08,juliana.costa1472@email.com,11999991472
1473,Thiago Alves,40,Valinhos,SP,VERSYS 650,KAWASAKI,Trail,2024,47754.0,Moto Center Valinhos,Valinhos,Maria Oliveira,CANCELADA,Financiamento,2026-03-10,thiago.alves1473@email.com,11999991473
1474,Mariana Silva,70,Valinhos,SP,CB 650R,HONDA,Naked,2024,51024.0,Moto Center Valinhos,Valinhos,Pedro Souza,CONCLUIDA,Cartão,2026-01-28,mariana.silva1474@email.com,11999991474
1475,Renata Costa,21,Vinhedo,SP,CB 650R,HONDA,Naked,2024,50165.0,Moto Center Vinhedo,Vinhedo,Pedro Souza,CONCLUIDA,Financiamento,2026-03-12,renata.costa1475@email.com,11999991475
1476,Carolina Gomes,31,Valinhos,SP,PCX 160,HONDA,Scooter,2025,19211.0,Moto Center Valinhos,Valinhos,Carlos Santos,CONCLUIDA,Financiamento,2026-10-27,carolina.gomes1476@email.com,11999991476
1477,Joao Santos,50,Valinhos,SP,VERSYS 650,KAWASAKI,Trail,2024,49502.0,Moto Center Valinhos,Valinhos,Joao Silva,CANCELADA,Cartão,2026-09-11,joão.santos1477@email.com,11999991477
1478,Bruno Lima,35,Valinhos,SP,MT-03,YAMAHA,Naked,2024,31964.0,Moto Center Valinhos,Valinhos,Maria Oliveira,CANCELADA,Pix,2026-02-13,bruno.lima1478@email.com,11999991478
1479,Diego Martins,55,Valinhos,SP,MT-07,YAMAHA,Naked,2024,50236.0,Moto Center Valinhos,Valinhos,Carlos Santos,CANCELADA,Cartão,2026-11-26,diego.martins1479@email.com,11999991479
1480,Carlos Mendes,20,Campinas,SP,MT-07,YAMAHA,Naked,2024,48605.0,Moto Center Campinas,Campinas,Maria Oliveira,AGENDADA,Cartão,2026-11-16,carlos.mendes1480@email.com,11999991480
1481,Bruno Lima,43,Vinhedo,SP,NINJA 400,KAWASAKI,Esportiva,2023,36811.0,Moto Center Vinhedo,Vinhedo,Joao Silva,AGENDADA,Financiamento,2026-02-04,bruno.lima1481@email.com,11999991481
1482,Mariana Silva,19,Valinhos,SP,CB 500F,HONDA,Naked,2024,39574.0,Moto Center Valinhos,Valinhos,Carlos Santos,CONCLUIDA,Pix,2026-10-22,mariana.silva1482@email.com,11999991482
1483,Thiago Alves,46,Jundiai,SP,NINJA 400,KAWASAKI,Esportiva,2023,36058.0,Moto Center Jundiai,Jundiai,Maria Oliveira,CONCLUIDA,Cartão,2026-07-11,thiago.alves1483@email.com,11999991483
1484,Thiago Alves,53,Valinhos,SP,PCX 160,HONDA,Scooter,2025,21909.0,Moto Center Valinhos,Valinhos,Maria Oliveira,AGENDADA,Financiamento,2026-05-26,thiago.alves1484@email.com,11999991484
1485,Bruno Lima,66,Jundiai,SP,CB 650R,HONDA,Naked,2024,50109.0,Moto Center Jundiai,Jundiai,Pedro Souza,CONCLUIDA,Cartão,2026-03-21,bruno.lima1485@email.com,11999991485
1486,Diego Martins,19,Vinhedo,SP,NINJA 400,KAWASAKI,Esportiva,2023,37548.0,Moto Center Vinhedo,Vinhedo,Joao Silva,CANCELADA,Financiamento,2026-06-02,diego.martins1486@email.com,11999991486
1487,Lucas Ferreira,19,Jundiai,SP,NINJA 400,KAWASAKI,Esportiva,2023,33485.0,Moto Center Jundiai,Jundiai,Joao Silva,AGENDADA,Pix,2026-07-12,lucas.ferreira1487@email.com,11999991487
1488,Fernanda Alves,39,Valinhos,SP,MT-07,YAMAHA,Naked,2024,52542.0,Moto Center Valinhos,Valinhos,Carlos Santos,CONCLUIDA,Pix,2026-10-28,fernanda.alves1488@email.com,11999991488
1489,Marcos Pereira,18,Vinhedo,SP,PCX 160,HONDA,Scooter,2025,23981.0,Moto Center Vinhedo,Vinhedo,Carlos Santos,AGENDADA,Cartão,2026-08-19,marcos.pereira1489@email.com,11999991489
1490,Bruno Lima,26,Campinas,SP,CB 500F,HONDA,Naked,2024,43996.0,Moto Center Campinas,Campinas,Carlos Santos,CANCELADA,Financiamento,2026-01-10,bruno.lima1490@email.com,11999991490
1491,Pedro Oliveira,60,Valinhos,SP,PCX 160,HONDA,Scooter,2025,21621.0,Moto Center Valinhos,Valinhos,Pedro Souza,CANCELADA,Cartão,2026-08-14,pedro.oliveira1491@email.com,11999991491
1492,Joao Santos,58,Jundiai,SP,CB 650R,HONDA,Naked,2024,54779.0,Moto Center Jundiai,Jundiai,Pedro Souza,CANCELADA,Financiamento,2026-12-20,joão.santos1492@email.com,11999991492
1493,Renata Costa,70,Campinas,SP,NINJA 400,KAWASAKI,Esportiva,2023,34994.0,Moto Center Campinas,Campinas,Maria Oliveira,AGENDADA,Pix,2026-04-05,renata.costa1493@email.com,11999991493
1494,Ana Souza,59,Campinas,SP,NINJA 400,KAWASAKI,Esportiva,2023,37158.0,Moto Center Campinas,Campinas,Maria Oliveira,CONCLUIDA,Cartão,2026-04-15,ana.souza1494@email.com,11999991494
1495,Diego Martins,53,Jundiai,SP,NINJA 400,KAWASAKI,Esportiva,2023,36318.0,Moto Center Jundiai,Jundiai,Carlos Santos,CONCLUIDA,Financiamento,2026-12-15,diego.martins1495@email.com,11999991495
1496,Mariana Silva,47,Campinas,SP,CB 500F,HONDA,Naked,2024,45198.0,Moto Center Campinas,Campinas,Joao Silva,CONCLUIDA,Financiamento,2026-05-28,mariana.silva1496@email.com,11999991496
1497,Diego Martins,20,Jundiai,SP,VERSYS 650,KAWASAKI,Trail,2024,52474.0,Moto Center Jundiai,Jundiai,Carlos Santos,AGENDADA,Financiamento,2026-12-01,diego.martins1497@email.com,11999991497
1498,Mariana Silva,59,Campinas,SP,CB 500F,HONDA,Naked,2024,45019.0,Moto Center Campinas,Campinas,Joao Silva,CANCELADA,Financiamento,2026-11-22,mariana.silva1498@email.com,11999991498
1499,Ana Souza,24,Valinhos,SP,CB 500F,HONDA,Naked,2024,39557.0,Moto Center Valinhos,Valinhos,Pedro Souza,CANCELADA,Financiamento,2026-04-05,ana.souza1499@email.com,11999991499
1500,Carlos Mendes,58,Vinhedo,SP,NINJA 400,KAWASAKI,Esportiva,2023,38788.0,Moto Center Vinhedo,Vinhedo,Carlos Santos,AGENDADA,Financiamento,2026-09-27,carlos.mendes1500@email.com,11999991500
1501,Ana Souza,63,Jundiai,SP,CB 500F,HONDA,Naked,2024,42768.0,Moto Center Jundiai,Jundiai,Joao Silva,CANCELADA,Pix,2026-12-13,ana.souza1501@email.com,11999991501
1502,Ana Souza,20,Vinhedo,SP,CB 650R,HONDA,Naked,2024,50395.0,Moto Center Vinhedo,Vinhedo,Maria Oliveira,CONCLUIDA,Cartão,2026-06-24,ana.souza1502@email.com,11999991502
1503,Marcos Pereira,62,Jundiai,SP,PCX 160,HONDA,Scooter,2025,24149.0,Moto Center Jundiai,Jundiai,Pedro Souza,CONCLUIDA,Cartão,2026-06-03,marcos.pereira1503@email.com,11999991503
1504,Amanda Rodrigues,65,Campinas,SP,NINJA 400,KAWASAKI,Esportiva,2023,37111.0,Moto Center Campinas,Campinas,Pedro Souza,AGENDADA,Financiamento,2026-11-06,amanda.rodrigues1504@email.com,11999991504
1505,Amanda Rodrigues,70,Jundiai,SP,CB 650R,HONDA,Naked,2024,55239.0,Moto Center Jundiai,Jundiai,Carlos Santos,AGENDADA,Financiamento,2026-12-18,amanda.rodrigues1505@email.com,11999991505
1506,Fernanda Alves,32,Campinas,SP,VERSYS 650,KAWASAKI,Trail,2024,51582.0,Moto Center Campinas,Campinas,Joao Silva,CONCLUIDA,Financiamento,2026-06-12,fernanda.alves1506@email.com,11999991506
1507,Pedro Oliveira,68,Vinhedo,SP,CB 500F,HONDA,Naked,2024,40227.0,Moto Center Vinhedo,Vinhedo,Maria Oliveira,CONCLUIDA,Pix,2026-01-10,pedro.oliveira1507@email.com,11999991507
1508,Lucas Ferreira,63,Campinas,SP,MT-03,YAMAHA,Naked,2024,31595.0,Moto Center Campinas,Campinas,Joao Silva,CONCLUIDA,Cartão,2026-11-04,lucas.ferreira1508@email.com,11999991508
1509,Marcos Pereira,46,Jundiai,SP,MT-07,YAMAHA,Naked,2024,48453.0,Moto Center Jundiai,Jundiai,Joao Silva,CONCLUIDA,Cartão,2026-11-14,marcos.pereira1509@email.com,11999991509
1510,Ana Souza,18,Vinhedo,SP,MT-07,YAMAHA,Naked,2024,50858.0,Moto Center Vinhedo,Vinhedo,Pedro Souza,CONCLUIDA,Financiamento,2026-10-19,ana.souza1510@email.com,11999991510
1511,Mariana Silva,45,Campinas,SP,MT-03,YAMAHA,Naked,2024,35171.0,Moto Center Campinas,Campinas,Maria Oliveira,AGENDADA,Financiamento,2026-07-09,mariana.silva1511@email.com,11999991511
1512,Marcos Pereira,45,Jundiai,SP,NINJA 400,KAWASAKI,Esportiva,2023,37719.0,Moto Center Jundiai,Jundiai,Pedro Souza,CANCELADA,Pix,2026-06-05,marcos.pereira1512@email.com,11999991512
1513,Renata Costa,32,Vinhedo,SP,MT-03,YAMAHA,Naked,2024,33811.0,Moto Center Vinhedo,Vinhedo,Pedro Souza,CANCELADA,Cartão,2026-02-28,renata.costa1513@email.com,11999991513
1514,Mariana Silva,42,Valinhos,SP,PCX 160,HONDA,Scooter,2025,18660.0,Moto Center Valinhos,Valinhos,Maria Oliveira,CONCLUIDA,Pix,2026-12-06,mariana.silva1514@email.com,11999991514
1515,Juliana Costa,75,Jundiai,SP,CB 500F,HONDA,Naked,2024,40664.0,Moto Center Jundiai,Jundiai,Maria Oliveira,CONCLUIDA,Cartão,2026-08-11,juliana.costa1515@email.com,11999991515
1516,Mariana Silva,24,Jundiai,SP,NINJA 400,KAWASAKI,Esportiva,2023,33985.0,Moto Center Jundiai,Jundiai,Pedro Souza,AGENDADA,Pix,2026-12-18,mariana.silva1516@email.com,11999991516
1517,Marcos Pereira,22,Valinhos,SP,CB 650R,HONDA,Naked,2024,52462.0,Moto Center Valinhos,Valinhos,Pedro Souza,CONCLUIDA,Cartão,2026-03-17,marcos.pereira1517@email.com,11999991517
1518,Mariana Silva,36,Valinhos,SP,CB 650R,HONDA,Naked,2024,54523.0,Moto Center Valinhos,Valinhos,Maria Oliveira,CONCLUIDA,Financiamento,2026-08-21,mariana.silva1518@email.com,11999991518
1519,Carolina Gomes,51,Jundiai,SP,PCX 160,HONDA,Scooter,2025,20173.0,Moto Center Jundiai,Jundiai,Joao Silva,CANCELADA,Pix,2026-02-26,carolina.gomes1519@email.com,11999991519
1520,Mariana Silva,44,Vinhedo,SP,PCX 160,HONDA,Scooter,2025,23080.0,Moto Center Vinhedo,Vinhedo,Maria Oliveira,CONCLUIDA,Cartão,2026-09-01,mariana.silva1520@email.com,11999991520
1521,Ana Souza,25,Jundiai,SP,MT-07,YAMAHA,Naked,2024,50711.0,Moto Center Jundiai,Jundiai,Pedro Souza,CONCLUIDA,Pix,2026-08-01,ana.souza1521@email.com,11999991521
1522,Carlos Mendes,44,Valinhos,SP,CB 500F,HONDA,Naked,2024,41986.0,Moto Center Valinhos,Valinhos,Maria Oliveira,AGENDADA,Financiamento,2026-12-15,carlos.mendes1522@email.com,11999991522
1523,Lucas Ferreira,65,Vinhedo,SP,VERSYS 650,KAWASAKI,Trail,2024,49613.0,Moto Center Vinhedo,Vinhedo,Pedro Souza,CANCELADA,Financiamento,2026-08-10,lucas.ferreira1523@email.com,11999991523
1524,Fernanda Alves,48,Vinhedo,SP,CB 500F,HONDA,Naked,2024,44348.0,Moto Center Vinhedo,Vinhedo,Pedro Souza,CONCLUIDA,Financiamento,2026-11-11,fernanda.alves1524@email.com,11999991524
1525,Lucas Ferreira,23,Vinhedo,SP,NINJA 400,KAWASAKI,Esportiva,2023,38054.0,Moto Center Vinhedo,Vinhedo,Maria Oliveira,AGENDADA,Financiamento,2026-07-23,lucas.ferreira1525@email.com,11999991525
1526,Bruno Lima,25,Valinhos,SP,VERSYS 650,KAWASAKI,Trail,2024,48605.0,Moto Center Valinhos,Valinhos,Carlos Santos,CANCELADA,Pix,2026-12-19,bruno.lima1526@email.com,11999991526
1527,Marcos Pereira,19,Campinas,SP,MT-07,YAMAHA,Naked,2024,51170.0,Moto Center Campinas,Campinas,Joao Silva,AGENDADA,Cartão,2026-02-01,marcos.pereira1527@email.com,11999991527
1528,Carlos Mendes,35,Jundiai,SP,CB 650R,HONDA,Naked,2024,55968.0,Moto Center Jundiai,Jundiai,Joao Silva,CANCELADA,Financiamento,2026-05-23,carlos.mendes1528@email.com,11999991528
1529,Joao Santos,42,Vinhedo,SP,PCX 160,HONDA,Scooter,2025,21207.0,Moto Center Vinhedo,Vinhedo,Carlos Santos,AGENDADA,Cartão,2026-03-18,joão.santos1529@email.com,11999991529
1530,Amanda Rodrigues,22,Jundiai,SP,CB 650R,HONDA,Naked,2024,50007.0,Moto Center Jundiai,Jundiai,Maria Oliveira,AGENDADA,Cartão,2026-08-27,amanda.rodrigues1530@email.com,11999991530
1531,Pedro Oliveira,29,Vinhedo,SP,CB 500F,HONDA,Naked,2024,45469.0,Moto Center Vinhedo,Vinhedo,Maria Oliveira,AGENDADA,Cartão,2026-01-02,pedro.oliveira1531@email.com,11999991531
1532,Marcos Pereira,18,Campinas,SP,CB 500F,HONDA,Naked,2024,39528.0,Moto Center Campinas,Campinas,Carlos Santos,AGENDADA,Financiamento,2026-05-15,marcos.pereira1532@email.com,11999991532
1533,Juliana Costa,65,Valinhos,SP,PCX 160,HONDA,Scooter,2025,19036.0,Moto Center Valinhos,Valinhos,Maria Oliveira,CANCELADA,Cartão,2026-09-09,juliana.costa1533@email.com,11999991533
1534,Carolina Gomes,39,Jundiai,SP,MT-07,YAMAHA,Naked,2024,47988.0,Moto Center Jundiai,Jundiai,Carlos Santos,CONCLUIDA,Financiamento,2026-07-14,carolina.gomes1534@email.com,11999991534
1535,Joao Santos,64,Valinhos,SP,CB 500F,HONDA,Naked,2024,42822.0,Moto Center Valinhos,Valinhos,Carlos Santos,AGENDADA,Cartão,2026-12-21,joão.santos1535@email.com,11999991535
1536,Marcos Pereira,64,Vinhedo,SP,VERSYS 650,KAWASAKI,Trail,2024,52212.0,Moto Center Vinhedo,Vinhedo,Pedro Souza,AGENDADA,Financiamento,2026-11-09,marcos.pereira1536@email.com,11999991536
1537,Joao Santos,37,Vinhedo,SP,VERSYS 650,KAWASAKI,Trail,2024,49600.0,Moto Center Vinhedo,Vinhedo,Carlos Santos,CONCLUIDA,Financiamento,2026-07-24,joão.santos1537@email.com,11999991537
1538,Ana Souza,57,Valinhos,SP,NINJA 400,KAWASAKI,Esportiva,2023,37041.0,Moto Center Valinhos,Valinhos,Carlos Santos,CONCLUIDA,Financiamento,2026-11-10,ana.souza1538@email.com,11999991538
1539,Juliana Costa,36,Campinas,SP,MT-07,YAMAHA,Naked,2024,47190.0,Moto Center Campinas,Campinas,Maria Oliveira,AGENDADA,Pix,2026-08-22,juliana.costa1539@email.com,11999991539
1540,Carlos Mendes,45,Campinas,SP,VERSYS 650,KAWASAKI,Trail,2024,47840.0,Moto Center Campinas,Campinas,Joao Silva,CONCLUIDA,Pix,2026-09-19,carlos.mendes1540@email.com,11999991540
1541,Carolina Gomes,46,Valinhos,SP,MT-07,YAMAHA,Naked,2024,48458.0,Moto Center Valinhos,Valinhos,Carlos Santos,CONCLUIDA,Financiamento,2026-02-28,carolina.gomes1541@email.com,11999991541
1542,Marcos Pereira,48,Campinas,SP,PCX 160,HONDA,Scooter,2025,21710.0,Moto Center Campinas,Campinas,Carlos Santos,AGENDADA,Pix,2026-09-17,marcos.pereira1542@email.com,11999991542
1543,Carolina Gomes,47,Valinhos,SP,CB 650R,HONDA,Naked,2024,54970.0,Moto Center Valinhos,Valinhos,Pedro Souza,CONCLUIDA,Pix,2026-11-12,carolina.gomes1543@email.com,11999991543
1544,Fernanda Alves,67,Jundiai,SP,MT-03,YAMAHA,Naked,2024,33385.0,Moto Center Jundiai,Jundiai,Pedro Souza,CANCELADA,Cartão,2026-06-15,fernanda.alves1544@email.com,11999991544
1545,Carolina Gomes,23,Vinhedo,SP,CB 500F,HONDA,Naked,2024,42016.0,Moto Center Vinhedo,Vinhedo,Joao Silva,AGENDADA,Financiamento,2026-03-09,carolina.gomes1545@email.com,11999991545
1546,Joao Santos,31,Vinhedo,SP,NINJA 400,KAWASAKI,Esportiva,2023,38471.0,Moto Center Vinhedo,Vinhedo,Carlos Santos,CONCLUIDA,Cartão,2026-08-07,joão.santos1546@email.com,11999991546
1547,Mariana Silva,64,Vinhedo,SP,CB 500F,HONDA,Naked,2024,42528.0,Moto Center Vinhedo,Vinhedo,Maria Oliveira,CANCELADA,Pix,2026-12-21,mariana.silva1547@email.com,11999991547
1548,Mariana Silva,27,Jundiai,SP,CB 650R,HONDA,Naked,2024,54011.0,Moto Center Jundiai,Jundiai,Pedro Souza,CANCELADA,Cartão,2026-10-04,mariana.silva1548@email.com,11999991548
1549,Diego Martins,70,Vinhedo,SP,VERSYS 650,KAWASAKI,Trail,2024,51162.0,Moto Center Vinhedo,Vinhedo,Maria Oliveira,AGENDADA,Financiamento,2026-05-13,diego.martins1549@email.com,11999991549
1550,Renata Costa,37,Jundiai,SP,CB 650R,HONDA,Naked,2024,51184.0,Moto Center Jundiai,Jundiai,Joao Silva,AGENDADA,Cartão,2026-02-04,renata.costa1550@email.com,11999991550
1551,Carlos Mendes,42,Campinas,SP,PCX 160,HONDA,Scooter,2025,22767.0,Moto Center Campinas,Campinas,Joao Silva,AGENDADA,Financiamento,2026-12-17,carlos.mendes1551@email.com,11999991551
1552,Marcos Pereira,28,Campinas,SP,NINJA 400,KAWASAKI,Esportiva,2023,33315.0,Moto Center Campinas,Campinas,Pedro Souza,CONCLUIDA,Pix,2026-12-17,marcos.pereira1552@email.com,11999991552
1553,Fernanda Alves,29,Valinhos,SP,CB 500F,HONDA,Naked,2024,39855.0,Moto Center Valinhos,Valinhos,Joao Silva,CONCLUIDA,Pix,2026-06-13,fernanda.alves1553@email.com,11999991553
1554,Marcos Pereira,64,Campinas,SP,MT-07,YAMAHA,Naked,2024,50681.0,Moto Center Campinas,Campinas,Maria Oliveira,CANCELADA,Financiamento,2026-01-01,marcos.pereira1554@email.com,11999991554
1555,Marcos Pereira,64,Vinhedo,SP,MT-07,YAMAHA,Naked,2024,52723.0,Moto Center Vinhedo,Vinhedo,Pedro Souza,CONCLUIDA,Pix,2026-05-08,marcos.pereira1555@email.com,11999991555
1556,Lucas Ferreira,58,Vinhedo,SP,NINJA 400,KAWASAKI,Esportiva,2023,35233.0,Moto Center Vinhedo,Vinhedo,Pedro Souza,AGENDADA,Pix,2026-07-18,lucas.ferreira1556@email.com,11999991556
1557,Thiago Alves,32,Vinhedo,SP,CB 500F,HONDA,Naked,2024,40396.0,Moto Center Vinhedo,Vinhedo,Maria Oliveira,AGENDADA,Pix,2026-08-18,thiago.alves1557@email.com,11999991557
1558,Renata Costa,34,Valinhos,SP,NINJA 400,KAWASAKI,Esportiva,2023,38429.0,Moto Center Valinhos,Valinhos,Carlos Santos,CONCLUIDA,Pix,2026-08-13,renata.costa1558@email.com,11999991558
1559,Fernanda Alves,51,Jundiai,SP,VERSYS 650,KAWASAKI,Trail,2024,50323.0,Moto Center Jundiai,Jundiai,Pedro Souza,CANCELADA,Cartão,2026-10-16,fernanda.alves1559@email.com,11999991559
1560,Amanda Rodrigues,46,Campinas,SP,CB 650R,HONDA,Naked,2024,51637.0,Moto Center Campinas,Campinas,Carlos Santos,CONCLUIDA,Pix,2026-05-16,amanda.rodrigues1560@email.com,11999991560
1561,Joao Santos,32,Valinhos,SP,MT-07,YAMAHA,Naked,2024,50619.0,Moto Center Valinhos,Valinhos,Carlos Santos,CANCELADA,Pix,2026-01-10,joão.santos1561@email.com,11999991561
1562,Carlos Mendes,67,Valinhos,SP,CB 500F,HONDA,Naked,2024,40397.0,Moto Center Valinhos,Valinhos,Pedro Souza,CANCELADA,Financiamento,2026-07-05,carlos.mendes1562@email.com,11999991562
1563,Lucas Ferreira,67,Valinhos,SP,MT-07,YAMAHA,Naked,2024,48333.0,Moto Center Valinhos,Valinhos,Pedro Souza,CANCELADA,Cartão,2026-07-12,lucas.ferreira1563@email.com,11999991563
1564,Juliana Costa,47,Jundiai,SP,VERSYS 650,KAWASAKI,Trail,2024,48744.0,Moto Center Jundiai,Jundiai,Maria Oliveira,CANCELADA,Financiamento,2026-05-26,juliana.costa1564@email.com,11999991564
1565,Juliana Costa,25,Valinhos,SP,CB 500F,HONDA,Naked,2024,45357.0,Moto Center Valinhos,Valinhos,Carlos Santos,AGENDADA,Financiamento,2026-11-17,juliana.costa1565@email.com,11999991565
1566,Thiago Alves,71,Campinas,SP,NINJA 400,KAWASAKI,Esportiva,2023,36654.0,Moto Center Campinas,Campinas,Joao Silva,CANCELADA,Financiamento,2026-07-16,thiago.alves1566@email.com,11999991566
1567,Lucas Ferreira,71,Valinhos,SP,CB 650R,HONDA,Naked,2024,52648.0,Moto Center Valinhos,Valinhos,Maria Oliveira,AGENDADA,Cartão,2026-01-26,lucas.ferreira1567@email.com,11999991567
1568,Diego Martins,54,Campinas,SP,CB 500F,HONDA,Naked,2024,44307.0,Moto Center Campinas,Campinas,Maria Oliveira,CONCLUIDA,Pix,2026-12-07,diego.martins1568@email.com,11999991568
1569,Diego Martins,54,Jundiai,SP,MT-03,YAMAHA,Naked,2024,31742.0,Moto Center Jundiai,Jundiai,Pedro Souza,CONCLUIDA,Pix,2026-03-11,diego.martins1569@email.com,11999991569
1570,Mariana Silva,18,Campinas,SP,NINJA 400,KAWASAKI,Esportiva,2023,33021.0,Moto Center Campinas,Campinas,Pedro Souza,CONCLUIDA,Cartão,2026-03-21,mariana.silva1570@email.com,11999991570
1571,Marcos Pereira,71,Valinhos,SP,VERSYS 650,KAWASAKI,Trail,2024,48933.0,Moto Center Valinhos,Valinhos,Carlos Santos,CONCLUIDA,Pix,2026-01-16,marcos.pereira1571@email.com,11999991571
1572,Fernanda Alves,46,Campinas,SP,CB 500F,HONDA,Naked,2024,41180.0,Moto Center Campinas,Campinas,Pedro Souza,AGENDADA,Cartão,2026-09-09,fernanda.alves1572@email.com,11999991572
1573,Ana Souza,70,Vinhedo,SP,CB 650R,HONDA,Naked,2024,52843.0,Moto Center Vinhedo,Vinhedo,Carlos Santos,CANCELADA,Pix,2026-08-27,ana.souza1573@email.com,11999991573
1574,Carlos Mendes,39,Valinhos,SP,MT-03,YAMAHA,Naked,2024,34741.0,Moto Center Valinhos,Valinhos,Carlos Santos,CONCLUIDA,Financiamento,2026-01-24,carlos.mendes1574@email.com,11999991574
1575,Ana Souza,24,Vinhedo,SP,CB 650R,HONDA,Naked,2024,51567.0,Moto Center Vinhedo,Vinhedo,Pedro Souza,CONCLUIDA,Financiamento,2026-02-03,ana.souza1575@email.com,11999991575
1576,Carolina Gomes,46,Jundiai,SP,CB 650R,HONDA,Naked,2024,52784.0,Moto Center Jundiai,Jundiai,Carlos Santos,CANCELADA,Pix,2026-10-27,carolina.gomes1576@email.com,11999991576
1577,Renata Costa,21,Valinhos,SP,PCX 160,HONDA,Scooter,2025,24170.0,Moto Center Valinhos,Valinhos,Carlos Santos,CONCLUIDA,Cartão,2026-01-10,renata.costa1577@email.com,11999991577
1578,Fernanda Alves,24,Valinhos,SP,MT-03,YAMAHA,Naked,2024,32267.0,Moto Center Valinhos,Valinhos,Carlos Santos,CONCLUIDA,Cartão,2026-07-25,fernanda.alves1578@email.com,11999991578
1579,Carlos Mendes,65,Vinhedo,SP,VERSYS 650,KAWASAKI,Trail,2024,50685.0,Moto Center Vinhedo,Vinhedo,Maria Oliveira,CONCLUIDA,Cartão,2026-06-23,carlos.mendes1579@email.com,11999991579
1580,Pedro Oliveira,22,Jundiai,SP,NINJA 400,KAWASAKI,Esportiva,2023,36349.0,Moto Center Jundiai,Jundiai,Pedro Souza,AGENDADA,Cartão,2026-10-18,pedro.oliveira1580@email.com,11999991580
1581,Thiago Alves,69,Jundiai,SP,CB 500F,HONDA,Naked,2024,43887.0,Moto Center Jundiai,Jundiai,Carlos Santos,CONCLUIDA,Cartão,2026-03-04,thiago.alves1581@email.com,11999991581
1582,Fernanda Alves,46,Jundiai,SP,MT-07,YAMAHA,Naked,2024,47801.0,Moto Center Jundiai,Jundiai,Maria Oliveira,CANCELADA,Pix,2026-10-28,fernanda.alves1582@email.com,11999991582
1583,Amanda Rodrigues,26,Campinas,SP,PCX 160,HONDA,Scooter,2025,20483.0,Moto Center Campinas,Campinas,Pedro Souza,AGENDADA,Cartão,2026-05-28,amanda.rodrigues1583@email.com,11999991583
1584,Carlos Mendes,36,Vinhedo,SP,CB 500F,HONDA,Naked,2024,40289.0,Moto Center Vinhedo,Vinhedo,Maria Oliveira,AGENDADA,Financiamento,2026-09-16,carlos.mendes1584@email.com,11999991584
1585,Renata Costa,54,Jundiai,SP,VERSYS 650,KAWASAKI,Trail,2024,48791.0,Moto Center Jundiai,Jundiai,Joao Silva,AGENDADA,Financiamento,2026-01-18,renata.costa1585@email.com,11999991585
1586,Carlos Mendes,20,Valinhos,SP,NINJA 400,KAWASAKI,Esportiva,2023,32980.0,Moto Center Valinhos,Valinhos,Pedro Souza,CONCLUIDA,Pix,2026-09-22,carlos.mendes1586@email.com,11999991586
1587,Renata Costa,48,Jundiai,SP,NINJA 400,KAWASAKI,Esportiva,2023,34119.0,Moto Center Jundiai,Jundiai,Joao Silva,CONCLUIDA,Cartão,2026-09-05,renata.costa1587@email.com,11999991587
1588,Carlos Mendes,29,Jundiai,SP,VERSYS 650,KAWASAKI,Trail,2024,51391.0,Moto Center Jundiai,Jundiai,Carlos Santos,CONCLUIDA,Cartão,2026-12-22,carlos.mendes1588@email.com,11999991588
1589,Bruno Lima,43,Vinhedo,SP,MT-03,YAMAHA,Naked,2024,34956.0,Moto Center Vinhedo,Vinhedo,Joao Silva,CONCLUIDA,Financiamento,2026-10-02,bruno.lima1589@email.com,11999991589
1590,Joao Santos,37,Campinas,SP,MT-07,YAMAHA,Naked,2024,48908.0,Moto Center Campinas,Campinas,Pedro Souza,AGENDADA,Financiamento,2026-12-24,joão.santos1590@email.com,11999991590
1591,Carolina Gomes,64,Jundiai,SP,CB 650R,HONDA,Naked,2024,55309.0,Moto Center Jundiai,Jundiai,Joao Silva,CANCELADA,Pix,2026-02-21,carolina.gomes1591@email.com,11999991591
1592,Marcos Pereira,37,Vinhedo,SP,NINJA 400,KAWASAKI,Esportiva,2023,37925.0,Moto Center Vinhedo,Vinhedo,Pedro Souza,CANCELADA,Pix,2026-03-19,marcos.pereira1592@email.com,11999991592
1593,Renata Costa,38,Jundiai,SP,CB 500F,HONDA,Naked,2024,42374.0,Moto Center Jundiai,Jundiai,Maria Oliveira,AGENDADA,Cartão,2026-04-09,renata.costa1593@email.com,11999991593
1594,Amanda Rodrigues,18,Valinhos,SP,VERSYS 650,KAWASAKI,Trail,2024,49677.0,Moto Center Valinhos,Valinhos,Pedro Souza,AGENDADA,Cartão,2026-06-09,amanda.rodrigues1594@email.com,11999991594
1595,Carolina Gomes,66,Vinhedo,SP,CB 500F,HONDA,Naked,2024,44798.0,Moto Center Vinhedo,Vinhedo,Carlos Santos,CANCELADA,Financiamento,2026-06-15,carolina.gomes1595@email.com,11999991595
1596,Diego Martins,27,Valinhos,SP,MT-07,YAMAHA,Naked,2024,49896.0,Moto Center Valinhos,Valinhos,Carlos Santos,CANCELADA,Financiamento,2026-03-05,diego.martins1596@email.com,11999991596
1597,Amanda Rodrigues,24,Jundiai,SP,CB 650R,HONDA,Naked,2024,55450.0,Moto Center Jundiai,Jundiai,Maria Oliveira,CONCLUIDA,Cartão,2026-04-21,amanda.rodrigues1597@email.com,11999991597
1598,Ana Souza,30,Campinas,SP,CB 650R,HONDA,Naked,2024,54528.0,Moto Center Campinas,Campinas,Joao Silva,CONCLUIDA,Financiamento,2026-05-10,ana.souza1598@email.com,11999991598
1599,Joao Santos,24,Campinas,SP,MT-07,YAMAHA,Naked,2024,47245.0,Moto Center Campinas,Campinas,Pedro Souza,AGENDADA,Cartão,2026-12-09,joão.santos1599@email.com,11999991599
1600,Marcos Pereira,59,Jundiai,SP,CB 500F,HONDA,Naked,2024,44749.0,Moto Center Jundiai,Jundiai,Pedro Souza,AGENDADA,Financiamento,2026-05-15,marcos.pereira1600@email.com,11999991600
1601,Fernanda Alves,49,Valinhos,SP,MT-03,YAMAHA,Naked,2024,31945.0,Moto Center Valinhos,Valinhos,Carlos Santos,CONCLUIDA,Financiamento,2026-06-28,fernanda.alves1601@email.com,11999991601
1602,Fernanda Alves,23,Valinhos,SP,NINJA 400,KAWASAKI,Esportiva,2023,38499.0,Moto Center Valinhos,Valinhos,Carlos Santos,CONCLUIDA,Financiamento,2026-07-14,fernanda.alves1602@email.com,11999991602
1603,Mariana Silva,45,Valinhos,SP,VERSYS 650,KAWASAKI,Trail,2024,50207.0,Moto Center Valinhos,Valinhos,Pedro Souza,CONCLUIDA,Pix,2026-11-27,mariana.silva1603@email.com,11999991603
1604,Joao Santos,36,Campinas,SP,MT-07,YAMAHA,Naked,2024,48299.0,Moto Center Campinas,Campinas,Carlos Santos,AGENDADA,Cartão,2026-07-26,joão.santos1604@email.com,11999991604
1605,Pedro Oliveira,66,Campinas,SP,NINJA 400,KAWASAKI,Esportiva,2023,35635.0,Moto Center Campinas,Campinas,Pedro Souza,CANCELADA,Financiamento,2026-10-10,pedro.oliveira1605@email.com,11999991605
1606,Carlos Mendes,50,Jundiai,SP,VERSYS 650,KAWASAKI,Trail,2024,48196.0,Moto Center Jundiai,Jundiai,Joao Silva,CONCLUIDA,Cartão,2026-02-15,carlos.mendes1606@email.com,11999991606
1607,Joao Santos,74,Valinhos,SP,PCX 160,HONDA,Scooter,2025,22935.0,Moto Center Valinhos,Valinhos,Joao Silva,CANCELADA,Cartão,2026-09-11,joão.santos1607@email.com,11999991607
1608,Pedro Oliveira,68,Valinhos,SP,MT-07,YAMAHA,Naked,2024,49433.0,Moto Center Valinhos,Valinhos,Maria Oliveira,CANCELADA,Cartão,2026-10-22,pedro.oliveira1608@email.com,11999991608
1609,Renata Costa,41,Valinhos,SP,CB 650R,HONDA,Naked,2024,53207.0,Moto Center Valinhos,Valinhos,Maria Oliveira,CONCLUIDA,Pix,2026-12-28,renata.costa1609@email.com,11999991609
1610,Juliana Costa,46,Jundiai,SP,MT-03,YAMAHA,Naked,2024,33870.0,Moto Center Jundiai,Jundiai,Joao Silva,AGENDADA,Pix,2026-11-23,juliana.costa1610@email.com,11999991610
1611,Pedro Oliveira,32,Vinhedo,SP,CB 500F,HONDA,Naked,2024,43171.0,Moto Center Vinhedo,Vinhedo,Pedro Souza,AGENDADA,Cartão,2026-01-05,pedro.oliveira1611@email.com,11999991611
1612,Juliana Costa,54,Valinhos,SP,CB 500F,HONDA,Naked,2024,41972.0,Moto Center Valinhos,Valinhos,Pedro Souza,CONCLUIDA,Pix,2026-11-17,juliana.costa1612@email.com,11999991612
1613,Juliana Costa,43,Jundiai,SP,CB 500F,HONDA,Naked,2024,40414.0,Moto Center Jundiai,Jundiai,Maria Oliveira,AGENDADA,Pix,2026-02-06,juliana.costa1613@email.com,11999991613
1614,Pedro Oliveira,44,Valinhos,SP,VERSYS 650,KAWASAKI,Trail,2024,52147.0,Moto Center Valinhos,Valinhos,Maria Oliveira,AGENDADA,Financiamento,2026-09-04,pedro.oliveira1614@email.com,11999991614
1615,Bruno Lima,70,Vinhedo,SP,MT-07,YAMAHA,Naked,2024,51817.0,Moto Center Vinhedo,Vinhedo,Joao Silva,CANCELADA,Pix,2026-09-07,bruno.lima1615@email.com,11999991615
1616,Carolina Gomes,41,Valinhos,SP,PCX 160,HONDA,Scooter,2025,23392.0,Moto Center Valinhos,Valinhos,Joao Silva,AGENDADA,Cartão,2026-02-18,carolina.gomes1616@email.com,11999991616
1617,Diego Martins,19,Vinhedo,SP,PCX 160,HONDA,Scooter,2025,20373.0,Moto Center Vinhedo,Vinhedo,Carlos Santos,CONCLUIDA,Pix,2026-07-01,diego.martins1617@email.com,11999991617
1618,Thiago Alves,18,Vinhedo,SP,NINJA 400,KAWASAKI,Esportiva,2023,36347.0,Moto Center Vinhedo,Vinhedo,Carlos Santos,AGENDADA,Cartão,2026-08-02,thiago.alves1618@email.com,11999991618
1619,Juliana Costa,30,Valinhos,SP,VERSYS 650,KAWASAKI,Trail,2024,48434.0,Moto Center Valinhos,Valinhos,Joao Silva,AGENDADA,Pix,2026-09-05,juliana.costa1619@email.com,11999991619
1620,Fernanda Alves,51,Valinhos,SP,NINJA 400,KAWASAKI,Esportiva,2023,38553.0,Moto Center Valinhos,Valinhos,Joao Silva,AGENDADA,Pix,2026-07-28,fernanda.alves1620@email.com,11999991620
1621,Lucas Ferreira,71,Vinhedo,SP,VERSYS 650,KAWASAKI,Trail,2024,52501.0,Moto Center Vinhedo,Vinhedo,Maria Oliveira,CONCLUIDA,Financiamento,2026-01-13,lucas.ferreira1621@email.com,11999991621
1622,Amanda Rodrigues,46,Jundiai,SP,MT-03,YAMAHA,Naked,2024,31184.0,Moto Center Jundiai,Jundiai,Joao Silva,CONCLUIDA,Pix,2026-08-19,amanda.rodrigues1622@email.com,11999991622
1623,Marcos Pereira,73,Valinhos,SP,CB 650R,HONDA,Naked,2024,50358.0,Moto Center Valinhos,Valinhos,Maria Oliveira,CONCLUIDA,Financiamento,2026-09-03,marcos.pereira1623@email.com,11999991623
1624,Ana Souza,54,Campinas,SP,VERSYS 650,KAWASAKI,Trail,2024,50551.0,Moto Center Campinas,Campinas,Pedro Souza,CONCLUIDA,Cartão,2026-01-09,ana.souza1624@email.com,11999991624
1625,Lucas Ferreira,65,Vinhedo,SP,CB 650R,HONDA,Naked,2024,54987.0,Moto Center Vinhedo,Vinhedo,Pedro Souza,CANCELADA,Cartão,2026-06-17,lucas.ferreira1625@email.com,11999991625
1626,Fernanda Alves,29,Jundiai,SP,VERSYS 650,KAWASAKI,Trail,2024,52303.0,Moto Center Jundiai,Jundiai,Joao Silva,CANCELADA,Financiamento,2026-03-20,fernanda.alves1626@email.com,11999991626
1627,Renata Costa,45,Jundiai,SP,NINJA 400,KAWASAKI,Esportiva,2023,35471.0,Moto Center Jundiai,Jundiai,Carlos Santos,AGENDADA,Cartão,2026-01-19,renata.costa1627@email.com,11999991627
1628,Lucas Ferreira,61,Campinas,SP,CB 500F,HONDA,Naked,2024,43912.0,Moto Center Campinas,Campinas,Maria Oliveira,CONCLUIDA,Pix,2026-03-10,lucas.ferreira1628@email.com,11999991628
1629,Renata Costa,28,Vinhedo,SP,PCX 160,HONDA,Scooter,2025,21545.0,Moto Center Vinhedo,Vinhedo,Pedro Souza,CANCELADA,Financiamento,2026-11-15,renata.costa1629@email.com,11999991629
1630,Lucas Ferreira,56,Vinhedo,SP,CB 650R,HONDA,Naked,2024,52516.0,Moto Center Vinhedo,Vinhedo,Joao Silva,AGENDADA,Cartão,2026-08-23,lucas.ferreira1630@email.com,11999991630
1631,Fernanda Alves,32,Campinas,SP,CB 500F,HONDA,Naked,2024,45428.0,Moto Center Campinas,Campinas,Carlos Santos,CONCLUIDA,Cartão,2026-01-15,fernanda.alves1631@email.com,11999991631
1632,Ana Souza,70,Vinhedo,SP,MT-03,YAMAHA,Naked,2024,30777.0,Moto Center Vinhedo,Vinhedo,Maria Oliveira,CANCELADA,Financiamento,2026-10-22,ana.souza1632@email.com,11999991632
1633,Juliana Costa,18,Vinhedo,SP,CB 500F,HONDA,Naked,2024,39955.0,Moto Center Vinhedo,Vinhedo,Joao Silva,CANCELADA,Pix,2026-03-21,juliana.costa1633@email.com,11999991633
1634,Ana Souza,55,Jundiai,SP,VERSYS 650,KAWASAKI,Trail,2024,49646.0,Moto Center Jundiai,Jundiai,Maria Oliveira,CANCELADA,Cartão,2026-12-18,ana.souza1634@email.com,11999991634
1635,Thiago Alves,46,Valinhos,SP,MT-03,YAMAHA,Naked,2024,34818.0,Moto Center Valinhos,Valinhos,Maria Oliveira,AGENDADA,Cartão,2026-05-05,thiago.alves1635@email.com,11999991635
1636,Ana Souza,30,Valinhos,SP,PCX 160,HONDA,Scooter,2025,21951.0,Moto Center Valinhos,Valinhos,Maria Oliveira,AGENDADA,Financiamento,2026-05-22,ana.souza1636@email.com,11999991636
1637,Ana Souza,46,Vinhedo,SP,CB 500F,HONDA,Naked,2024,42465.0,Moto Center Vinhedo,Vinhedo,Maria Oliveira,CANCELADA,Cartão,2026-04-28,ana.souza1637@email.com,11999991637
1638,Bruno Lima,55,Vinhedo,SP,CB 500F,HONDA,Naked,2024,44363.0,Moto Center Vinhedo,Vinhedo,Maria Oliveira,AGENDADA,Pix,2026-07-16,bruno.lima1638@email.com,11999991638
1639,Carolina Gomes,28,Valinhos,SP,PCX 160,HONDA,Scooter,2025,21759.0,Moto Center Valinhos,Valinhos,Joao Silva,CONCLUIDA,Financiamento,2026-07-15,carolina.gomes1639@email.com,11999991639
1640,Pedro Oliveira,73,Jundiai,SP,NINJA 400,KAWASAKI,Esportiva,2023,38393.0,Moto Center Jundiai,Jundiai,Pedro Souza,CANCELADA,Pix,2026-11-02,pedro.oliveira1640@email.com,11999991640
1641,Diego Martins,50,Valinhos,SP,VERSYS 650,KAWASAKI,Trail,2024,50077.0,Moto Center Valinhos,Valinhos,Pedro Souza,AGENDADA,Financiamento,2026-10-26,diego.martins1641@email.com,11999991641
1642,Pedro Oliveira,30,Campinas,SP,PCX 160,HONDA,Scooter,2025,19600.0,Moto Center Campinas,Campinas,Joao Silva,CANCELADA,Pix,2026-07-01,pedro.oliveira1642@email.com,11999991642
1643,Ana Souza,62,Campinas,SP,CB 500F,HONDA,Naked,2024,44533.0,Moto Center Campinas,Campinas,Carlos Santos,CANCELADA,Cartão,2026-05-15,ana.souza1643@email.com,11999991643
1644,Bruno Lima,51,Vinhedo,SP,VERSYS 650,KAWASAKI,Trail,2024,47973.0,Moto Center Vinhedo,Vinhedo,Maria Oliveira,AGENDADA,Financiamento,2026-04-11,bruno.lima1644@email.com,11999991644
1645,Carlos Mendes,28,Campinas,SP,CB 500F,HONDA,Naked,2024,43435.0,Moto Center Campinas,Campinas,Maria Oliveira,CANCELADA,Financiamento,2026-12-07,carlos.mendes1645@email.com,11999991645
1646,Amanda Rodrigues,55,Jundiai,SP,CB 500F,HONDA,Naked,2024,42895.0,Moto Center Jundiai,Jundiai,Pedro Souza,CONCLUIDA,Cartão,2026-02-08,amanda.rodrigues1646@email.com,11999991646
1647,Lucas Ferreira,34,Jundiai,SP,NINJA 400,KAWASAKI,Esportiva,2023,34998.0,Moto Center Jundiai,Jundiai,Maria Oliveira,AGENDADA,Financiamento,2026-11-08,lucas.ferreira1647@email.com,11999991647
1648,Carlos Mendes,54,Jundiai,SP,VERSYS 650,KAWASAKI,Trail,2024,50076.0,Moto Center Jundiai,Jundiai,Joao Silva,AGENDADA,Pix,2026-01-12,carlos.mendes1648@email.com,11999991648
1649,Mariana Silva,25,Jundiai,SP,VERSYS 650,KAWASAKI,Trail,2024,47924.0,Moto Center Jundiai,Jundiai,Pedro Souza,AGENDADA,Pix,2026-05-27,mariana.silva1649@email.com,11999991649
1650,Diego Martins,34,Vinhedo,SP,PCX 160,HONDA,Scooter,2025,20070.0,Moto Center Vinhedo,Vinhedo,Maria Oliveira,AGENDADA,Pix,2026-01-14,diego.martins1650@email.com,11999991650
1651,Renata Costa,72,Valinhos,SP,CB 650R,HONDA,Naked,2024,52643.0,Moto Center Valinhos,Valinhos,Carlos Santos,CONCLUIDA,Financiamento,2026-10-09,renata.costa1651@email.com,11999991651
1652,Pedro Oliveira,23,Vinhedo,SP,CB 650R,HONDA,Naked,2024,53011.0,Moto Center Vinhedo,Vinhedo,Maria Oliveira,CANCELADA,Pix,2026-04-28,pedro.oliveira1652@email.com,11999991652
1653,Renata Costa,62,Jundiai,SP,NINJA 400,KAWASAKI,Esportiva,2023,34184.0,Moto Center Jundiai,Jundiai,Joao Silva,CANCELADA,Pix,2026-09-11,renata.costa1653@email.com,11999991653
1654,Amanda Rodrigues,27,Jundiai,SP,NINJA 400,KAWASAKI,Esportiva,2023,33512.0,Moto Center Jundiai,Jundiai,Carlos Santos,CANCELADA,Financiamento,2026-07-08,amanda.rodrigues1654@email.com,11999991654
1655,Fernanda Alves,28,Valinhos,SP,CB 650R,HONDA,Naked,2024,53998.0,Moto Center Valinhos,Valinhos,Joao Silva,AGENDADA,Pix,2026-06-26,fernanda.alves1655@email.com,11999991655
1656,Fernanda Alves,56,Valinhos,SP,VERSYS 650,KAWASAKI,Trail,2024,49120.0,Moto Center Valinhos,Valinhos,Pedro Souza,CONCLUIDA,Pix,2026-09-22,fernanda.alves1656@email.com,11999991656
1657,Mariana Silva,67,Vinhedo,SP,MT-07,YAMAHA,Naked,2024,51079.0,Moto Center Vinhedo,Vinhedo,Pedro Souza,AGENDADA,Pix,2026-02-01,mariana.silva1657@email.com,11999991657
1658,Amanda Rodrigues,31,Vinhedo,SP,VERSYS 650,KAWASAKI,Trail,2024,47925.0,Moto Center Vinhedo,Vinhedo,Maria Oliveira,CANCELADA,Pix,2026-04-02,amanda.rodrigues1658@email.com,11999991658
1659,Bruno Lima,37,Vinhedo,SP,PCX 160,HONDA,Scooter,2025,22150.0,Moto Center Vinhedo,Vinhedo,Maria Oliveira,AGENDADA,Cartão,2026-10-25,bruno.lima1659@email.com,11999991659
1660,Amanda Rodrigues,59,Campinas,SP,CB 500F,HONDA,Naked,2024,45161.0,Moto Center Campinas,Campinas,Maria Oliveira,CONCLUIDA,Pix,2026-01-12,amanda.rodrigues1660@email.com,11999991660
1661,Bruno Lima,18,Jundiai,SP,CB 650R,HONDA,Naked,2024,51120.0,Moto Center Jundiai,Jundiai,Maria Oliveira,CONCLUIDA,Cartão,2026-08-08,bruno.lima1661@email.com,11999991661
1662,Amanda Rodrigues,33,Valinhos,SP,CB 650R,HONDA,Naked,2024,51782.0,Moto Center Valinhos,Valinhos,Carlos Santos,CANCELADA,Pix,2026-04-27,amanda.rodrigues1662@email.com,11999991662
1663,Marcos Pereira,65,Campinas,SP,MT-07,YAMAHA,Naked,2024,49326.0,Moto Center Campinas,Campinas,Maria Oliveira,AGENDADA,Cartão,2026-09-20,marcos.pereira1663@email.com,11999991663
1664,Marcos Pereira,45,Jundiai,SP,MT-03,YAMAHA,Naked,2024,32541.0,Moto Center Jundiai,Jundiai,Carlos Santos,AGENDADA,Pix,2026-09-11,marcos.pereira1664@email.com,11999991664
1665,Fernanda Alves,43,Campinas,SP,CB 650R,HONDA,Naked,2024,53626.0,Moto Center Campinas,Campinas,Joao Silva,AGENDADA,Pix,2026-07-03,fernanda.alves1665@email.com,11999991665
1666,Amanda Rodrigues,44,Jundiai,SP,MT-07,YAMAHA,Naked,2024,47248.0,Moto Center Jundiai,Jundiai,Maria Oliveira,AGENDADA,Financiamento,2026-12-04,amanda.rodrigues1666@email.com,11999991666
1667,Thiago Alves,59,Vinhedo,SP,MT-07,YAMAHA,Naked,2024,49218.0,Moto Center Vinhedo,Vinhedo,Maria Oliveira,CONCLUIDA,Financiamento,2026-12-08,thiago.alves1667@email.com,11999991667
1668,Juliana Costa,45,Vinhedo,SP,NINJA 400,KAWASAKI,Esportiva,2023,36604.0,Moto Center Vinhedo,Vinhedo,Pedro Souza,CANCELADA,Pix,2026-09-03,juliana.costa1668@email.com,11999991668
1669,Marcos Pereira,21,Valinhos,SP,CB 650R,HONDA,Naked,2024,54509.0,Moto Center Valinhos,Valinhos,Carlos Santos,CONCLUIDA,Financiamento,2026-02-20,marcos.pereira1669@email.com,11999991669
1670,Juliana Costa,51,Valinhos,SP,CB 500F,HONDA,Naked,2024,43991.0,Moto Center Valinhos,Valinhos,Maria Oliveira,AGENDADA,Cartão,2026-07-09,juliana.costa1670@email.com,11999991670
1671,Carolina Gomes,38,Valinhos,SP,CB 500F,HONDA,Naked,2024,45173.0,Moto Center Valinhos,Valinhos,Carlos Santos,AGENDADA,Pix,2026-06-17,carolina.gomes1671@email.com,11999991671
1672,Marcos Pereira,33,Valinhos,SP,CB 650R,HONDA,Naked,2024,50400.0,Moto Center Valinhos,Valinhos,Joao Silva,CONCLUIDA,Financiamento,2026-12-26,marcos.pereira1672@email.com,11999991672
1673,Pedro Oliveira,73,Jundiai,SP,CB 500F,HONDA,Naked,2024,43998.0,Moto Center Jundiai,Jundiai,Maria Oliveira,AGENDADA,Cartão,2026-07-12,pedro.oliveira1673@email.com,11999991673
1674,Marcos Pereira,27,Campinas,SP,MT-03,YAMAHA,Naked,2024,34214.0,Moto Center Campinas,Campinas,Carlos Santos,AGENDADA,Financiamento,2026-10-12,marcos.pereira1674@email.com,11999991674
1675,Thiago Alves,72,Valinhos,SP,PCX 160,HONDA,Scooter,2025,23427.0,Moto Center Valinhos,Valinhos,Maria Oliveira,CANCELADA,Cartão,2026-05-01,thiago.alves1675@email.com,11999991675
1676,Carolina Gomes,44,Vinhedo,SP,MT-03,YAMAHA,Naked,2024,30353.0,Moto Center Vinhedo,Vinhedo,Joao Silva,CONCLUIDA,Pix,2026-04-22,carolina.gomes1676@email.com,11999991676
1677,Renata Costa,27,Vinhedo,SP,MT-07,YAMAHA,Naked,2024,51153.0,Moto Center Vinhedo,Vinhedo,Pedro Souza,CANCELADA,Financiamento,2026-04-18,renata.costa1677@email.com,11999991677
1678,Carolina Gomes,60,Campinas,SP,CB 650R,HONDA,Naked,2024,51584.0,Moto Center Campinas,Campinas,Carlos Santos,CONCLUIDA,Cartão,2026-12-16,carolina.gomes1678@email.com,11999991678
1679,Juliana Costa,52,Campinas,SP,VERSYS 650,KAWASAKI,Trail,2024,49703.0,Moto Center Campinas,Campinas,Joao Silva,CANCELADA,Cartão,2026-01-26,juliana.costa1679@email.com,11999991679
1680,Thiago Alves,52,Valinhos,SP,CB 650R,HONDA,Naked,2024,50612.0,Moto Center Valinhos,Valinhos,Carlos Santos,CONCLUIDA,Cartão,2026-11-13,thiago.alves1680@email.com,11999991680
1681,Juliana Costa,64,Vinhedo,SP,CB 500F,HONDA,Naked,2024,42954.0,Moto Center Vinhedo,Vinhedo,Joao Silva,AGENDADA,Cartão,2026-08-27,juliana.costa1681@email.com,11999991681
1682,Fernanda Alves,54,Jundiai,SP,MT-07,YAMAHA,Naked,2024,48258.0,Moto Center Jundiai,Jundiai,Carlos Santos,AGENDADA,Cartão,2026-12-20,fernanda.alves1682@email.com,11999991682
1683,Lucas Ferreira,21,Vinhedo,SP,MT-03,YAMAHA,Naked,2024,33096.0,Moto Center Vinhedo,Vinhedo,Joao Silva,AGENDADA,Pix,2026-09-21,lucas.ferreira1683@email.com,11999991683
1684,Ana Souza,22,Vinhedo,SP,VERSYS 650,KAWASAKI,Trail,2024,47896.0,Moto Center Vinhedo,Vinhedo,Pedro Souza,AGENDADA,Pix,2026-08-23,ana.souza1684@email.com,11999991684
1685,Diego Martins,45,Campinas,SP,MT-03,YAMAHA,Naked,2024,34365.0,Moto Center Campinas,Campinas,Joao Silva,AGENDADA,Cartão,2026-11-02,diego.martins1685@email.com,11999991685
1686,Thiago Alves,60,Valinhos,SP,MT-03,YAMAHA,Naked,2024,33495.0,Moto Center Valinhos,Valinhos,Joao Silva,CONCLUIDA,Financiamento,2026-05-13,thiago.alves1686@email.com,11999991686
1687,Thiago Alves,61,Vinhedo,SP,PCX 160,HONDA,Scooter,2025,20817.0,Moto Center Vinhedo,Vinhedo,Maria Oliveira,CONCLUIDA,Cartão,2026-09-25,thiago.alves1687@email.com,11999991687
1688,Renata Costa,46,Campinas,SP,CB 500F,HONDA,Naked,2024,42905.0,Moto Center Campinas,Campinas,Maria Oliveira,CONCLUIDA,Financiamento,2026-11-24,renata.costa1688@email.com,11999991688
1689,Bruno Lima,50,Valinhos,SP,NINJA 400,KAWASAKI,Esportiva,2023,36651.0,Moto Center Valinhos,Valinhos,Pedro Souza,CONCLUIDA,Financiamento,2026-07-20,bruno.lima1689@email.com,11999991689
1690,Renata Costa,37,Jundiai,SP,VERSYS 650,KAWASAKI,Trail,2024,51644.0,Moto Center Jundiai,Jundiai,Carlos Santos,CONCLUIDA,Pix,2026-07-22,renata.costa1690@email.com,11999991690
1691,Carlos Mendes,56,Vinhedo,SP,NINJA 400,KAWASAKI,Esportiva,2023,33368.0,Moto Center Vinhedo,Vinhedo,Maria Oliveira,CANCELADA,Financiamento,2026-10-02,carlos.mendes1691@email.com,11999991691
1692,Juliana Costa,47,Campinas,SP,CB 500F,HONDA,Naked,2024,41162.0,Moto Center Campinas,Campinas,Maria Oliveira,CANCELADA,Financiamento,2026-07-21,juliana.costa1692@email.com,11999991692
1693,Joao Santos,46,Campinas,SP,VERSYS 650,KAWASAKI,Trail,2024,51229.0,Moto Center Campinas,Campinas,Maria Oliveira,AGENDADA,Cartão,2026-09-05,joão.santos1693@email.com,11999991693
1694,Renata Costa,74,Jundiai,SP,CB 500F,HONDA,Naked,2024,45041.0,Moto Center Jundiai,Jundiai,Carlos Santos,CONCLUIDA,Financiamento,2026-02-09,renata.costa1694@email.com,11999991694
1695,Ana Souza,29,Vinhedo,SP,NINJA 400,KAWASAKI,Esportiva,2023,37658.0,Moto Center Vinhedo,Vinhedo,Pedro Souza,CONCLUIDA,Financiamento,2026-05-03,ana.souza1695@email.com,11999991695
1696,Renata Costa,35,Campinas,SP,CB 650R,HONDA,Naked,2024,53915.0,Moto Center Campinas,Campinas,Maria Oliveira,CONCLUIDA,Financiamento,2026-07-22,renata.costa1696@email.com,11999991696
1697,Bruno Lima,57,Vinhedo,SP,PCX 160,HONDA,Scooter,2025,21581.0,Moto Center Vinhedo,Vinhedo,Pedro Souza,CONCLUIDA,Financiamento,2026-08-10,bruno.lima1697@email.com,11999991697
1698,Ana Souza,39,Jundiai,SP,MT-03,YAMAHA,Naked,2024,35452.0,Moto Center Jundiai,Jundiai,Pedro Souza,AGENDADA,Financiamento,2026-03-23,ana.souza1698@email.com,11999991698
1699,Ana Souza,43,Campinas,SP,CB 500F,HONDA,Naked,2024,40251.0,Moto Center Campinas,Campinas,Carlos Santos,AGENDADA,Pix,2026-04-18,ana.souza1699@email.com,11999991699
1700,Ana Souza,33,Vinhedo,SP,CB 650R,HONDA,Naked,2024,53016.0,Moto Center Vinhedo,Vinhedo,Pedro Souza,CONCLUIDA,Financiamento,2026-12-20,ana.souza1700@email.com,11999991700
1701,Fernanda Alves,48,Vinhedo,SP,MT-03,YAMAHA,Naked,2024,33962.0,Moto Center Vinhedo,Vinhedo,Carlos Santos,AGENDADA,Cartão,2026-07-06,fernanda.alves1701@email.com,11999991701
1702,Carolina Gomes,37,Campinas,SP,MT-03,YAMAHA,Naked,2024,33761.0,Moto Center Campinas,Campinas,Maria Oliveira,AGENDADA,Financiamento,2026-11-22,carolina.gomes1702@email.com,11999991702
1703,Carolina Gomes,27,Jundiai,SP,CB 500F,HONDA,Naked,2024,44980.0,Moto Center Jundiai,Jundiai,Pedro Souza,AGENDADA,Pix,2026-12-23,carolina.gomes1703@email.com,11999991703
1704,Fernanda Alves,75,Vinhedo,SP,CB 650R,HONDA,Naked,2024,51528.0,Moto Center Vinhedo,Vinhedo,Joao Silva,CONCLUIDA,Pix,2026-08-26,fernanda.alves1704@email.com,11999991704
1705,Lucas Ferreira,30,Valinhos,SP,VERSYS 650,KAWASAKI,Trail,2024,51624.0,Moto Center Valinhos,Valinhos,Joao Silva,CANCELADA,Financiamento,2026-08-04,lucas.ferreira1705@email.com,11999991705
1706,Thiago Alves,69,Jundiai,SP,CB 650R,HONDA,Naked,2024,51262.0,Moto Center Jundiai,Jundiai,Carlos Santos,AGENDADA,Financiamento,2026-10-12,thiago.alves1706@email.com,11999991706
1707,Marcos Pereira,22,Campinas,SP,PCX 160,HONDA,Scooter,2025,21679.0,Moto Center Campinas,Campinas,Joao Silva,CONCLUIDA,Financiamento,2026-10-11,marcos.pereira1707@email.com,11999991707
1708,Ana Souza,59,Vinhedo,SP,VERSYS 650,KAWASAKI,Trail,2024,52492.0,Moto Center Vinhedo,Vinhedo,Maria Oliveira,CONCLUIDA,Cartão,2026-11-16,ana.souza1708@email.com,11999991708
1709,Juliana Costa,52,Vinhedo,SP,CB 500F,HONDA,Naked,2024,43007.0,Moto Center Vinhedo,Vinhedo,Maria Oliveira,AGENDADA,Cartão,2026-03-21,juliana.costa1709@email.com,11999991709
1710,Amanda Rodrigues,53,Jundiai,SP,MT-07,YAMAHA,Naked,2024,52780.0,Moto Center Jundiai,Jundiai,Joao Silva,CANCELADA,Pix,2026-11-21,amanda.rodrigues1710@email.com,11999991710
1711,Lucas Ferreira,59,Campinas,SP,NINJA 400,KAWASAKI,Esportiva,2023,34444.0,Moto Center Campinas,Campinas,Joao Silva,CONCLUIDA,Financiamento,2026-10-03,lucas.ferreira1711@email.com,11999991711
1712,Mariana Silva,28,Jundiai,SP,PCX 160,HONDA,Scooter,2025,19928.0,Moto Center Jundiai,Jundiai,Pedro Souza,CONCLUIDA,Cartão,2026-07-16,mariana.silva1712@email.com,11999991712
1713,Amanda Rodrigues,43,Vinhedo,SP,CB 500F,HONDA,Naked,2024,43927.0,Moto Center Vinhedo,Vinhedo,Joao Silva,CANCELADA,Cartão,2026-11-01,amanda.rodrigues1713@email.com,11999991713
1714,Joao Santos,74,Valinhos,SP,VERSYS 650,KAWASAKI,Trail,2024,51762.0,Moto Center Valinhos,Valinhos,Pedro Souza,CANCELADA,Financiamento,2026-08-21,joão.santos1714@email.com,11999991714
1715,Carlos Mendes,66,Vinhedo,SP,VERSYS 650,KAWASAKI,Trail,2024,49166.0,Moto Center Vinhedo,Vinhedo,Maria Oliveira,AGENDADA,Financiamento,2026-03-25,carlos.mendes1715@email.com,11999991715
1716,Fernanda Alves,28,Valinhos,SP,MT-03,YAMAHA,Naked,2024,34871.0,Moto Center Valinhos,Valinhos,Maria Oliveira,CANCELADA,Pix,2026-02-14,fernanda.alves1716@email.com,11999991716
1717,Fernanda Alves,69,Campinas,SP,PCX 160,HONDA,Scooter,2025,22612.0,Moto Center Campinas,Campinas,Maria Oliveira,CONCLUIDA,Cartão,2026-09-07,fernanda.alves1717@email.com,11999991717
1718,Marcos Pereira,53,Vinhedo,SP,CB 500F,HONDA,Naked,2024,40364.0,Moto Center Vinhedo,Vinhedo,Joao Silva,CONCLUIDA,Cartão,2026-10-02,marcos.pereira1718@email.com,11999991718
1719,Bruno Lima,50,Jundiai,SP,VERSYS 650,KAWASAKI,Trail,2024,52233.0,Moto Center Jundiai,Jundiai,Joao Silva,AGENDADA,Cartão,2026-04-10,bruno.lima1719@email.com,11999991719
1720,Carlos Mendes,67,Jundiai,SP,CB 500F,HONDA,Naked,2024,44544.0,Moto Center Jundiai,Jundiai,Joao Silva,CANCELADA,Cartão,2026-01-23,carlos.mendes1720@email.com,11999991720
1721,Fernanda Alves,63,Valinhos,SP,PCX 160,HONDA,Scooter,2025,21117.0,Moto Center Valinhos,Valinhos,Maria Oliveira,AGENDADA,Pix,2026-01-28,fernanda.alves1721@email.com,11999991721
1722,Joao Santos,50,Valinhos,SP,CB 650R,HONDA,Naked,2024,50051.0,Moto Center Valinhos,Valinhos,Maria Oliveira,CANCELADA,Pix,2026-01-11,joão.santos1722@email.com,11999991722
1723,Carlos Mendes,58,Vinhedo,SP,CB 500F,HONDA,Naked,2024,43543.0,Moto Center Vinhedo,Vinhedo,Carlos Santos,CONCLUIDA,Financiamento,2026-05-15,carlos.mendes1723@email.com,11999991723
1724,Bruno Lima,44,Jundiai,SP,MT-07,YAMAHA,Naked,2024,50125.0,Moto Center Jundiai,Jundiai,Pedro Souza,CONCLUIDA,Pix,2026-07-14,bruno.lima1724@email.com,11999991724
1725,Renata Costa,43,Valinhos,SP,CB 650R,HONDA,Naked,2024,51391.0,Moto Center Valinhos,Valinhos,Maria Oliveira,CONCLUIDA,Cartão,2026-09-09,renata.costa1725@email.com,11999991725
1726,Thiago Alves,28,Valinhos,SP,CB 500F,HONDA,Naked,2024,43172.0,Moto Center Valinhos,Valinhos,Carlos Santos,CONCLUIDA,Financiamento,2026-05-27,thiago.alves1726@email.com,11999991726
1727,Amanda Rodrigues,24,Valinhos,SP,NINJA 400,KAWASAKI,Esportiva,2023,33121.0,Moto Center Valinhos,Valinhos,Maria Oliveira,CANCELADA,Cartão,2026-06-01,amanda.rodrigues1727@email.com,11999991727
1728,Thiago Alves,31,Jundiai,SP,NINJA 400,KAWASAKI,Esportiva,2023,35081.0,Moto Center Jundiai,Jundiai,Pedro Souza,CONCLUIDA,Pix,2026-02-20,thiago.alves1728@email.com,11999991728
1729,Thiago Alves,68,Jundiai,SP,MT-03,YAMAHA,Naked,2024,31408.0,Moto Center Jundiai,Jundiai,Joao Silva,AGENDADA,Financiamento,2026-02-27,thiago.alves1729@email.com,11999991729
1730,Fernanda Alves,21,Jundiai,SP,PCX 160,HONDA,Scooter,2025,22827.0,Moto Center Jundiai,Jundiai,Maria Oliveira,CONCLUIDA,Financiamento,2026-11-21,fernanda.alves1730@email.com,11999991730
1731,Joao Santos,51,Jundiai,SP,MT-07,YAMAHA,Naked,2024,51536.0,Moto Center Jundiai,Jundiai,Carlos Santos,AGENDADA,Financiamento,2026-06-01,joão.santos1731@email.com,11999991731
1732,Renata Costa,47,Campinas,SP,NINJA 400,KAWASAKI,Esportiva,2023,35805.0,Moto Center Campinas,Campinas,Pedro Souza,AGENDADA,Financiamento,2026-11-27,renata.costa1732@email.com,11999991732
1733,Ana Souza,58,Jundiai,SP,MT-03,YAMAHA,Naked,2024,33345.0,Moto Center Jundiai,Jundiai,Joao Silva,CANCELADA,Financiamento,2026-04-14,ana.souza1733@email.com,11999991733
1734,Fernanda Alves,32,Valinhos,SP,MT-03,YAMAHA,Naked,2024,31423.0,Moto Center Valinhos,Valinhos,Pedro Souza,AGENDADA,Cartão,2026-11-25,fernanda.alves1734@email.com,11999991734
1735,Pedro Oliveira,47,Valinhos,SP,CB 500F,HONDA,Naked,2024,45352.0,Moto Center Valinhos,Valinhos,Carlos Santos,AGENDADA,Pix,2026-02-13,pedro.oliveira1735@email.com,11999991735
1736,Renata Costa,19,Campinas,SP,MT-07,YAMAHA,Naked,2024,48552.0,Moto Center Campinas,Campinas,Maria Oliveira,CONCLUIDA,Financiamento,2026-01-01,renata.costa1736@email.com,11999991736
1737,Bruno Lima,49,Jundiai,SP,CB 650R,HONDA,Naked,2024,55533.0,Moto Center Jundiai,Jundiai,Carlos Santos,CANCELADA,Pix,2026-08-24,bruno.lima1737@email.com,11999991737
1738,Thiago Alves,20,Jundiai,SP,VERSYS 650,KAWASAKI,Trail,2024,48504.0,Moto Center Jundiai,Jundiai,Pedro Souza,AGENDADA,Financiamento,2026-05-22,thiago.alves1738@email.com,11999991738
1739,Bruno Lima,39,Vinhedo,SP,CB 500F,HONDA,Naked,2024,40503.0,Moto Center Vinhedo,Vinhedo,Pedro Souza,AGENDADA,Financiamento,2026-08-14,bruno.lima1739@email.com,11999991739
1740,Fernanda Alves,23,Campinas,SP,VERSYS 650,KAWASAKI,Trail,2024,49147.0,Moto Center Campinas,Campinas,Pedro Souza,CANCELADA,Pix,2026-08-02,fernanda.alves1740@email.com,11999991740
1741,Mariana Silva,66,Vinhedo,SP,VERSYS 650,KAWASAKI,Trail,2024,52574.0,Moto Center Vinhedo,Vinhedo,Carlos Santos,CANCELADA,Pix,2026-02-27,mariana.silva1741@email.com,11999991741
1742,Fernanda Alves,60,Jundiai,SP,PCX 160,HONDA,Scooter,2025,23542.0,Moto Center Jundiai,Jundiai,Pedro Souza,CONCLUIDA,Pix,2026-05-07,fernanda.alves1742@email.com,11999991742
1743,Mariana Silva,21,Jundiai,SP,NINJA 400,KAWASAKI,Esportiva,2023,35871.0,Moto Center Jundiai,Jundiai,Maria Oliveira,CONCLUIDA,Financiamento,2026-09-27,mariana.silva1743@email.com,11999991743
1744,Mariana Silva,51,Valinhos,SP,PCX 160,HONDA,Scooter,2025,19405.0,Moto Center Valinhos,Valinhos,Maria Oliveira,CANCELADA,Pix,2026-02-19,mariana.silva1744@email.com,11999991744
1745,Carlos Mendes,35,Campinas,SP,VERSYS 650,KAWASAKI,Trail,2024,52030.0,Moto Center Campinas,Campinas,Carlos Santos,AGENDADA,Cartão,2026-05-14,carlos.mendes1745@email.com,11999991745
1746,Amanda Rodrigues,19,Campinas,SP,CB 500F,HONDA,Naked,2024,42126.0,Moto Center Campinas,Campinas,Joao Silva,AGENDADA,Pix,2026-08-03,amanda.rodrigues1746@email.com,11999991746
1747,Joao Santos,21,Campinas,SP,MT-07,YAMAHA,Naked,2024,51965.0,Moto Center Campinas,Campinas,Joao Silva,AGENDADA,Financiamento,2026-01-20,joão.santos1747@email.com,11999991747
1748,Thiago Alves,36,Valinhos,SP,MT-07,YAMAHA,Naked,2024,49057.0,Moto Center Valinhos,Valinhos,Carlos Santos,AGENDADA,Pix,2026-10-24,thiago.alves1748@email.com,11999991748
1749,Pedro Oliveira,62,Jundiai,SP,NINJA 400,KAWASAKI,Esportiva,2023,33313.0,Moto Center Jundiai,Jundiai,Maria Oliveira,CANCELADA,Financiamento,2026-04-20,pedro.oliveira1749@email.com,11999991749
1750,Fernanda Alves,37,Vinhedo,SP,CB 500F,HONDA,Naked,2024,45277.0,Moto Center Vinhedo,Vinhedo,Maria Oliveira,AGENDADA,Cartão,2026-03-18,fernanda.alves1750@email.com,11999991750
1751,Marcos Pereira,68,Jundiai,SP,PCX 160,HONDA,Scooter,2025,22743.0,Moto Center Jundiai,Jundiai,Joao Silva,AGENDADA,Pix,2026-05-28,marcos.pereira1751@email.com,11999991751
1752,Mariana Silva,46,Campinas,SP,MT-07,YAMAHA,Naked,2024,47896.0,Moto Center Campinas,Campinas,Pedro Souza,AGENDADA,Pix,2026-06-26,mariana.silva1752@email.com,11999991752
1753,Juliana Costa,70,Valinhos,SP,PCX 160,HONDA,Scooter,2025,21186.0,Moto Center Valinhos,Valinhos,Maria Oliveira,AGENDADA,Financiamento,2026-07-08,juliana.costa1753@email.com,11999991753
1754,Renata Costa,55,Jundiai,SP,VERSYS 650,KAWASAKI,Trail,2024,50980.0,Moto Center Jundiai,Jundiai,Pedro Souza,CONCLUIDA,Financiamento,2026-10-15,renata.costa1754@email.com,11999991754
1755,Amanda Rodrigues,22,Valinhos,SP,CB 650R,HONDA,Naked,2024,52622.0,Moto Center Valinhos,Valinhos,Joao Silva,CONCLUIDA,Pix,2026-10-02,amanda.rodrigues1755@email.com,11999991755
1756,Lucas Ferreira,18,Jundiai,SP,VERSYS 650,KAWASAKI,Trail,2024,49621.0,Moto Center Jundiai,Jundiai,Carlos Santos,CANCELADA,Pix,2026-01-18,lucas.ferreira1756@email.com,11999991756
1757,Fernanda Alves,32,Jundiai,SP,CB 500F,HONDA,Naked,2024,44122.0,Moto Center Jundiai,Jundiai,Maria Oliveira,CONCLUIDA,Financiamento,2026-09-16,fernanda.alves1757@email.com,11999991757
1758,Thiago Alves,21,Valinhos,SP,PCX 160,HONDA,Scooter,2025,19552.0,Moto Center Valinhos,Valinhos,Joao Silva,AGENDADA,Financiamento,2026-06-04,thiago.alves1758@email.com,11999991758
1759,Carolina Gomes,44,Campinas,SP,MT-07,YAMAHA,Naked,2024,52939.0,Moto Center Campinas,Campinas,Carlos Santos,AGENDADA,Pix,2026-01-09,carolina.gomes1759@email.com,11999991759
1760,Fernanda Alves,55,Campinas,SP,MT-03,YAMAHA,Naked,2024,31786.0,Moto Center Campinas,Campinas,Pedro Souza,CANCELADA,Pix,2026-07-16,fernanda.alves1760@email.com,11999991760
1761,Carolina Gomes,68,Jundiai,SP,MT-03,YAMAHA,Naked,2024,33176.0,Moto Center Jundiai,Jundiai,Maria Oliveira,AGENDADA,Cartão,2026-06-09,carolina.gomes1761@email.com,11999991761
1762,Ana Souza,62,Campinas,SP,MT-03,YAMAHA,Naked,2024,32121.0,Moto Center Campinas,Campinas,Maria Oliveira,CANCELADA,Cartão,2026-04-25,ana.souza1762@email.com,11999991762
1763,Thiago Alves,64,Campinas,SP,MT-03,YAMAHA,Naked,2024,34835.0,Moto Center Campinas,Campinas,Joao Silva,AGENDADA,Financiamento,2026-06-15,thiago.alves1763@email.com,11999991763
1764,Diego Martins,63,Valinhos,SP,MT-07,YAMAHA,Naked,2024,50492.0,Moto Center Valinhos,Valinhos,Carlos Santos,AGENDADA,Pix,2026-12-16,diego.martins1764@email.com,11999991764
1765,Ana Souza,72,Vinhedo,SP,CB 650R,HONDA,Naked,2024,50101.0,Moto Center Vinhedo,Vinhedo,Joao Silva,CANCELADA,Financiamento,2026-01-18,ana.souza1765@email.com,11999991765
1766,Renata Costa,75,Campinas,SP,CB 500F,HONDA,Naked,2024,40739.0,Moto Center Campinas,Campinas,Joao Silva,CANCELADA,Financiamento,2026-09-23,renata.costa1766@email.com,11999991766
1767,Renata Costa,72,Jundiai,SP,PCX 160,HONDA,Scooter,2025,23599.0,Moto Center Jundiai,Jundiai,Pedro Souza,CANCELADA,Financiamento,2026-08-13,renata.costa1767@email.com,11999991767
1768,Pedro Oliveira,32,Valinhos,SP,NINJA 400,KAWASAKI,Esportiva,2023,38173.0,Moto Center Valinhos,Valinhos,Joao Silva,CANCELADA,Financiamento,2026-11-17,pedro.oliveira1768@email.com,11999991768
1769,Carolina Gomes,30,Campinas,SP,MT-03,YAMAHA,Naked,2024,32493.0,Moto Center Campinas,Campinas,Joao Silva,CONCLUIDA,Financiamento,2026-07-28,carolina.gomes1769@email.com,11999991769
1770,Juliana Costa,35,Valinhos,SP,PCX 160,HONDA,Scooter,2025,20225.0,Moto Center Valinhos,Valinhos,Pedro Souza,CONCLUIDA,Cartão,2026-02-04,juliana.costa1770@email.com,11999991770
1771,Diego Martins,63,Jundiai,SP,MT-03,YAMAHA,Naked,2024,31552.0,Moto Center Jundiai,Jundiai,Maria Oliveira,AGENDADA,Financiamento,2026-11-08,diego.martins1771@email.com,11999991771
1772,Pedro Oliveira,65,Vinhedo,SP,CB 500F,HONDA,Naked,2024,42979.0,Moto Center Vinhedo,Vinhedo,Joao Silva,AGENDADA,Financiamento,2026-09-06,pedro.oliveira1772@email.com,11999991772
1773,Diego Martins,56,Vinhedo,SP,MT-07,YAMAHA,Naked,2024,49262.0,Moto Center Vinhedo,Vinhedo,Pedro Souza,CANCELADA,Cartão,2026-07-02,diego.martins1773@email.com,11999991773
1774,Lucas Ferreira,28,Campinas,SP,NINJA 400,KAWASAKI,Esportiva,2023,38590.0,Moto Center Campinas,Campinas,Carlos Santos,CONCLUIDA,Cartão,2026-05-19,lucas.ferreira1774@email.com,11999991774
1775,Fernanda Alves,62,Campinas,SP,CB 650R,HONDA,Naked,2024,53183.0,Moto Center Campinas,Campinas,Carlos Santos,AGENDADA,Financiamento,2026-02-01,fernanda.alves1775@email.com,11999991775
1776,Thiago Alves,71,Vinhedo,SP,VERSYS 650,KAWASAKI,Trail,2024,50102.0,Moto Center Vinhedo,Vinhedo,Joao Silva,CANCELADA,Cartão,2026-12-23,thiago.alves1776@email.com,11999991776
1777,Juliana Costa,18,Valinhos,SP,CB 650R,HONDA,Naked,2024,49990.0,Moto Center Valinhos,Valinhos,Pedro Souza,CONCLUIDA,Financiamento,2026-03-27,juliana.costa1777@email.com,11999991777
1778,Juliana Costa,52,Campinas,SP,PCX 160,HONDA,Scooter,2025,21189.0,Moto Center Campinas,Campinas,Carlos Santos,AGENDADA,Financiamento,2026-07-20,juliana.costa1778@email.com,11999991778
1779,Carolina Gomes,57,Vinhedo,SP,CB 650R,HONDA,Naked,2024,52497.0,Moto Center Vinhedo,Vinhedo,Pedro Souza,AGENDADA,Pix,2026-06-14,carolina.gomes1779@email.com,11999991779
1780,Carlos Mendes,66,Campinas,SP,CB 650R,HONDA,Naked,2024,50569.0,Moto Center Campinas,Campinas,Maria Oliveira,CANCELADA,Financiamento,2026-01-21,carlos.mendes1780@email.com,11999991780
1781,Renata Costa,59,Valinhos,SP,CB 650R,HONDA,Naked,2024,52394.0,Moto Center Valinhos,Valinhos,Carlos Santos,CANCELADA,Pix,2026-08-09,renata.costa1781@email.com,11999991781
1782,Pedro Oliveira,23,Vinhedo,SP,PCX 160,HONDA,Scooter,2025,20620.0,Moto Center Vinhedo,Vinhedo,Maria Oliveira,CONCLUIDA,Financiamento,2026-07-22,pedro.oliveira1782@email.com,11999991782
1783,Lucas Ferreira,58,Campinas,SP,MT-07,YAMAHA,Naked,2024,49074.0,Moto Center Campinas,Campinas,Maria Oliveira,AGENDADA,Cartão,2026-05-02,lucas.ferreira1783@email.com,11999991783
1784,Joao Santos,23,Valinhos,SP,CB 500F,HONDA,Naked,2024,41102.0,Moto Center Valinhos,Valinhos,Maria Oliveira,CANCELADA,Cartão,2026-11-04,joão.santos1784@email.com,11999991784
1785,Joao Santos,20,Campinas,SP,PCX 160,HONDA,Scooter,2025,24203.0,Moto Center Campinas,Campinas,Carlos Santos,CANCELADA,Financiamento,2026-02-08,joão.santos1785@email.com,11999991785
1786,Carolina Gomes,37,Jundiai,SP,CB 650R,HONDA,Naked,2024,54433.0,Moto Center Jundiai,Jundiai,Pedro Souza,CONCLUIDA,Financiamento,2026-04-13,carolina.gomes1786@email.com,11999991786
1787,Thiago Alves,54,Valinhos,SP,CB 500F,HONDA,Naked,2024,39861.0,Moto Center Valinhos,Valinhos,Carlos Santos,CONCLUIDA,Pix,2026-08-12,thiago.alves1787@email.com,11999991787
1788,Thiago Alves,57,Vinhedo,SP,NINJA 400,KAWASAKI,Esportiva,2023,33141.0,Moto Center Vinhedo,Vinhedo,Joao Silva,AGENDADA,Cartão,2026-04-10,thiago.alves1788@email.com,11999991788
1789,Lucas Ferreira,59,Jundiai,SP,CB 650R,HONDA,Naked,2024,50743.0,Moto Center Jundiai,Jundiai,Carlos Santos,CONCLUIDA,Financiamento,2026-05-24,lucas.ferreira1789@email.com,11999991789
1790,Renata Costa,24,Campinas,SP,PCX 160,HONDA,Scooter,2025,23077.0,Moto Center Campinas,Campinas,Maria Oliveira,AGENDADA,Cartão,2026-12-16,renata.costa1790@email.com,11999991790
1791,Ana Souza,46,Jundiai,SP,CB 650R,HONDA,Naked,2024,51707.0,Moto Center Jundiai,Jundiai,Joao Silva,AGENDADA,Pix,2026-10-17,ana.souza1791@email.com,11999991791
1792,Bruno Lima,53,Jundiai,SP,CB 500F,HONDA,Naked,2024,43656.0,Moto Center Jundiai,Jundiai,Carlos Santos,CANCELADA,Pix,2026-12-25,bruno.lima1792@email.com,11999991792
1793,Joao Santos,48,Jundiai,SP,MT-07,YAMAHA,Naked,2024,52644.0,Moto Center Jundiai,Jundiai,Carlos Santos,CONCLUIDA,Cartão,2026-10-06,joão.santos1793@email.com,11999991793
1794,Thiago Alves,46,Jundiai,SP,CB 650R,HONDA,Naked,2024,50862.0,Moto Center Jundiai,Jundiai,Carlos Santos,AGENDADA,Pix,2026-01-07,thiago.alves1794@email.com,11999991794
1795,Ana Souza,46,Campinas,SP,CB 500F,HONDA,Naked,2024,40555.0,Moto Center Campinas,Campinas,Pedro Souza,CANCELADA,Financiamento,2026-03-03,ana.souza1795@email.com,11999991795
1796,Joao Santos,55,Vinhedo,SP,MT-03,YAMAHA,Naked,2024,32076.0,Moto Center Vinhedo,Vinhedo,Joao Silva,AGENDADA,Financiamento,2026-12-28,joão.santos1796@email.com,11999991796
1797,Pedro Oliveira,60,Campinas,SP,VERSYS 650,KAWASAKI,Trail,2024,51735.0,Moto Center Campinas,Campinas,Carlos Santos,AGENDADA,Financiamento,2026-12-10,pedro.oliveira1797@email.com,11999991797
1798,Amanda Rodrigues,33,Campinas,SP,NINJA 400,KAWASAKI,Esportiva,2023,37086.0,Moto Center Campinas,Campinas,Joao Silva,AGENDADA,Financiamento,2026-01-14,amanda.rodrigues1798@email.com,11999991798
1799,Renata Costa,53,Campinas,SP,VERSYS 650,KAWASAKI,Trail,2024,49537.0,Moto Center Campinas,Campinas,Carlos Santos,AGENDADA,Cartão,2026-04-17,renata.costa1799@email.com,11999991799
1800,Carlos Mendes,61,Vinhedo,SP,MT-07,YAMAHA,Naked,2024,47623.0,Moto Center Vinhedo,Vinhedo,Maria Oliveira,CANCELADA,Cartão,2026-12-26,carlos.mendes1800@email.com,11999991800
1801,Pedro Oliveira,67,Campinas,SP,VERSYS 650,KAWASAKI,Trail,2024,51474.0,Moto Center Campinas,Campinas,Pedro Souza,CANCELADA,Cartão,2026-12-08,pedro.oliveira1801@email.com,11999991801
1802,Bruno Lima,32,Valinhos,SP,MT-07,YAMAHA,Naked,2024,47368.0,Moto Center Valinhos,Valinhos,Maria Oliveira,CANCELADA,Cartão,2026-08-24,bruno.lima1802@email.com,11999991802
1803,Ana Souza,21,Campinas,SP,NINJA 400,KAWASAKI,Esportiva,2023,36734.0,Moto Center Campinas,Campinas,Carlos Santos,CANCELADA,Financiamento,2026-11-21,ana.souza1803@email.com,11999991803
1804,Fernanda Alves,49,Jundiai,SP,PCX 160,HONDA,Scooter,2025,21563.0,Moto Center Jundiai,Jundiai,Pedro Souza,AGENDADA,Financiamento,2026-01-27,fernanda.alves1804@email.com,11999991804
1805,Pedro Oliveira,32,Vinhedo,SP,VERSYS 650,KAWASAKI,Trail,2024,51021.0,Moto Center Vinhedo,Vinhedo,Carlos Santos,CONCLUIDA,Financiamento,2026-07-19,pedro.oliveira1805@email.com,11999991805
1806,Fernanda Alves,36,Valinhos,SP,CB 500F,HONDA,Naked,2024,44495.0,Moto Center Valinhos,Valinhos,Joao Silva,CONCLUIDA,Pix,2026-03-20,fernanda.alves1806@email.com,11999991806
1807,Diego Martins,43,Vinhedo,SP,MT-07,YAMAHA,Naked,2024,51259.0,Moto Center Vinhedo,Vinhedo,Joao Silva,CANCELADA,Financiamento,2026-06-19,diego.martins1807@email.com,11999991807
1808,Diego Martins,28,Jundiai,SP,MT-07,YAMAHA,Naked,2024,48253.0,Moto Center Jundiai,Jundiai,Joao Silva,CONCLUIDA,Financiamento,2026-03-07,diego.martins1808@email.com,11999991808
1809,Marcos Pereira,40,Jundiai,SP,MT-03,YAMAHA,Naked,2024,34969.0,Moto Center Jundiai,Jundiai,Pedro Souza,AGENDADA,Cartão,2026-03-18,marcos.pereira1809@email.com,11999991809
1810,Mariana Silva,57,Jundiai,SP,MT-03,YAMAHA,Naked,2024,32151.0,Moto Center Jundiai,Jundiai,Maria Oliveira,CONCLUIDA,Financiamento,2026-10-09,mariana.silva1810@email.com,11999991810
1811,Diego Martins,21,Vinhedo,SP,CB 650R,HONDA,Naked,2024,50486.0,Moto Center Vinhedo,Vinhedo,Maria Oliveira,AGENDADA,Pix,2026-10-15,diego.martins1811@email.com,11999991811
1812,Carlos Mendes,26,Vinhedo,SP,CB 650R,HONDA,Naked,2024,54603.0,Moto Center Vinhedo,Vinhedo,Maria Oliveira,AGENDADA,Pix,2026-01-12,carlos.mendes1812@email.com,11999991812
1813,Renata Costa,52,Campinas,SP,CB 650R,HONDA,Naked,2024,55480.0,Moto Center Campinas,Campinas,Pedro Souza,CANCELADA,Financiamento,2026-09-08,renata.costa1813@email.com,11999991813
1814,Renata Costa,23,Jundiai,SP,NINJA 400,KAWASAKI,Esportiva,2023,38799.0,Moto Center Jundiai,Jundiai,Pedro Souza,CANCELADA,Cartão,2026-07-02,renata.costa1814@email.com,11999991814
1815,Diego Martins,54,Jundiai,SP,MT-07,YAMAHA,Naked,2024,51495.0,Moto Center Jundiai,Jundiai,Maria Oliveira,AGENDADA,Cartão,2026-02-01,diego.martins1815@email.com,11999991815
1816,Lucas Ferreira,46,Vinhedo,SP,VERSYS 650,KAWASAKI,Trail,2024,49611.0,Moto Center Vinhedo,Vinhedo,Maria Oliveira,AGENDADA,Pix,2026-09-27,lucas.ferreira1816@email.com,11999991816
1817,Ana Souza,45,Vinhedo,SP,CB 650R,HONDA,Naked,2024,54817.0,Moto Center Vinhedo,Vinhedo,Pedro Souza,AGENDADA,Cartão,2026-06-05,ana.souza1817@email.com,11999991817
1818,Juliana Costa,20,Valinhos,SP,NINJA 400,KAWASAKI,Esportiva,2023,36335.0,Moto Center Valinhos,Valinhos,Maria Oliveira,CONCLUIDA,Pix,2026-05-26,juliana.costa1818@email.com,11999991818
1819,Juliana Costa,39,Valinhos,SP,CB 650R,HONDA,Naked,2024,55450.0,Moto Center Valinhos,Valinhos,Carlos Santos,AGENDADA,Cartão,2026-05-11,juliana.costa1819@email.com,11999991819
1820,Carolina Gomes,56,Vinhedo,SP,VERSYS 650,KAWASAKI,Trail,2024,52470.0,Moto Center Vinhedo,Vinhedo,Pedro Souza,AGENDADA,Pix,2026-06-23,carolina.gomes1820@email.com,11999991820
1821,Marcos Pereira,33,Valinhos,SP,MT-07,YAMAHA,Naked,2024,52628.0,Moto Center Valinhos,Valinhos,Carlos Santos,CANCELADA,Financiamento,2026-08-24,marcos.pereira1821@email.com,11999991821
1822,Pedro Oliveira,46,Vinhedo,SP,CB 650R,HONDA,Naked,2024,50571.0,Moto Center Vinhedo,Vinhedo,Pedro Souza,CANCELADA,Cartão,2026-01-18,pedro.oliveira1822@email.com,11999991822
1823,Carlos Mendes,60,Campinas,SP,MT-07,YAMAHA,Naked,2024,48600.0,Moto Center Campinas,Campinas,Joao Silva,AGENDADA,Pix,2026-01-06,carlos.mendes1823@email.com,11999991823
1824,Pedro Oliveira,58,Jundiai,SP,PCX 160,HONDA,Scooter,2025,22067.0,Moto Center Jundiai,Jundiai,Maria Oliveira,CANCELADA,Cartão,2026-01-03,pedro.oliveira1824@email.com,11999991824
1825,Renata Costa,35,Jundiai,SP,VERSYS 650,KAWASAKI,Trail,2024,47264.0,Moto Center Jundiai,Jundiai,Joao Silva,CONCLUIDA,Financiamento,2026-04-16,renata.costa1825@email.com,11999991825
1826,Lucas Ferreira,45,Valinhos,SP,CB 500F,HONDA,Naked,2024,39870.0,Moto Center Valinhos,Valinhos,Maria Oliveira,AGENDADA,Financiamento,2026-02-15,lucas.ferreira1826@email.com,11999991826
1827,Joao Santos,72,Vinhedo,SP,MT-03,YAMAHA,Naked,2024,31088.0,Moto Center Vinhedo,Vinhedo,Joao Silva,CANCELADA,Cartão,2026-06-13,joão.santos1827@email.com,11999991827
1828,Joao Santos,57,Valinhos,SP,CB 500F,HONDA,Naked,2024,43674.0,Moto Center Valinhos,Valinhos,Joao Silva,CONCLUIDA,Financiamento,2026-11-18,joão.santos1828@email.com,11999991828
1829,Fernanda Alves,57,Valinhos,SP,VERSYS 650,KAWASAKI,Trail,2024,52421.0,Moto Center Valinhos,Valinhos,Joao Silva,AGENDADA,Financiamento,2026-02-11,fernanda.alves1829@email.com,11999991829
1830,Marcos Pereira,43,Vinhedo,SP,MT-03,YAMAHA,Naked,2024,29518.0,Moto Center Vinhedo,Vinhedo,Carlos Santos,CONCLUIDA,Cartão,2026-04-22,marcos.pereira1830@email.com,11999991830
1831,Ana Souza,49,Jundiai,SP,PCX 160,HONDA,Scooter,2025,20111.0,Moto Center Jundiai,Jundiai,Maria Oliveira,CONCLUIDA,Cartão,2026-08-25,ana.souza1831@email.com,11999991831
1832,Carlos Mendes,36,Valinhos,SP,CB 650R,HONDA,Naked,2024,51043.0,Moto Center Valinhos,Valinhos,Maria Oliveira,CANCELADA,Cartão,2026-09-21,carlos.mendes1832@email.com,11999991832
1833,Joao Santos,48,Valinhos,SP,VERSYS 650,KAWASAKI,Trail,2024,52728.0,Moto Center Valinhos,Valinhos,Joao Silva,CONCLUIDA,Pix,2026-12-11,joão.santos1833@email.com,11999991833
1834,Joao Santos,40,Valinhos,SP,VERSYS 650,KAWASAKI,Trail,2024,50074.0,Moto Center Valinhos,Valinhos,Joao Silva,AGENDADA,Financiamento,2026-06-13,joão.santos1834@email.com,11999991834
1835,Lucas Ferreira,37,Valinhos,SP,CB 650R,HONDA,Naked,2024,53444.0,Moto Center Valinhos,Valinhos,Carlos Santos,CANCELADA,Cartão,2026-05-12,lucas.ferreira1835@email.com,11999991835
1836,Carlos Mendes,29,Vinhedo,SP,MT-07,YAMAHA,Naked,2024,50162.0,Moto Center Vinhedo,Vinhedo,Maria Oliveira,CANCELADA,Cartão,2026-03-27,carlos.mendes1836@email.com,11999991836
1837,Diego Martins,63,Valinhos,SP,CB 650R,HONDA,Naked,2024,51286.0,Moto Center Valinhos,Valinhos,Pedro Souza,CONCLUIDA,Cartão,2026-10-21,diego.martins1837@email.com,11999991837
1838,Joao Santos,21,Valinhos,SP,MT-07,YAMAHA,Naked,2024,51367.0,Moto Center Valinhos,Valinhos,Carlos Santos,AGENDADA,Cartão,2026-08-15,joão.santos1838@email.com,11999991838
1839,Diego Martins,24,Vinhedo,SP,CB 650R,HONDA,Naked,2024,54953.0,Moto Center Vinhedo,Vinhedo,Joao Silva,CONCLUIDA,Pix,2026-08-25,diego.martins1839@email.com,11999991839
1840,Amanda Rodrigues,57,Campinas,SP,CB 500F,HONDA,Naked,2024,43269.0,Moto Center Campinas,Campinas,Joao Silva,AGENDADA,Financiamento,2026-07-03,amanda.rodrigues1840@email.com,11999991840
1841,Joao Santos,70,Jundiai,SP,CB 500F,HONDA,Naked,2024,44545.0,Moto Center Jundiai,Jundiai,Maria Oliveira,CONCLUIDA,Financiamento,2026-06-17,joão.santos1841@email.com,11999991841
1842,Joao Santos,46,Jundiai,SP,CB 500F,HONDA,Naked,2024,43293.0,Moto Center Jundiai,Jundiai,Carlos Santos,AGENDADA,Financiamento,2026-12-24,joão.santos1842@email.com,11999991842
1843,Lucas Ferreira,46,Valinhos,SP,CB 500F,HONDA,Naked,2024,44996.0,Moto Center Valinhos,Valinhos,Maria Oliveira,CANCELADA,Pix,2026-12-28,lucas.ferreira1843@email.com,11999991843
1844,Ana Souza,32,Valinhos,SP,CB 500F,HONDA,Naked,2024,43808.0,Moto Center Valinhos,Valinhos,Pedro Souza,AGENDADA,Financiamento,2026-05-04,ana.souza1844@email.com,11999991844
1845,Amanda Rodrigues,23,Jundiai,SP,PCX 160,HONDA,Scooter,2025,23306.0,Moto Center Jundiai,Jundiai,Pedro Souza,AGENDADA,Pix,2026-02-16,amanda.rodrigues1845@email.com,11999991845
1846,Pedro Oliveira,26,Campinas,SP,CB 500F,HONDA,Naked,2024,43723.0,Moto Center Campinas,Campinas,Joao Silva,CANCELADA,Pix,2026-09-27,pedro.oliveira1846@email.com,11999991846
1847,Mariana Silva,21,Vinhedo,SP,NINJA 400,KAWASAKI,Esportiva,2023,33401.0,Moto Center Vinhedo,Vinhedo,Maria Oliveira,CONCLUIDA,Pix,2026-02-01,mariana.silva1847@email.com,11999991847
1848,Juliana Costa,19,Vinhedo,SP,VERSYS 650,KAWASAKI,Trail,2024,47322.0,Moto Center Vinhedo,Vinhedo,Pedro Souza,CONCLUIDA,Cartão,2026-07-21,juliana.costa1848@email.com,11999991848
1849,Diego Martins,41,Jundiai,SP,VERSYS 650,KAWASAKI,Trail,2024,49552.0,Moto Center Jundiai,Jundiai,Maria Oliveira,AGENDADA,Pix,2026-10-10,diego.martins1849@email.com,11999991849
1850,Amanda Rodrigues,65,Jundiai,SP,CB 650R,HONDA,Naked,2024,55521.0,Moto Center Jundiai,Jundiai,Carlos Santos,AGENDADA,Cartão,2026-03-25,amanda.rodrigues1850@email.com,11999991850
1851,Thiago Alves,29,Campinas,SP,MT-03,YAMAHA,Naked,2024,34491.0,Moto Center Campinas,Campinas,Carlos Santos,AGENDADA,Pix,2026-08-01,thiago.alves1851@email.com,11999991851
1852,Marcos Pereira,58,Jundiai,SP,MT-03,YAMAHA,Naked,2024,32783.0,Moto Center Jundiai,Jundiai,Pedro Souza,CONCLUIDA,Cartão,2026-12-27,marcos.pereira1852@email.com,11999991852
1853,Renata Costa,21,Valinhos,SP,MT-03,YAMAHA,Naked,2024,33153.0,Moto Center Valinhos,Valinhos,Carlos Santos,AGENDADA,Pix,2026-07-08,renata.costa1853@email.com,11999991853
1854,Thiago Alves,24,Jundiai,SP,VERSYS 650,KAWASAKI,Trail,2024,49657.0,Moto Center Jundiai,Jundiai,Joao Silva,CANCELADA,Financiamento,2026-03-03,thiago.alves1854@email.com,11999991854
1855,Juliana Costa,50,Vinhedo,SP,CB 650R,HONDA,Naked,2024,51134.0,Moto Center Vinhedo,Vinhedo,Joao Silva,CONCLUIDA,Cartão,2026-05-02,juliana.costa1855@email.com,11999991855
1856,Thiago Alves,46,Jundiai,SP,MT-07,YAMAHA,Naked,2024,49097.0,Moto Center Jundiai,Jundiai,Carlos Santos,AGENDADA,Cartão,2026-12-25,thiago.alves1856@email.com,11999991856
1857,Lucas Ferreira,32,Valinhos,SP,PCX 160,HONDA,Scooter,2025,23757.0,Moto Center Valinhos,Valinhos,Maria Oliveira,AGENDADA,Pix,2026-02-11,lucas.ferreira1857@email.com,11999991857
1858,Pedro Oliveira,59,Campinas,SP,CB 500F,HONDA,Naked,2024,39785.0,Moto Center Campinas,Campinas,Pedro Souza,AGENDADA,Pix,2026-11-06,pedro.oliveira1858@email.com,11999991858
1859,Lucas Ferreira,25,Vinhedo,SP,MT-03,YAMAHA,Naked,2024,30918.0,Moto Center Vinhedo,Vinhedo,Pedro Souza,CANCELADA,Cartão,2026-11-16,lucas.ferreira1859@email.com,11999991859
1860,Carolina Gomes,32,Jundiai,SP,CB 650R,HONDA,Naked,2024,51803.0,Moto Center Jundiai,Jundiai,Pedro Souza,CANCELADA,Cartão,2026-10-13,carolina.gomes1860@email.com,11999991860
1861,Renata Costa,21,Valinhos,SP,MT-07,YAMAHA,Naked,2024,48148.0,Moto Center Valinhos,Valinhos,Carlos Santos,CANCELADA,Pix,2026-08-22,renata.costa1861@email.com,11999991861
1862,Joao Santos,58,Vinhedo,SP,VERSYS 650,KAWASAKI,Trail,2024,46935.0,Moto Center Vinhedo,Vinhedo,Carlos Santos,CONCLUIDA,Financiamento,2026-02-15,joão.santos1862@email.com,11999991862
1863,Bruno Lima,36,Campinas,SP,CB 650R,HONDA,Naked,2024,51368.0,Moto Center Campinas,Campinas,Pedro Souza,CANCELADA,Cartão,2026-10-28,bruno.lima1863@email.com,11999991863
1864,Amanda Rodrigues,27,Vinhedo,SP,MT-07,YAMAHA,Naked,2024,48638.0,Moto Center Vinhedo,Vinhedo,Joao Silva,AGENDADA,Financiamento,2026-03-10,amanda.rodrigues1864@email.com,11999991864
1865,Amanda Rodrigues,68,Jundiai,SP,MT-07,YAMAHA,Naked,2024,49600.0,Moto Center Jundiai,Jundiai,Pedro Souza,CONCLUIDA,Cartão,2026-09-06,amanda.rodrigues1865@email.com,11999991865
1866,Diego Martins,46,Campinas,SP,CB 650R,HONDA,Naked,2024,54671.0,Moto Center Campinas,Campinas,Carlos Santos,AGENDADA,Cartão,2026-12-28,diego.martins1866@email.com,11999991866
1867,Marcos Pereira,46,Valinhos,SP,CB 650R,HONDA,Naked,2024,55483.0,Moto Center Valinhos,Valinhos,Pedro Souza,CANCELADA,Pix,2026-11-08,marcos.pereira1867@email.com,11999991867
1868,Joao Santos,74,Valinhos,SP,MT-03,YAMAHA,Naked,2024,34463.0,Moto Center Valinhos,Valinhos,Maria Oliveira,CANCELADA,Financiamento,2026-07-15,joão.santos1868@email.com,11999991868
1869,Thiago Alves,73,Valinhos,SP,MT-03,YAMAHA,Naked,2024,29587.0,Moto Center Valinhos,Valinhos,Pedro Souza,CANCELADA,Financiamento,2026-01-24,thiago.alves1869@email.com,11999991869
1870,Joao Santos,46,Valinhos,SP,NINJA 400,KAWASAKI,Esportiva,2023,34866.0,Moto Center Valinhos,Valinhos,Pedro Souza,AGENDADA,Cartão,2026-02-22,joão.santos1870@email.com,11999991870
1871,Fernanda Alves,49,Campinas,SP,CB 650R,HONDA,Naked,2024,54021.0,Moto Center Campinas,Campinas,Joao Silva,CONCLUIDA,Pix,2026-08-28,fernanda.alves1871@email.com,11999991871
1872,Carolina Gomes,29,Jundiai,SP,PCX 160,HONDA,Scooter,2025,23478.0,Moto Center Jundiai,Jundiai,Joao Silva,CANCELADA,Cartão,2026-12-14,carolina.gomes1872@email.com,11999991872
1873,Pedro Oliveira,53,Valinhos,SP,CB 500F,HONDA,Naked,2024,41540.0,Moto Center Valinhos,Valinhos,Maria Oliveira,AGENDADA,Cartão,2026-11-18,pedro.oliveira1873@email.com,11999991873
1874,Mariana Silva,26,Valinhos,SP,MT-03,YAMAHA,Naked,2024,34470.0,Moto Center Valinhos,Valinhos,Joao Silva,AGENDADA,Pix,2026-07-16,mariana.silva1874@email.com,11999991874
1875,Juliana Costa,28,Campinas,SP,NINJA 400,KAWASAKI,Esportiva,2023,37734.0,Moto Center Campinas,Campinas,Joao Silva,CONCLUIDA,Pix,2026-03-16,juliana.costa1875@email.com,11999991875
1876,Carolina Gomes,49,Vinhedo,SP,NINJA 400,KAWASAKI,Esportiva,2023,36874.0,Moto Center Vinhedo,Vinhedo,Carlos Santos,CANCELADA,Pix,2026-01-11,carolina.gomes1876@email.com,11999991876
1877,Fernanda Alves,57,Valinhos,SP,MT-03,YAMAHA,Naked,2024,32003.0,Moto Center Valinhos,Valinhos,Carlos Santos,CANCELADA,Financiamento,2026-09-14,fernanda.alves1877@email.com,11999991877
1878,Diego Martins,65,Jundiai,SP,VERSYS 650,KAWASAKI,Trail,2024,50368.0,Moto Center Jundiai,Jundiai,Pedro Souza,AGENDADA,Financiamento,2026-10-11,diego.martins1878@email.com,11999991878
1879,Lucas Ferreira,36,Vinhedo,SP,NINJA 400,KAWASAKI,Esportiva,2023,38522.0,Moto Center Vinhedo,Vinhedo,Pedro Souza,CANCELADA,Pix,2026-05-01,lucas.ferreira1879@email.com,11999991879
1880,Marcos Pereira,24,Jundiai,SP,CB 500F,HONDA,Naked,2024,40877.0,Moto Center Jundiai,Jundiai,Joao Silva,CANCELADA,Financiamento,2026-04-11,marcos.pereira1880@email.com,11999991880
1881,Juliana Costa,52,Vinhedo,SP,CB 650R,HONDA,Naked,2024,55064.0,Moto Center Vinhedo,Vinhedo,Maria Oliveira,CONCLUIDA,Financiamento,2026-02-27,juliana.costa1881@email.com,11999991881
1882,Diego Martins,71,Jundiai,SP,PCX 160,HONDA,Scooter,2025,20234.0,Moto Center Jundiai,Jundiai,Maria Oliveira,AGENDADA,Cartão,2026-03-23,diego.martins1882@email.com,11999991882
1883,Joao Santos,73,Jundiai,SP,CB 500F,HONDA,Naked,2024,39594.0,Moto Center Jundiai,Jundiai,Carlos Santos,CANCELADA,Cartão,2026-06-16,joão.santos1883@email.com,11999991883
1884,Pedro Oliveira,67,Jundiai,SP,CB 650R,HONDA,Naked,2024,53272.0,Moto Center Jundiai,Jundiai,Pedro Souza,AGENDADA,Financiamento,2026-09-22,pedro.oliveira1884@email.com,11999991884
1885,Renata Costa,27,Vinhedo,SP,CB 650R,HONDA,Naked,2024,54945.0,Moto Center Vinhedo,Vinhedo,Carlos Santos,AGENDADA,Cartão,2026-02-11,renata.costa1885@email.com,11999991885
1886,Mariana Silva,74,Vinhedo,SP,VERSYS 650,KAWASAKI,Trail,2024,47143.0,Moto Center Vinhedo,Vinhedo,Maria Oliveira,CANCELADA,Financiamento,2026-05-12,mariana.silva1886@email.com,11999991886
1887,Marcos Pereira,21,Campinas,SP,CB 500F,HONDA,Naked,2024,41965.0,Moto Center Campinas,Campinas,Pedro Souza,CANCELADA,Financiamento,2026-10-13,marcos.pereira1887@email.com,11999991887
1888,Renata Costa,34,Vinhedo,SP,PCX 160,HONDA,Scooter,2025,19494.0,Moto Center Vinhedo,Vinhedo,Maria Oliveira,AGENDADA,Pix,2026-03-12,renata.costa1888@email.com,11999991888
1889,Carlos Mendes,26,Vinhedo,SP,CB 500F,HONDA,Naked,2024,42513.0,Moto Center Vinhedo,Vinhedo,Carlos Santos,CONCLUIDA,Cartão,2026-06-17,carlos.mendes1889@email.com,11999991889
1890,Renata Costa,53,Campinas,SP,MT-07,YAMAHA,Naked,2024,51006.0,Moto Center Campinas,Campinas,Joao Silva,AGENDADA,Cartão,2026-03-04,renata.costa1890@email.com,11999991890
1891,Mariana Silva,50,Jundiai,SP,NINJA 400,KAWASAKI,Esportiva,2023,36779.0,Moto Center Jundiai,Jundiai,Joao Silva,CONCLUIDA,Cartão,2026-03-05,mariana.silva1891@email.com,11999991891
1892,Ana Souza,68,Valinhos,SP,CB 650R,HONDA,Naked,2024,54714.0,Moto Center Valinhos,Valinhos,Pedro Souza,CANCELADA,Financiamento,2026-01-16,ana.souza1892@email.com,11999991892
1893,Carolina Gomes,58,Valinhos,SP,MT-07,YAMAHA,Naked,2024,51802.0,Moto Center Valinhos,Valinhos,Pedro Souza,CONCLUIDA,Cartão,2026-08-22,carolina.gomes1893@email.com,11999991893
1894,Amanda Rodrigues,51,Valinhos,SP,VERSYS 650,KAWASAKI,Trail,2024,47953.0,Moto Center Valinhos,Valinhos,Joao Silva,CANCELADA,Cartão,2026-05-07,amanda.rodrigues1894@email.com,11999991894
1895,Marcos Pereira,46,Jundiai,SP,CB 650R,HONDA,Naked,2024,51338.0,Moto Center Jundiai,Jundiai,Carlos Santos,AGENDADA,Financiamento,2026-10-28,marcos.pereira1895@email.com,11999991895
1896,Bruno Lima,66,Valinhos,SP,CB 650R,HONDA,Naked,2024,54755.0,Moto Center Valinhos,Valinhos,Pedro Souza,CONCLUIDA,Cartão,2026-12-08,bruno.lima1896@email.com,11999991896
1897,Juliana Costa,65,Vinhedo,SP,PCX 160,HONDA,Scooter,2025,22418.0,Moto Center Vinhedo,Vinhedo,Maria Oliveira,CONCLUIDA,Financiamento,2026-08-10,juliana.costa1897@email.com,11999991897
1898,Lucas Ferreira,56,Campinas,SP,VERSYS 650,KAWASAKI,Trail,2024,49063.0,Moto Center Campinas,Campinas,Carlos Santos,AGENDADA,Cartão,2026-06-05,lucas.ferreira1898@email.com,11999991898
1899,Renata Costa,23,Campinas,SP,MT-07,YAMAHA,Naked,2024,49414.0,Moto Center Campinas,Campinas,Carlos Santos,CANCELADA,Cartão,2026-01-10,renata.costa1899@email.com,11999991899
1900,Renata Costa,41,Jundiai,SP,NINJA 400,KAWASAKI,Esportiva,2023,37628.0,Moto Center Jundiai,Jundiai,Carlos Santos,AGENDADA,Financiamento,2026-06-25,renata.costa1900@email.com,11999991900
1901,Joao Santos,63,Vinhedo,SP,MT-07,YAMAHA,Naked,2024,51360.0,Moto Center Vinhedo,Vinhedo,Joao Silva,CANCELADA,Financiamento,2026-08-16,joão.santos1901@email.com,11999991901
1902,Marcos Pereira,25,Jundiai,SP,NINJA 400,KAWASAKI,Esportiva,2023,35611.0,Moto Center Jundiai,Jundiai,Joao Silva,AGENDADA,Cartão,2026-01-27,marcos.pereira1902@email.com,11999991902
1903,Renata Costa,30,Campinas,SP,NINJA 400,KAWASAKI,Esportiva,2023,33860.0,Moto Center Campinas,Campinas,Maria Oliveira,CANCELADA,Financiamento,2026-09-24,renata.costa1903@email.com,11999991903
1904,Juliana Costa,63,Jundiai,SP,PCX 160,HONDA,Scooter,2025,24334.0,Moto Center Jundiai,Jundiai,Pedro Souza,CANCELADA,Cartão,2026-06-18,juliana.costa1904@email.com,11999991904
1905,Marcos Pereira,50,Valinhos,SP,MT-07,YAMAHA,Naked,2024,52173.0,Moto Center Valinhos,Valinhos,Carlos Santos,CANCELADA,Financiamento,2026-09-12,marcos.pereira1905@email.com,11999991905
1906,Diego Martins,59,Valinhos,SP,NINJA 400,KAWASAKI,Esportiva,2023,33949.0,Moto Center Valinhos,Valinhos,Maria Oliveira,CONCLUIDA,Cartão,2026-05-24,diego.martins1906@email.com,11999991906
1907,Carolina Gomes,46,Campinas,SP,NINJA 400,KAWASAKI,Esportiva,2023,33238.0,Moto Center Campinas,Campinas,Carlos Santos,CANCELADA,Financiamento,2026-03-12,carolina.gomes1907@email.com,11999991907
1908,Bruno Lima,74,Campinas,SP,CB 650R,HONDA,Naked,2024,52940.0,Moto Center Campinas,Campinas,Pedro Souza,CONCLUIDA,Pix,2026-08-17,bruno.lima1908@email.com,11999991908
1909,Juliana Costa,54,Jundiai,SP,NINJA 400,KAWASAKI,Esportiva,2023,36759.0,Moto Center Jundiai,Jundiai,Carlos Santos,CONCLUIDA,Pix,2026-06-15,juliana.costa1909@email.com,11999991909
1910,Amanda Rodrigues,75,Valinhos,SP,PCX 160,HONDA,Scooter,2025,23869.0,Moto Center Valinhos,Valinhos,Joao Silva,CONCLUIDA,Financiamento,2026-05-19,amanda.rodrigues1910@email.com,11999991910
1911,Pedro Oliveira,23,Campinas,SP,CB 650R,HONDA,Naked,2024,53355.0,Moto Center Campinas,Campinas,Carlos Santos,CONCLUIDA,Pix,2026-01-21,pedro.oliveira1911@email.com,11999991911
1912,Joao Santos,46,Valinhos,SP,NINJA 400,KAWASAKI,Esportiva,2023,33028.0,Moto Center Valinhos,Valinhos,Maria Oliveira,AGENDADA,Pix,2026-04-22,joão.santos1912@email.com,11999991912
1913,Bruno Lima,56,Valinhos,SP,MT-03,YAMAHA,Naked,2024,34367.0,Moto Center Valinhos,Valinhos,Joao Silva,AGENDADA,Cartão,2026-12-17,bruno.lima1913@email.com,11999991913
1914,Joao Santos,26,Campinas,SP,NINJA 400,KAWASAKI,Esportiva,2023,36985.0,Moto Center Campinas,Campinas,Joao Silva,AGENDADA,Cartão,2026-02-23,joão.santos1914@email.com,11999991914
1915,Renata Costa,24,Valinhos,SP,VERSYS 650,KAWASAKI,Trail,2024,52067.0,Moto Center Valinhos,Valinhos,Carlos Santos,CONCLUIDA,Cartão,2026-03-06,renata.costa1915@email.com,11999991915
1916,Joao Santos,36,Jundiai,SP,CB 500F,HONDA,Naked,2024,44581.0,Moto Center Jundiai,Jundiai,Pedro Souza,CONCLUIDA,Pix,2026-11-28,joão.santos1916@email.com,11999991916
1917,Lucas Ferreira,24,Vinhedo,SP,CB 650R,HONDA,Naked,2024,51397.0,Moto Center Vinhedo,Vinhedo,Carlos Santos,CANCELADA,Pix,2026-05-14,lucas.ferreira1917@email.com,11999991917
1918,Amanda Rodrigues,28,Jundiai,SP,CB 650R,HONDA,Naked,2024,53003.0,Moto Center Jundiai,Jundiai,Maria Oliveira,CONCLUIDA,Financiamento,2026-08-22,amanda.rodrigues1918@email.com,11999991918
1919,Thiago Alves,62,Vinhedo,SP,MT-07,YAMAHA,Naked,2024,52297.0,Moto Center Vinhedo,Vinhedo,Pedro Souza,CONCLUIDA,Financiamento,2026-02-21,thiago.alves1919@email.com,11999991919
1920,Juliana Costa,20,Vinhedo,SP,MT-07,YAMAHA,Naked,2024,48695.0,Moto Center Vinhedo,Vinhedo,Carlos Santos,CANCELADA,Cartão,2026-07-17,juliana.costa1920@email.com,11999991920
1921,Amanda Rodrigues,23,Jundiai,SP,MT-07,YAMAHA,Naked,2024,47146.0,Moto Center Jundiai,Jundiai,Joao Silva,AGENDADA,Pix,2026-05-27,amanda.rodrigues1921@email.com,11999991921
1922,Bruno Lima,32,Valinhos,SP,CB 500F,HONDA,Naked,2024,43118.0,Moto Center Valinhos,Valinhos,Carlos Santos,AGENDADA,Cartão,2026-10-26,bruno.lima1922@email.com,11999991922
1923,Fernanda Alves,21,Jundiai,SP,CB 650R,HONDA,Naked,2024,55711.0,Moto Center Jundiai,Jundiai,Carlos Santos,CONCLUIDA,Pix,2026-07-07,fernanda.alves1923@email.com,11999991923
1924,Bruno Lima,41,Vinhedo,SP,NINJA 400,KAWASAKI,Esportiva,2023,36416.0,Moto Center Vinhedo,Vinhedo,Carlos Santos,AGENDADA,Cartão,2026-10-23,bruno.lima1924@email.com,11999991924
1925,Marcos Pereira,24,Jundiai,SP,CB 650R,HONDA,Naked,2024,50703.0,Moto Center Jundiai,Jundiai,Maria Oliveira,AGENDADA,Pix,2026-12-23,marcos.pereira1925@email.com,11999991925
1926,Bruno Lima,20,Vinhedo,SP,NINJA 400,KAWASAKI,Esportiva,2023,37477.0,Moto Center Vinhedo,Vinhedo,Maria Oliveira,CONCLUIDA,Financiamento,2026-10-01,bruno.lima1926@email.com,11999991926
1927,Amanda Rodrigues,21,Valinhos,SP,MT-07,YAMAHA,Naked,2024,51717.0,Moto Center Valinhos,Valinhos,Carlos Santos,AGENDADA,Financiamento,2026-11-04,amanda.rodrigues1927@email.com,11999991927
1928,Renata Costa,66,Vinhedo,SP,MT-07,YAMAHA,Naked,2024,50951.0,Moto Center Vinhedo,Vinhedo,Carlos Santos,AGENDADA,Pix,2026-12-14,renata.costa1928@email.com,11999991928
1929,Juliana Costa,65,Campinas,SP,MT-03,YAMAHA,Naked,2024,29936.0,Moto Center Campinas,Campinas,Pedro Souza,CANCELADA,Pix,2026-10-20,juliana.costa1929@email.com,11999991929
1930,Carlos Mendes,61,Campinas,SP,MT-03,YAMAHA,Naked,2024,29637.0,Moto Center Campinas,Campinas,Pedro Souza,CONCLUIDA,Cartão,2026-12-08,carlos.mendes1930@email.com,11999991930
1931,Ana Souza,51,Valinhos,SP,MT-07,YAMAHA,Naked,2024,52955.0,Moto Center Valinhos,Valinhos,Joao Silva,AGENDADA,Pix,2026-06-11,ana.souza1931@email.com,11999991931
1932,Thiago Alves,60,Campinas,SP,CB 650R,HONDA,Naked,2024,54756.0,Moto Center Campinas,Campinas,Maria Oliveira,AGENDADA,Financiamento,2026-04-26,thiago.alves1932@email.com,11999991932
1933,Juliana Costa,47,Vinhedo,SP,CB 650R,HONDA,Naked,2024,55726.0,Moto Center Vinhedo,Vinhedo,Maria Oliveira,CANCELADA,Financiamento,2026-02-10,juliana.costa1933@email.com,11999991933
1934,Diego Martins,43,Campinas,SP,MT-07,YAMAHA,Naked,2024,47910.0,Moto Center Campinas,Campinas,Carlos Santos,CANCELADA,Pix,2026-02-24,diego.martins1934@email.com,11999991934
1935,Carolina Gomes,69,Valinhos,SP,MT-03,YAMAHA,Naked,2024,32536.0,Moto Center Valinhos,Valinhos,Carlos Santos,AGENDADA,Cartão,2026-06-05,carolina.gomes1935@email.com,11999991935
1936,Diego Martins,20,Jundiai,SP,MT-03,YAMAHA,Naked,2024,34990.0,Moto Center Jundiai,Jundiai,Joao Silva,CANCELADA,Cartão,2026-10-06,diego.martins1936@email.com,11999991936
1937,Renata Costa,62,Jundiai,SP,NINJA 400,KAWASAKI,Esportiva,2023,34094.0,Moto Center Jundiai,Jundiai,Carlos Santos,CONCLUIDA,Cartão,2026-02-20,renata.costa1937@email.com,11999991937
1938,Carolina Gomes,47,Campinas,SP,VERSYS 650,KAWASAKI,Trail,2024,50215.0,Moto Center Campinas,Campinas,Joao Silva,CANCELADA,Pix,2026-11-17,carolina.gomes1938@email.com,11999991938
1939,Thiago Alves,23,Valinhos,SP,NINJA 400,KAWASAKI,Esportiva,2023,37057.0,Moto Center Valinhos,Valinhos,Joao Silva,CANCELADA,Financiamento,2026-07-27,thiago.alves1939@email.com,11999991939
1940,Lucas Ferreira,18,Vinhedo,SP,NINJA 400,KAWASAKI,Esportiva,2023,37381.0,Moto Center Vinhedo,Vinhedo,Carlos Santos,CONCLUIDA,Cartão,2026-03-23,lucas.ferreira1940@email.com,11999991940
1941,Pedro Oliveira,22,Campinas,SP,MT-03,YAMAHA,Naked,2024,33935.0,Moto Center Campinas,Campinas,Maria Oliveira,CANCELADA,Cartão,2026-11-06,pedro.oliveira1941@email.com,11999991941
1942,Lucas Ferreira,25,Jundiai,SP,VERSYS 650,KAWASAKI,Trail,2024,47928.0,Moto Center Jundiai,Jundiai,Pedro Souza,CANCELADA,Financiamento,2026-10-21,lucas.ferreira1942@email.com,11999991942
1943,Pedro Oliveira,75,Vinhedo,SP,VERSYS 650,KAWASAKI,Trail,2024,48413.0,Moto Center Vinhedo,Vinhedo,Joao Silva,CONCLUIDA,Cartão,2026-12-14,pedro.oliveira1943@email.com,11999991943
1944,Diego Martins,57,Valinhos,SP,MT-07,YAMAHA,Naked,2024,47579.0,Moto Center Valinhos,Valinhos,Pedro Souza,CONCLUIDA,Pix,2026-06-01,diego.martins1944@email.com,11999991944
1945,Fernanda Alves,75,Valinhos,SP,NINJA 400,KAWASAKI,Esportiva,2023,38886.0,Moto Center Valinhos,Valinhos,Maria Oliveira,AGENDADA,Cartão,2026-10-10,fernanda.alves1945@email.com,11999991945
1946,Thiago Alves,66,Campinas,SP,CB 650R,HONDA,Naked,2024,55293.0,Moto Center Campinas,Campinas,Pedro Souza,CONCLUIDA,Financiamento,2026-06-08,thiago.alves1946@email.com,11999991946
1947,Joao Santos,42,Vinhedo,SP,CB 500F,HONDA,Naked,2024,41016.0,Moto Center Vinhedo,Vinhedo,Joao Silva,CONCLUIDA,Pix,2026-12-06,joão.santos1947@email.com,11999991947
1948,Lucas Ferreira,58,Valinhos,SP,PCX 160,HONDA,Scooter,2025,23062.0,Moto Center Valinhos,Valinhos,Joao Silva,CANCELADA,Pix,2026-03-17,lucas.ferreira1948@email.com,11999991948
1949,Joao Santos,55,Jundiai,SP,NINJA 400,KAWASAKI,Esportiva,2023,35104.0,Moto Center Jundiai,Jundiai,Joao Silva,AGENDADA,Cartão,2026-09-24,joão.santos1949@email.com,11999991949
1950,Carlos Mendes,71,Jundiai,SP,NINJA 400,KAWASAKI,Esportiva,2023,37803.0,Moto Center Jundiai,Jundiai,Pedro Souza,CONCLUIDA,Financiamento,2026-10-24,carlos.mendes1950@email.com,11999991950
1951,Juliana Costa,67,Valinhos,SP,PCX 160,HONDA,Scooter,2025,20955.0,Moto Center Valinhos,Valinhos,Carlos Santos,CANCELADA,Cartão,2026-03-11,juliana.costa1951@email.com,11999991951
1952,Renata Costa,69,Valinhos,SP,MT-07,YAMAHA,Naked,2024,48580.0,Moto Center Valinhos,Valinhos,Joao Silva,AGENDADA,Pix,2026-01-03,renata.costa1952@email.com,11999991952
1953,Amanda Rodrigues,20,Jundiai,SP,CB 500F,HONDA,Naked,2024,44713.0,Moto Center Jundiai,Jundiai,Pedro Souza,CONCLUIDA,Cartão,2026-11-22,amanda.rodrigues1953@email.com,11999991953
1954,Thiago Alves,53,Vinhedo,SP,MT-07,YAMAHA,Naked,2024,49012.0,Moto Center Vinhedo,Vinhedo,Pedro Souza,CONCLUIDA,Cartão,2026-11-12,thiago.alves1954@email.com,11999991954
1955,Carlos Mendes,19,Vinhedo,SP,NINJA 400,KAWASAKI,Esportiva,2023,35317.0,Moto Center Vinhedo,Vinhedo,Maria Oliveira,CONCLUIDA,Financiamento,2026-03-07,carlos.mendes1955@email.com,11999991955
1956,Diego Martins,39,Campinas,SP,CB 500F,HONDA,Naked,2024,39822.0,Moto Center Campinas,Campinas,Pedro Souza,CONCLUIDA,Pix,2026-12-10,diego.martins1956@email.com,11999991956
1957,Thiago Alves,47,Vinhedo,SP,NINJA 400,KAWASAKI,Esportiva,2023,36114.0,Moto Center Vinhedo,Vinhedo,Maria Oliveira,CONCLUIDA,Pix,2026-03-01,thiago.alves1957@email.com,11999991957
1958,Pedro Oliveira,28,Jundiai,SP,CB 500F,HONDA,Naked,2024,42088.0,Moto Center Jundiai,Jundiai,Joao Silva,AGENDADA,Financiamento,2026-02-13,pedro.oliveira1958@email.com,11999991958
1959,Thiago Alves,61,Campinas,SP,VERSYS 650,KAWASAKI,Trail,2024,48523.0,Moto Center Campinas,Campinas,Pedro Souza,AGENDADA,Pix,2026-03-09,thiago.alves1959@email.com,11999991959
1960,Fernanda Alves,62,Campinas,SP,PCX 160,HONDA,Scooter,2025,20725.0,Moto Center Campinas,Campinas,Carlos Santos,CANCELADA,Pix,2026-12-12,fernanda.alves1960@email.com,11999991960
1961,Carlos Mendes,43,Campinas,SP,MT-07,YAMAHA,Naked,2024,50115.0,Moto Center Campinas,Campinas,Joao Silva,CONCLUIDA,Cartão,2026-03-19,carlos.mendes1961@email.com,11999991961
1962,Ana Souza,54,Valinhos,SP,PCX 160,HONDA,Scooter,2025,24228.0,Moto Center Valinhos,Valinhos,Joao Silva,CANCELADA,Pix,2026-02-15,ana.souza1962@email.com,11999991962
1963,Carlos Mendes,21,Vinhedo,SP,PCX 160,HONDA,Scooter,2025,23942.0,Moto Center Vinhedo,Vinhedo,Maria Oliveira,CANCELADA,Cartão,2026-08-05,carlos.mendes1963@email.com,11999991963
1964,Thiago Alves,57,Jundiai,SP,MT-03,YAMAHA,Naked,2024,35452.0,Moto Center Jundiai,Jundiai,Pedro Souza,CANCELADA,Cartão,2026-03-15,thiago.alves1964@email.com,11999991964
1965,Diego Martins,54,Jundiai,SP,MT-07,YAMAHA,Naked,2024,50206.0,Moto Center Jundiai,Jundiai,Joao Silva,CONCLUIDA,Pix,2026-06-01,diego.martins1965@email.com,11999991965
1966,Marcos Pereira,61,Valinhos,SP,VERSYS 650,KAWASAKI,Trail,2024,51188.0,Moto Center Valinhos,Valinhos,Carlos Santos,CONCLUIDA,Pix,2026-12-21,marcos.pereira1966@email.com,11999991966
1967,Marcos Pereira,23,Campinas,SP,CB 650R,HONDA,Naked,2024,54491.0,Moto Center Campinas,Campinas,Joao Silva,AGENDADA,Pix,2026-06-15,marcos.pereira1967@email.com,11999991967
1968,Marcos Pereira,61,Jundiai,SP,VERSYS 650,KAWASAKI,Trail,2024,50282.0,Moto Center Jundiai,Jundiai,Pedro Souza,CONCLUIDA,Financiamento,2026-08-12,marcos.pereira1968@email.com,11999991968
1969,Thiago Alves,40,Campinas,SP,MT-03,YAMAHA,Naked,2024,31700.0,Moto Center Campinas,Campinas,Joao Silva,CANCELADA,Cartão,2026-01-18,thiago.alves1969@email.com,11999991969
1970,Mariana Silva,28,Campinas,SP,VERSYS 650,KAWASAKI,Trail,2024,48224.0,Moto Center Campinas,Campinas,Carlos Santos,CONCLUIDA,Pix,2026-04-27,mariana.silva1970@email.com,11999991970
1971,Joao Santos,27,Jundiai,SP,MT-07,YAMAHA,Naked,2024,50251.0,Moto Center Jundiai,Jundiai,Pedro Souza,CANCELADA,Pix,2026-01-03,joão.santos1971@email.com,11999991971
1972,Carolina Gomes,22,Vinhedo,SP,CB 650R,HONDA,Naked,2024,53441.0,Moto Center Vinhedo,Vinhedo,Carlos Santos,CONCLUIDA,Cartão,2026-07-04,carolina.gomes1972@email.com,11999991972
1973,Carlos Mendes,49,Vinhedo,SP,CB 650R,HONDA,Naked,2024,52216.0,Moto Center Vinhedo,Vinhedo,Carlos Santos,CONCLUIDA,Pix,2026-01-26,carlos.mendes1973@email.com,11999991973
1974,Joao Santos,42,Vinhedo,SP,MT-07,YAMAHA,Naked,2024,49627.0,Moto Center Vinhedo,Vinhedo,Joao Silva,CANCELADA,Cartão,2026-03-25,joão.santos1974@email.com,11999991974
1975,Mariana Silva,46,Jundiai,SP,VERSYS 650,KAWASAKI,Trail,2024,48743.0,Moto Center Jundiai,Jundiai,Pedro Souza,CANCELADA,Cartão,2026-04-27,mariana.silva1975@email.com,11999991975
1976,Carlos Mendes,60,Valinhos,SP,VERSYS 650,KAWASAKI,Trail,2024,48144.0,Moto Center Valinhos,Valinhos,Pedro Souza,CONCLUIDA,Financiamento,2026-05-20,carlos.mendes1976@email.com,11999991976
1977,Renata Costa,21,Valinhos,SP,CB 500F,HONDA,Naked,2024,43653.0,Moto Center Valinhos,Valinhos,Joao Silva,AGENDADA,Financiamento,2026-08-09,renata.costa1977@email.com,11999991977
1978,Carolina Gomes,63,Vinhedo,SP,VERSYS 650,KAWASAKI,Trail,2024,47921.0,Moto Center Vinhedo,Vinhedo,Pedro Souza,CONCLUIDA,Financiamento,2026-12-08,carolina.gomes1978@email.com,11999991978
1979,Lucas Ferreira,50,Valinhos,SP,MT-07,YAMAHA,Naked,2024,51728.0,Moto Center Valinhos,Valinhos,Carlos Santos,CONCLUIDA,Pix,2026-04-19,lucas.ferreira1979@email.com,11999991979
1980,Juliana Costa,61,Vinhedo,SP,CB 650R,HONDA,Naked,2024,55981.0,Moto Center Vinhedo,Vinhedo,Maria Oliveira,CONCLUIDA,Cartão,2026-07-08,juliana.costa1980@email.com,11999991980
1981,Bruno Lima,20,Valinhos,SP,PCX 160,HONDA,Scooter,2025,22002.0,Moto Center Valinhos,Valinhos,Maria Oliveira,AGENDADA,Pix,2026-03-22,bruno.lima1981@email.com,11999991981
1982,Carlos Mendes,22,Valinhos,SP,CB 650R,HONDA,Naked,2024,54052.0,Moto Center Valinhos,Valinhos,Pedro Souza,AGENDADA,Cartão,2026-04-28,carlos.mendes1982@email.com,11999991982
1983,Carolina Gomes,70,Vinhedo,SP,MT-07,YAMAHA,Naked,2024,51376.0,Moto Center Vinhedo,Vinhedo,Joao Silva,AGENDADA,Financiamento,2026-03-16,carolina.gomes1983@email.com,11999991983
1984,Lucas Ferreira,27,Valinhos,SP,NINJA 400,KAWASAKI,Esportiva,2023,33460.0,Moto Center Valinhos,Valinhos,Joao Silva,CANCELADA,Financiamento,2026-05-11,lucas.ferreira1984@email.com,11999991984
1985,Marcos Pereira,57,Jundiai,SP,MT-07,YAMAHA,Naked,2024,47078.0,Moto Center Jundiai,Jundiai,Pedro Souza,AGENDADA,Pix,2026-04-19,marcos.pereira1985@email.com,11999991985
1986,Thiago Alves,64,Jundiai,SP,VERSYS 650,KAWASAKI,Trail,2024,51800.0,Moto Center Jundiai,Jundiai,Pedro Souza,AGENDADA,Pix,2026-01-25,thiago.alves1986@email.com,11999991986
1987,Joao Santos,55,Campinas,SP,NINJA 400,KAWASAKI,Esportiva,2023,37302.0,Moto Center Campinas,Campinas,Maria Oliveira,CANCELADA,Financiamento,2026-07-17,joão.santos1987@email.com,11999991987
1988,Marcos Pereira,72,Jundiai,SP,MT-07,YAMAHA,Naked,2024,48704.0,Moto Center Jundiai,Jundiai,Carlos Santos,CANCELADA,Financiamento,2026-08-05,marcos.pereira1988@email.com,11999991988
1989,Carlos Mendes,63,Campinas,SP,CB 650R,HONDA,Naked,2024,51575.0,Moto Center Campinas,Campinas,Carlos Santos,AGENDADA,Cartão,2026-05-15,carlos.mendes1989@email.com,11999991989
1990,Diego Martins,40,Campinas,SP,PCX 160,HONDA,Scooter,2025,21384.0,Moto Center Campinas,Campinas,Joao Silva,CANCELADA,Financiamento,2026-06-25,diego.martins1990@email.com,11999991990
1991,Renata Costa,24,Campinas,SP,MT-07,YAMAHA,Naked,2024,51185.0,Moto Center Campinas,Campinas,Carlos Santos,CANCELADA,Financiamento,2026-11-12,renata.costa1991@email.com,11999991991
1992,Lucas Ferreira,47,Campinas,SP,VERSYS 650,KAWASAKI,Trail,2024,52435.0,Moto Center Campinas,Campinas,Carlos Santos,AGENDADA,Cartão,2026-02-17,lucas.ferreira1992@email.com,11999991992
1993,Carlos Mendes,66,Vinhedo,SP,CB 650R,HONDA,Naked,2024,52323.0,Moto Center Vinhedo,Vinhedo,Joao Silva,CANCELADA,Cartão,2026-10-10,carlos.mendes1993@email.com,11999991993
1994,Pedro Oliveira,39,Jundiai,SP,CB 500F,HONDA,Naked,2024,40311.0,Moto Center Jundiai,Jundiai,Pedro Souza,CANCELADA,Pix,2026-09-10,pedro.oliveira1994@email.com,11999991994
1995,Carlos Mendes,67,Jundiai,SP,PCX 160,HONDA,Scooter,2025,23272.0,Moto Center Jundiai,Jundiai,Carlos Santos,CANCELADA,Pix,2026-06-20,carlos.mendes1995@email.com,11999991995
1996,Fernanda Alves,67,Vinhedo,SP,MT-07,YAMAHA,Naked,2024,47012.0,Moto Center Vinhedo,Vinhedo,Carlos Santos,CONCLUIDA,Financiamento,2026-04-09,fernanda.alves1996@email.com,11999991996
1997,Marcos Pereira,41,Vinhedo,SP,CB 500F,HONDA,Naked,2024,40720.0,Moto Center Vinhedo,Vinhedo,Carlos Santos,AGENDADA,Financiamento,2026-11-09,marcos.pereira1997@email.com,11999991997
1998,Ana Souza,23,Vinhedo,SP,VERSYS 650,KAWASAKI,Trail,2024,48316.0,Moto Center Vinhedo,Vinhedo,Pedro Souza,CANCELADA,Pix,2026-08-13,ana.souza1998@email.com,11999991998
1999,Marcos Pereira,44,Vinhedo,SP,VERSYS 650,KAWASAKI,Trail,2024,47732.0,Moto Center Vinhedo,Vinhedo,Joao Silva,CANCELADA,Pix,2026-01-20,marcos.pereira1999@email.com,11999991999
2000,Fernanda Alves,71,Campinas,SP,NINJA 400,KAWASAKI,Esportiva,2023,38711.0,Moto Center Campinas,Campinas,Pedro Souza,AGENDADA,Financiamento,2026-08-09,fernanda.alves2000@email.com,11999992000
