id_venda,nome_cliente,idade,cidade_cliente,estado,moto,marca,categoria,ano_moto,valor_moto,loja,cidade_loja,vendedor,status_venda,forma_pagamento,data_venda,email,telefone
1,Diego Martins,27.0,Vinhedo,SP,Ninja 400,Kawasaki,Esportiva,2023,"R$ 34.521,00",Moto Center Vinhedo,Vinhedo,João Silva,Cancelada,Cartão,16/11/2026,diego.martins1@email.com,11999990001
2,Ana Souza,64.0,Vinhedo,SP,CB 500F,Honda,Naked,2024,"R$ 40.674,00",Moto Center Vinhedo,Vinhedo,Carlos Santos,Cancelada,Cartão,26/01/2026,ana.souza2@email.com,11999990002
3,Carolina Gomes,23.0,Campinas,SP,MT-03,Yamaha,Naked,2024,"R$ 32.074,00",Moto Center Campinas,Campinas,João Silva,Concluída,Cartão,04/04/2026,carolina.gomes3@email.com,11999990003
4,Pedro Oliveira,41.0,Jundiai,SP,CB 500F,Honda,Naked,2024,"R$ 41.658,00",Moto Center Jundiaí,Jundiai,João Silva,Agendada,Financiamento,05/04/2026,pedro.oliveira4@email.com,11999990004
5,Pedro Oliveira,18.0,Jundiai,SP,MT-07,Yamaha,Naked,2024,"R$ 49.019,00",Moto Center Jundiaí,Jundiai,João Silva,Cancelada,Pix,08/11/2026,pedro.oliveira5@email.com,11999990005
6,Diego Martins,24.0,Valinhos,SP,CB 500F,Honda,Naked,2024,"R$ 40.292,00",Moto Center Valinhos,Valinhos,Maria Oliveira,Agendada,Cartão,08/12/2026,diego.martins6@email.com,11999990006
7,Mariana Silva,75.0,Valinhos,SP,PCX 160,Honda,Scooter,2025,"R$ 20.957,00",Moto Center Valinhos,Valinhos,Maria Oliveira,Cancelada,Financiamento,25/12/2026,mariana.silva7@email.com,11999990007
8,Bruno Lima,72.0,Vinhedo,SP,CB 650R,Honda,Naked,2024,"R$ 52.041,00",Moto Center Vinhedo,Vinhedo,Maria Oliveira,Concluída,Financiamento,20/11/2026,bruno.lima8@email.com,11999990008
9,Renata Costa,63.0,Valinhos,SP,MT-07,Yamaha,Naked,2024,"R$ 49.649,00",Moto Center Valinhos,Valinhos,Carlos Santos,Concluída,Pix,11/08/2026,renata.costa9@email.com,11999990009
10,Pedro Oliveira,19.0,Vinhedo,SP,Versys 650,Kawasaki,Trail,2024,"R$ 47.764,00",Moto Center Vinhedo,Vinhedo,Carlos Santos,Concluída,Cartão,24/09/2026,pedro.oliveira10@email.com,11999990010
11,Bruno Lima,32.0,Jundiai,SP,PCX 160,Honda,Scooter,2025,"R$ 19.034,00",Moto Center Jundiaí,Jundiai,João Silva,Agendada,Pix,25/01/2026,bruno.lima11@email.com,11999990011
12,Marcos Pereira,69.0,Campinas,SP,CB 650R,Honda,Naked,2024,"R$ 54.391,00",Moto Center Campinas,Campinas,Carlos Santos,Concluída,Pix,17/03/2026,marcos.pereira12@email.com,11999990012
13,Thiago Alves,20.0,Vinhedo,SP,CB 500F,Honda,Naked,2024,"R$ 45.308,00",Moto Center Vinhedo,Vinhedo,Maria Oliveira,Agendada,Financiamento,07/06/2026,thiago.alves13@email.com,11999990013
14,Lucas Ferreira,31.0,Jundiai,SP,CB 500F,Honda,Naked,2024,"R$ 44.693,00",Moto Center Jundiaí,Jundiai,João Silva,Agendada,Financiamento,10/11/2026,lucas.ferreira14@email.com,11999990014
15,Carlos Mendes,31.0,Valinhos,SP,PCX 160,Honda,Scooter,2025,"R$ 19.748,00",Moto Center Valinhos,Valinhos,João Silva,Concluída,Cartão,18/11/2026,carlos.mendes15@email.com,11999990015
16,Carlos Mendes,54.0,Valinhos,SP,Versys 650,Kawasaki,Trail,2024,"R$ 49.233,00",Moto Center Valinhos,Valinhos,Maria Oliveira,Cancelada,Cartão,23/10/2026,carlos.mendes16@email.com,11999990016
17,Juliana Costa,74.0,Jundiai,SP,CB 500F,Honda,Naked,2024,"R$ 43.052,00",Moto Center Jundiaí,Jundiai,Maria Oliveira,Cancelada,Cartão,12/09/2026,juliana.costa17@email.com,11999990017
18,Marcos Pereira,70.0,Campinas,SP,CB 500F,Honda,Naked,2024,"R$ 41.751,00",Moto Center Campinas,Campinas,Pedro Souza,Concluída,Pix,23/12/2026,marcos.pereira18@email.com,11999990018
19,Marcos Pereira,44.0,Jundiai,SP,MT-03,Yamaha,Naked,2024,"R$ 31.563,00",Moto Center Jundiaí,Jundiai,Maria Oliveira,Agendada,Financiamento,15/07/2026,marcos.pereira19@email.com,11999990019
20,Fernanda Alves,21.0,Valinhos,SP,MT-03,Yamaha,Naked,2024,"R$ 33.253,00",Moto Center Valinhos,Valinhos,João Silva,Concluída,Pix,16/12/2026,fernanda.alves20@email.com,11999990020
21,Fernanda Alves,66.0,Vinhedo,SP,Ninja 400,Kawasaki,Esportiva,2023,"R$ 33.824,00",Moto Center Vinhedo,Vinhedo,Pedro Souza,Cancelada,Cartão,14/04/2026,fernanda.alves21@email.com,11999990021
22,Carolina Gomes,55.0,Campinas,SP,Versys 650,Kawasaki,Trail,2024,"R$ 49.723,00",Moto Center Campinas,Campinas,Maria Oliveira,Cancelada,Pix,25/12/2026,carolina.gomes22@email.com,11999990022
23,Carlos Mendes,74.0,Campinas,SP,CB 650R,Honda,Naked,2024,"R$ 51.948,00",Moto Center Campinas,Campinas,Maria Oliveira,Agendada,Pix,10/03/2026,carlos.mendes23@email.com,11999990023
24,Mariana Silva,52.0,Jundiai,SP,CB 650R,Honda,Naked,2024,"R$ 50.356,00",Moto Center Jundiaí,Jundiai,Pedro Souza,Concluída,Cartão,01/07/2026,mariana.silva24@email.com,11999990024
25,Lucas Ferreira,64.0,Campinas,SP,Ninja 400,Kawasaki,Esportiva,2023,"R$ 37.001,00",Moto Center Campinas,Campinas,João Silva,Concluída,Financiamento,13/09/2026,lucas.ferreira25@email.com,11999990025
26,Juliana Costa,46.0,Jundiai,SP,MT-07,Yamaha,Naked,2024,"R$ 51.740,00",Moto Center Jundiaí,Jundiai,Maria Oliveira,Concluída,Cartão,26/07/2026,juliana.costa26@email.com,11999990026
27,Carlos Mendes,51.0,Vinhedo,SP,CB 650R,Honda,Naked,2024,"R$ 52.167,00",Moto Center Vinhedo,Vinhedo,Carlos Santos,Cancelada,Cartão,27/03/2026,carlos.mendes27@email.com,11999990027
28,Renata Costa,51.0,Valinhos,SP,CB 500F,Honda,Naked,2024,"R$ 41.168,00",Moto Center Valinhos,Valinhos,João Silva,Agendada,Pix,01/07/2026,renata.costa28@email.com,11999990028
29,Marcos Pereira,34.0,Valinhos,SP,CB 650R,Honda,Naked,2024,"R$ 54.616,00",Moto Center Valinhos,Valinhos,Maria Oliveira,Agendada,Pix,16/07/2026,marcos.pereira29@email.com,11999990029
30,Mariana Silva,53.0,Campinas,SP,MT-07,Yamaha,Naked,2024,"R$ 52.182,00",Moto Center Campinas,Campinas,Pedro Souza,Concluída,Cartão,23/04/2026,mariana.silva30@email.com,11999990030
31,João Santos,32.0,Jundiai,SP,CB 500F,Honda,Naked,2024,"R$ 42.982,00",Moto Center Jundiaí,Jundiai,Maria Oliveira,Agendada,Financiamento,22/03/2026,joão.santos31@email.com,11999990031
32,Ana Souza,25.0,Jundiai,SP,CB 650R,Honda,Naked,2024,"R$ 53.947,00",Moto Center Jundiaí,Jundiai,Pedro Souza,Cancelada,Pix,24/04/2026,ana.souza32@email.com,11999990032
33,Mariana Silva,22.0,Campinas,SP,CB 650R,Honda,Naked,2024,"R$ 51.762,00",Moto Center Campinas,Campinas,Carlos Santos,Cancelada,Cartão,24/03/2026,mariana.silva33@email.com,11999990033
34,Ana Souza,40.0,Campinas,SP,Versys 650,Kawasaki,Trail,2024,"R$ 48.018,00",Moto Center Campinas,Campinas,Pedro Souza,Concluída,Financiamento,15/03/2026,ana.souza34@email.com,11999990034
35,Mariana Silva,50.0,Valinhos,SP,MT-03,Yamaha,Naked,2024,"R$ 30.474,00",Moto Center Valinhos,Valinhos,João Silva,Cancelada,Cartão,09/11/2026,mariana.silva35@email.com,11999990035
36,Pedro Oliveira,23.0,Vinhedo,SP,CB 650R,Honda,Naked,2024,"R$ 50.668,00",Moto Center Vinhedo,Vinhedo,Carlos Santos,Cancelada,Financiamento,03/06/2026,pedro.oliveira36@email.com,11999990036
37,Thiago Alves,71.0,Vinhedo,SP,CB 500F,Honda,Naked,2024,"R$ 41.976,00",Moto Center Vinhedo,Vinhedo,João Silva,Agendada,Cartão,28/04/2026,thiago.alves37@email.com,11999990037
38,Thiago Alves,27.0,Campinas,SP,PCX 160,Honda,Scooter,2025,"R$ 21.556,00",Moto Center Campinas,Campinas,João Silva,Agendada,Pix,12/07/2026,thiago.alves38@email.com,11999990038
39,Mariana Silva,21.0,Campinas,SP,Versys 650,Kawasaki,Trail,2024,"R$ 49.258,00",Moto Center Campinas,Campinas,Maria Oliveira,Cancelada,Cartão,20/02/2026,mariana.silva39@email.com,11999990039
40,Diego Martins,31.0,Jundiai,SP,Ninja 400,Kawasaki,Esportiva,2023,"R$ 36.844,00",Moto Center Jundiaí,Jundiai,Maria Oliveira,Cancelada,Financiamento,24/09/2026,diego.martins40@email.com,11999990040
41,Carlos Mendes,70.0,Campinas,SP,Ninja 400,Kawasaki,Esportiva,2023,"R$ 37.022,00",Moto Center Campinas,Campinas,João Silva,Concluída,Financiamento,17/08/2026,carlos.mendes41@email.com,11999990041
42,Fernanda Alves,65.0,Campinas,SP,MT-07,Yamaha,Naked,2024,"R$ 50.205,00",Moto Center Campinas,Campinas,Maria Oliveira,Agendada,Financiamento,27/12/2026,fernanda.alves42@email.com,11999990042
43,Thiago Alves,33.0,Valinhos,SP,PCX 160,Honda,Scooter,2025,"R$ 22.904,00",Moto Center Valinhos,Valinhos,Maria Oliveira,Cancelada,Cartão,14/11/2026,thiago.alves43@email.com,11999990043
44,Lucas Ferreira,62.0,Valinhos,SP,Ninja 400,Kawasaki,Esportiva,2023,"R$ 38.257,00",Moto Center Valinhos,Valinhos,Pedro Souza,Agendada,Financiamento,06/03/2026,lucas.ferreira44@email.com,11999990044
45,Renata Costa,35.0,Campinas,SP,MT-03,Yamaha,Naked,2024,"R$ 30.771,00",Moto Center Campinas,Campinas,Carlos Santos,Concluída,Cartão,15/05/2026,renata.costa45@email.com,11999990045
46,Renata Costa,23.0,Valinhos,SP,CB 500F,Honda,Naked,2024,"R$ 42.323,00",Moto Center Valinhos,Valinhos,Carlos Santos,Concluída,Financiamento,27/01/2026,renata.costa46@email.com,11999990046
47,Juliana Costa,43.0,Vinhedo,SP,MT-03,Yamaha,Naked,2024,"R$ 30.085,00",Moto Center Vinhedo,Vinhedo,Pedro Souza,Agendada,Financiamento,22/09/2026,juliana.costa47@email.com,11999990047
48,Carolina Gomes,25.0,Valinhos,SP,CB 500F,Honda,Naked,2024,"R$ 40.934,00",Moto Center Valinhos,Valinhos,João Silva,Concluída,Pix,14/11/2026,carolina.gomes48@email.com,11999990048
49,Carolina Gomes,54.0,Vinhedo,SP,Versys 650,Kawasaki,Trail,2024,"R$ 52.265,00",Moto Center Vinhedo,Vinhedo,Pedro Souza,Concluída,Cartão,06/04/2026,carolina.gomes49@email.com,11999990049
50,Carlos Mendes,39.0,Vinhedo,SP,PCX 160,Honda,Scooter,2025,"R$ 19.302,00",Moto Center Vinhedo,Vinhedo,Pedro Souza,Concluída,Financiamento,12/04/2026,carlos.mendes50@email.com,11999990050
51,Bruno Lima,66.0,Jundiai,SP,CB 500F,Honda,Naked,2024,"R$ 40.401,00",Moto Center Jundiaí,Jundiai,João Silva,Agendada,Pix,04/10/2026,bruno.lima51@email.com,11999990051
52,João Santos,,Jundiai,SP,Versys 650,Kawasaki,Trail,2024,"R$ 48.848,00",Moto Center Jundiaí,Jundiai,Pedro Souza,Agendada,Financiamento,10/03/2026,joão.santos52@email.com,11999990052
53,Carolina Gomes,56.0,Campinas,SP,Versys 650,Kawasaki,Trail,2024,"R$ 47.181,00",Moto Center Campinas,Campinas,Carlos Santos,Cancelada,Cartão,07/03/2026,carolina.gomes53@email.com,11999990053
54,Amanda Rodrigues,39.0,Valinhos,SP,Ninja 400,Kawasaki,Esportiva,2023,"R$ 38.164,00",Moto Center Valinhos,Valinhos,João Silva,Cancelada,Cartão,21/04/2026,amanda.rodrigues54@email.com,11999990054
55,Amanda Rodrigues,46.0,Jundiai,SP,PCX 160,Honda,Scooter,2025,"R$ 22.134,00",Moto Center Jundiaí,Jundiai,Carlos Santos,Cancelada,Cartão,03/06/2026,amanda.rodrigues55@email.com,11999990055
56,Amanda Rodrigues,,Valinhos,SP,CB 650R,Honda,Naked,2024,"R$ 54.383,00",Moto Center Valinhos,Valinhos,João Silva,Concluída,Cartão,10/02/2026,amanda.rodrigues56@email.com,11999990056
57,Fernanda Alves,64.0,Campinas,SP,MT-07,Yamaha,Naked,2024,"R$ 49.012,00",Moto Center Campinas,Campinas,Pedro Souza,Concluída,Financiamento,25/01/2026,fernanda.alves57@email.com,11999990057
58,Renata Costa,32.0,Vinhedo,SP,Ninja 400,Kawasaki,Esportiva,2023,"R$ 37.562,00",Moto Center Vinhedo,Vinhedo,João Silva,Concluída,Financiamento,27/11/2026,renata.costa58@email.com,11999990058
59,Thiago Alves,31.0,Vinhedo,SP,MT-03,Yamaha,Naked,2024,"R$ 32.193,00",Moto Center Vinhedo,Vinhedo,Pedro Souza,Cancelada,Financiamento,28/08/2026,thiago.alves59@email.com,11999990059
60,João Santos,42.0,Vinhedo,SP,PCX 160,Honda,Scooter,2025,"R$ 20.954,00",Moto Center Vinhedo,Vinhedo,Carlos Santos,Concluída,Cartão,20/10/2026,joão.santos60@email.com,11999990060
61,Fernanda Alves,44.0,Jundiai,SP,MT-03,Yamaha,Naked,2024,"R$ 34.827,00",Moto Center Jundiaí,Jundiai,Carlos Santos,Cancelada,Pix,22/12/2026,fernanda.alves61@email.com,11999990061
62,Marcos Pereira,59.0,Campinas,SP,Versys 650,Kawasaki,Trail,2024,"R$ 50.401,00",Moto Center Campinas,Campinas,Carlos Santos,Agendada,Cartão,28/07/2026,marcos.pereira62@email.com,11999990062
63,Amanda Rodrigues,54.0,Campinas,SP,CB 500F,Honda,Naked,2024,"R$ 40.559,00",Moto Center Campinas,Campinas,Pedro Souza,Cancelada,Cartão,09/07/2026,amanda.rodrigues63@email.com,11999990063
64,Thiago Alves,22.0,Valinhos,SP,CB 650R,Honda,Naked,2024,"R$ 55.089,00",Moto Center Valinhos,Valinhos,Maria Oliveira,Agendada,Cartão,22/01/2026,thiago.alves64@email.com,11999990064
65,Carlos Mendes,73.0,Jundiai,SP,PCX 160,Honda,Scooter,2025,"R$ 20.771,00",Moto Center Jundiaí,Jundiai,João Silva,Agendada,Cartão,28/03/2026,carlos.mendes65@email.com,11999990065
66,Pedro Oliveira,75.0,Vinhedo,SP,CB 650R,Honda,Naked,2024,"R$ 52.712,00",Moto Center Vinhedo,Vinhedo,Pedro Souza,Agendada,Cartão,15/09/2026,pedro.oliveira66@email.com,11999990066
67,Renata Costa,38.0,Jundiai,SP,MT-07,Yamaha,Naked,2024,"R$ 51.923,00",Moto Center Jundiaí,Jundiai,Pedro Souza,Concluída,Cartão,06/12/2026,renata.costa67@email.com,11999990067
68,Pedro Oliveira,56.0,Campinas,SP,Versys 650,Kawasaki,Trail,2024,"R$ 50.802,00",Moto Center Campinas,Campinas,Pedro Souza,Cancelada,Financiamento,14/07/2026,pedro.oliveira68@email.com,11999990068
69,Renata Costa,33.0,Valinhos,SP,MT-03,Yamaha,Naked,2024,"R$ 33.080,00",Moto Center Valinhos,Valinhos,Pedro Souza,Concluída,Pix,26/10/2026,renata.costa69@email.com,11999990069
70,Carlos Mendes,67.0,Vinhedo,SP,MT-03,Yamaha,Naked,2024,"R$ 32.288,00",Moto Center Vinhedo,Vinhedo,Pedro Souza,Agendada,Financiamento,13/01/2026,carlos.mendes70@email.com,11999990070
71,Ana Souza,55.0,Campinas,SP,CB 650R,Honda,Naked,2024,"R$ 54.521,00",Moto Center Campinas,Campinas,Carlos Santos,Agendada,Financiamento,21/07/2026,ana.souza71@email.com,11999990071
72,Renata Costa,18.0,Vinhedo,SP,CB 650R,Honda,Naked,2024,"R$ 50.236,00",Moto Center Vinhedo,Vinhedo,Maria Oliveira,Concluída,Cartão,05/07/2026,renata.costa72@email.com,11999990072
73,João Santos,33.0,Campinas,SP,PCX 160,Honda,Scooter,2025,"R$ 24.390,00",Moto Center Campinas,Campinas,João Silva,Cancelada,Pix,28/10/2026,joão.santos73@email.com,11999990073
74,Mariana Silva,28.0,Jundiai,SP,Versys 650,Kawasaki,Trail,2024,"R$ 49.286,00",Moto Center Jundiaí,Jundiai,Carlos Santos,Concluída,Cartão,08/04/2026,mariana.silva74@email.com,11999990074
75,Juliana Costa,27.0,Jundiai,SP,MT-07,Yamaha,Naked,2024,"R$ 51.758,00",Moto Center Jundiaí,Jundiai,Carlos Santos,Cancelada,Pix,25/08/2026,juliana.costa75@email.com,11999990075
76,Lucas Ferreira,66.0,Campinas,SP,Versys 650,Kawasaki,Trail,2024,"R$ 50.443,00",Moto Center Campinas,Campinas,Carlos Santos,Concluída,Pix,11/10/2026,lucas.ferreira76@email.com,11999990076
77,Ana Souza,25.0,Campinas,SP,PCX 160,Honda,Scooter,2025,"R$ 21.876,00",Moto Center Campinas,Campinas,Carlos Santos,Concluída,Cartão,24/07/2026,ana.souza77@email.com,11999990077
78,Pedro Oliveira,47.0,Jundiai,SP,MT-03,Yamaha,Naked,2024,"R$ 33.295,00",Moto Center Jundiaí,Jundiai,Pedro Souza,Concluída,Cartão,05/08/2026,pedro.oliveira78@email.com,11999990078
79,Amanda Rodrigues,68.0,Vinhedo,SP,CB 500F,Honda,Naked,2024,"R$ 39.869,00",Moto Center Vinhedo,Vinhedo,Maria Oliveira,Concluída,Cartão,25/02/2026,amanda.rodrigues79@email.com,11999990079
80,Diego Martins,46.0,Campinas,SP,Ninja 400,Kawasaki,Esportiva,2023,"R$ 35.463,00",Moto Center Campinas,Campinas,Pedro Souza,Agendada,Cartão,22/10/2026,diego.martins80@email.com,11999990080
81,Carolina Gomes,18.0,Jundiai,SP,MT-03,Yamaha,Naked,2024,"R$ 29.759,00",Moto Center Jundiaí,Jundiai,Carlos Santos,Agendada,Cartão,15/11/2026,carolina.gomes81@email.com,11999990081
82,Renata Costa,41.0,Valinhos,SP,MT-07,Yamaha,Naked,2024,"R$ 50.575,00",Moto Center Valinhos,Valinhos,Carlos Santos,Cancelada,Pix,09/06/2026,renata.costa82@email.com,11999990082
83,Mariana Silva,18.0,Valinhos,SP,MT-07,Yamaha,Naked,2024,"R$ 47.119,00",Moto Center Valinhos,Valinhos,Carlos Santos,Concluída,Cartão,09/04/2026,mariana.silva83@email.com,11999990083
84,Marcos Pereira,38.0,Jundiai,SP,PCX 160,Honda,Scooter,2025,"R$ 22.671,00",Moto Center Jundiaí,Jundiai,Pedro Souza,Cancelada,Pix,03/12/2026,marcos.pereira84@email.com,11999990084
85,Bruno Lima,65.0,Valinhos,SP,PCX 160,Honda,Scooter,2025,"R$ 22.423,00",Moto Center Valinhos,Valinhos,João Silva,Agendada,Cartão,20/12/2026,bruno.lima85@email.com,11999990085
86,Pedro Oliveira,49.0,Vinhedo,SP,CB 650R,Honda,Naked,2024,"R$ 55.122,00",Moto Center Vinhedo,Vinhedo,João Silva,Cancelada,Pix,18/09/2026,pedro.oliveira86@email.com,11999990086
87,Amanda Rodrigues,18.0,Valinhos,SP,MT-07,Yamaha,Naked,2024,"R$ 52.450,00",Moto Center Valinhos,Valinhos,Maria Oliveira,Agendada,Cartão,23/02/2026,amanda.rodrigues87@email.com,11999990087
88,Diego Martins,68.0,Valinhos,SP,PCX 160,Honda,Scooter,2025,"R$ 24.252,00",Moto Center Valinhos,Valinhos,Pedro Souza,Cancelada,Cartão,20/05/2026,diego.martins88@email.com,11999990088
89,Amanda Rodrigues,64.0,Vinhedo,SP,MT-07,Yamaha,Naked,2024,"R$ 49.879,00",Moto Center Vinhedo,Vinhedo,Pedro Souza,Concluída,Financiamento,12/11/2026,amanda.rodrigues89@email.com,11999990089
90,Carlos Mendes,46.0,Campinas,SP,CB 650R,Honda,Naked,2024,"R$ 52.759,00",Moto Center Campinas,Campinas,Maria Oliveira,Concluída,Pix,25/01/2026,carlos.mendes90@email.com,11999990090
91,Pedro Oliveira,60.0,Jundiai,SP,Versys 650,Kawasaki,Trail,2024,"R$ 52.707,00",Moto Center Jundiaí,Jundiai,Pedro Souza,Concluída,Pix,14/11/2026,pedro.oliveira91@email.com,11999990091
92,Marcos Pereira,42.0,Campinas,SP,PCX 160,Honda,Scooter,2025,"R$ 19.873,00",Moto Center Campinas,Campinas,Pedro Souza,Concluída,Financiamento,10/10/2026,marcos.pereira92@email.com,11999990092
93,Carolina Gomes,35.0,Vinhedo,SP,CB 500F,Honda,Naked,2024,"R$ 43.451,00",Moto Center Vinhedo,Vinhedo,Maria Oliveira,Cancelada,Cartão,02/01/2026,carolina.gomes93@email.com,11999990093
94,Carlos Mendes,69.0,Vinhedo,SP,PCX 160,Honda,Scooter,2025,"R$ 22.390,00",Moto Center Vinhedo,Vinhedo,Maria Oliveira,Concluída,Pix,28/05/2026,carlos.mendes94@email.com,11999990094
95,Lucas Ferreira,31.0,Valinhos,SP,MT-03,Yamaha,Naked,2024,"R$ 32.225,00",Moto Center Valinhos,Valinhos,Carlos Santos,Concluída,Financiamento,13/08/2026,lucas.ferreira95@email.com,11999990095
96,João Santos,73.0,Valinhos,SP,PCX 160,Honda,Scooter,2025,"R$ 20.002,00",Moto Center Valinhos,Valinhos,João Silva,Cancelada,Pix,26/12/2026,joão.santos96@email.com,11999990096
97,Carolina Gomes,42.0,Valinhos,SP,Versys 650,Kawasaki,Trail,2024,"R$ 50.574,00",Moto Center Valinhos,Valinhos,Pedro Souza,Cancelada,Pix,27/07/2026,carolina.gomes97@email.com,11999990097
98,Pedro Oliveira,60.0,Campinas,SP,Versys 650,Kawasaki,Trail,2024,"R$ 47.535,00",Moto Center Campinas,Campinas,Pedro Souza,Cancelada,Cartão,11/04/2026,pedro.oliveira98@email.com,11999990098
99,Amanda Rodrigues,19.0,Valinhos,SP,CB 500F,Honda,Naked,2024,"R$ 45.081,00",Moto Center Valinhos,Valinhos,Pedro Souza,Cancelada,Financiamento,04/03/2026,amanda.rodrigues99@email.com,11999990099
100,Bruno Lima,36.0,Campinas,SP,MT-07,Yamaha,Naked,2024,"R$ 47.749,00",Moto Center Campinas,Campinas,Carlos Santos,Concluída,Cartão,07/08/2026,bruno.lima100@email.com,11999990100
101,Fernanda Alves,63.0,Vinhedo,SP,Ninja 400,Kawasaki,Esportiva,2023,"R$ 34.444,00",Moto Center Vinhedo,Vinhedo,Carlos Santos,Cancelada,Financiamento,07/10/2026,fernanda.alves101@email.com,11999990101
102,Ana Souza,31.0,Valinhos,SP,PCX 160,Honda,Scooter,2025,"R$ 22.575,00",Moto Center Valinhos,Valinhos,Maria Oliveira,Agendada,Pix,24/12/2026,ana.souza102@email.com,11999990102
103,Lucas Ferreira,29.0,Valinhos,SP,CB 500F,Honda,Naked,2024,"R$ 40.997,00",Moto Center Valinhos,Valinhos,Maria Oliveira,Agendada,Pix,20/12/2026,lucas.ferreira103@email.com,11999990103
104,Fernanda Alves,22.0,Vinhedo,SP,Ninja 400,Kawasaki,Esportiva,2023,"R$ 38.031,00",Moto Center Vinhedo,Vinhedo,Carlos Santos,Concluída,Cartão,05/02/2026,fernanda.alves104@email.com,11999990104
105,Thiago Alves,71.0,Campinas,SP,Versys 650,Kawasaki,Trail,2024,"R$ 47.545,00",Moto Center Campinas,Campinas,Carlos Santos,Agendada,Pix,15/05/2026,thiago.alves105@email.com,11999990105
106,João Santos,,Valinhos,SP,MT-07,Yamaha,Naked,2024,"R$ 49.464,00",Moto Center Valinhos,Valinhos,Pedro Souza,Agendada,Pix,12/02/2026,joão.santos106@email.com,11999990106
107,Amanda Rodrigues,55.0,Campinas,SP,MT-07,Yamaha,Naked,2024,"R$ 49.199,00",Moto Center Campinas,Campinas,Maria Oliveira,Cancelada,Financiamento,15/04/2026,amanda.rodrigues107@email.com,11999990107
108,Renata Costa,61.0,Jundiai,SP,Ninja 400,Kawasaki,Esportiva,2023,"R$ 34.855,00",Moto Center Jundiaí,Jundiai,Maria Oliveira,Concluída,Cartão,22/12/2026,renata.costa108@email.com,11999990108
109,Fernanda Alves,73.0,Vinhedo,SP,PCX 160,Honda,Scooter,2025,"R$ 21.761,00",Moto Center Vinhedo,Vinhedo,Maria Oliveira,Agendada,Cartão,25/07/2026,fernanda.alves109@email.com,11999990109
110,Amanda Rodrigues,69.0,Vinhedo,SP,MT-03,Yamaha,Naked,2024,"R$ 31.605,00",Moto Center Vinhedo,Vinhedo,Pedro Souza,Agendada,Financiamento,16/03/2026,amanda.rodrigues110@email.com,11999990110
111,Marcos Pereira,46.0,Valinhos,SP,MT-07,Yamaha,Naked,2024,"R$ 48.300,00",Moto Center Valinhos,Valinhos,Maria Oliveira,Agendada,Financiamento,14/02/2026,marcos.pereira111@email.com,11999990111
112,Renata Costa,20.0,Valinhos,SP,PCX 160,Honda,Scooter,2025,"R$ 22.673,00",Moto Center Valinhos,Valinhos,Maria Oliveira,Cancelada,Pix,27/01/2026,renata.costa112@email.com,11999990112
113,Bruno Lima,65.0,Campinas,SP,MT-07,Yamaha,Naked,2024,"R$ 47.080,00",Moto Center Campinas,Campinas,João Silva,Cancelada,Pix,22/11/2026,bruno.lima113@email.com,11999990113
114,João Santos,41.0,Campinas,SP,Versys 650,Kawasaki,Trail,2024,"R$ 50.094,00",Moto Center Campinas,Campinas,Carlos Santos,Cancelada,Cartão,15/01/2026,joão.santos114@email.com,11999990114
115,Bruno Lima,74.0,Vinhedo,SP,Versys 650,Kawasaki,Trail,2024,"R$ 47.244,00",Moto Center Vinhedo,Vinhedo,João Silva,Concluída,Financiamento,07/06/2026,bruno.lima115@email.com,11999990115
116,Carlos Mendes,61.0,Vinhedo,SP,MT-03,Yamaha,Naked,2024,"R$ 31.878,00",Moto Center Vinhedo,Vinhedo,Maria Oliveira,Concluída,Pix,06/08/2026,carlos.mendes116@email.com,11999990116
117,Carolina Gomes,31.0,Valinhos,SP,MT-03,Yamaha,Naked,2024,"R$ 33.140,00",Moto Center Valinhos,Valinhos,Carlos Santos,Agendada,Cartão,25/02/2026,carolina.gomes117@email.com,11999990117
118,Carlos Mendes,20.0,Valinhos,SP,MT-07,Yamaha,Naked,2024,"R$ 49.133,00",Moto Center Valinhos,Valinhos,João Silva,Cancelada,Pix,21/11/2026,carlos.mendes118@email.com,11999990118
119,Marcos Pereira,24.0,Jundiai,SP,PCX 160,Honda,Scooter,2025,"R$ 22.943,00",Moto Center Jundiaí,Jundiai,Maria Oliveira,Concluída,Cartão,24/11/2026,marcos.pereira119@email.com,11999990119
120,Mariana Silva,47.0,Vinhedo,SP,Versys 650,Kawasaki,Trail,2024,"R$ 51.838,00",Moto Center Vinhedo,Vinhedo,Carlos Santos,Concluída,Financiamento,03/02/2026,mariana.silva120@email.com,11999990120
121,Carolina Gomes,,Valinhos,SP,CB 500F,Honda,Naked,2024,"R$ 39.748,00",Moto Center Valinhos,Valinhos,Pedro Souza,Agendada,Cartão,20/09/2026,carolina.gomes121@email.com,11999990121
122,Carolina Gomes,43.0,Valinhos,SP,Versys 650,Kawasaki,Trail,2024,"R$ 50.623,00",Moto Center Valinhos,Valinhos,João Silva,Concluída,Pix,24/08/2026,carolina.gomes122@email.com,11999990122
123,Carlos Mendes,26.0,Vinhedo,SP,CB 650R,Honda,Naked,2024,"R$ 55.431,00",Moto Center Vinhedo,Vinhedo,Maria Oliveira,Cancelada,Financiamento,21/06/2026,carlos.mendes123@email.com,11999990123
124,Pedro Oliveira,26.0,Valinhos,SP,MT-07,Yamaha,Naked,2024,"R$ 47.902,00",Moto Center Valinhos,Valinhos,Maria Oliveira,Concluída,Financiamento,06/06/2026,pedro.oliveira124@email.com,11999990124
125,Ana Souza,57.0,Valinhos,SP,MT-07,Yamaha,Naked,2024,"R$ 52.308,00",Moto Center Valinhos,Valinhos,Maria Oliveira,Cancelada,Pix,05/11/2026,ana.souza125@email.com,11999990125
126,Renata Costa,57.0,Jundiai,SP,MT-07,Yamaha,Naked,2024,"R$ 48.304,00",Moto Center Jundiaí,Jundiai,João Silva,Concluída,Cartão,28/01/2026,renata.costa126@email.com,11999990126
127,Pedro Oliveira,66.0,Valinhos,SP,Ninja 400,Kawasaki,Esportiva,2023,"R$ 36.270,00",Moto Center Valinhos,Valinhos,Maria Oliveira,Concluída,Cartão,26/08/2026,pedro.oliveira127@email.com,11999990127
128,Carolina Gomes,69.0,Vinhedo,SP,CB 500F,Honda,Naked,2024,"R$ 41.702,00",Moto Center Vinhedo,Vinhedo,João Silva,Cancelada,Pix,27/07/2026,carolina.gomes128@email.com,11999990128
129,Juliana Costa,54.0,Campinas,SP,Ninja 400,Kawasaki,Esportiva,2023,"R$ 38.084,00",Moto Center Campinas,Campinas,Pedro Souza,Cancelada,Financiamento,19/05/2026,juliana.costa129@email.com,11999990129
130,Marcos Pereira,40.0,Jundiai,SP,CB 650R,Honda,Naked,2024,"R$ 53.288,00",Moto Center Jundiaí,Jundiai,Carlos Santos,Concluída,Pix,21/04/2026,marcos.pereira130@email.com,11999990130
131,Marcos Pereira,,Jundiai,SP,MT-07,Yamaha,Naked,2024,"R$ 51.546,00",Moto Center Jundiaí,Jundiai,Pedro Souza,Concluída,Pix,01/05/2026,marcos.pereira131@email.com,11999990131
132,Marcos Pereira,41.0,Campinas,SP,Versys 650,Kawasaki,Trail,2024,"R$ 48.819,00",Moto Center Campinas,Campinas,Pedro Souza,Concluída,Financiamento,16/05/2026,marcos.pereira132@email.com,11999990132
133,Amanda Rodrigues,62.0,Campinas,SP,MT-03,Yamaha,Naked,2024,"R$ 32.179,00",Moto Center Campinas,Campinas,João Silva,Cancelada,Financiamento,01/02/2026,amanda.rodrigues133@email.com,11999990133
134,João Santos,69.0,Jundiai,SP,Ninja 400,Kawasaki,Esportiva,2023,"R$ 34.657,00",Moto Center Jundiaí,Jundiai,Maria Oliveira,Cancelada,Financiamento,16/08/2026,joão.santos134@email.com,11999990134
135,Renata Costa,,Campinas,SP,CB 650R,Honda,Naked,2024,"R$ 55.144,00",Moto Center Campinas,Campinas,Carlos Santos,Cancelada,Pix,13/12/2026,renata.costa135@email.com,11999990135
136,Fernanda Alves,24.0,Valinhos,SP,CB 650R,Honda,Naked,2024,"R$ 54.515,00",Moto Center Valinhos,Valinhos,Maria Oliveira,Concluída,Financiamento,28/04/2026,fernanda.alves136@email.com,11999990136
137,Mariana Silva,44.0,Jundiai,SP,CB 650R,Honda,Naked,2024,"R$ 54.643,00",Moto Center Jundiaí,Jundiai,Carlos Santos,Cancelada,Financiamento,01/01/2026,mariana.silva137@email.com,11999990137
138,Diego Martins,73.0,Jundiai,SP,MT-03,Yamaha,Naked,2024,"R$ 32.644,00",Moto Center Jundiaí,Jundiai,Maria Oliveira,Concluída,Pix,20/07/2026,diego.martins138@email.com,11999990138
139,Mariana Silva,29.0,Vinhedo,SP,Ninja 400,Kawasaki,Esportiva,2023,"R$ 38.346,00",Moto Center Vinhedo,Vinhedo,Carlos Santos,Agendada,Pix,20/11/2026,mariana.silva139@email.com,11999990139
140,Bruno Lima,72.0,Valinhos,SP,MT-07,Yamaha,Naked,2024,"R$ 47.873,00",Moto Center Valinhos,Valinhos,Maria Oliveira,Agendada,Cartão,02/08/2026,bruno.lima140@email.com,11999990140
141,Carlos Mendes,24.0,Jundiai,SP,Versys 650,Kawasaki,Trail,2024,"R$ 52.047,00",Moto Center Jundiaí,Jundiai,João Silva,Concluída,Pix,25/12/2026,carlos.mendes141@email.com,11999990141
142,Diego Martins,30.0,Vinhedo,SP,Ninja 400,Kawasaki,Esportiva,2023,"R$ 38.740,00",Moto Center Vinhedo,Vinhedo,João Silva,Agendada,Pix,12/07/2026,diego.martins142@email.com,11999990142
143,João Santos,42.0,Campinas,SP,CB 650R,Honda,Naked,2024,"R$ 50.185,00",Moto Center Campinas,Campinas,Carlos Santos,Agendada,Financiamento,15/10/2026,joão.santos143@email.com,11999990143
144,Lucas Ferreira,43.0,Jundiai,SP,Ninja 400,Kawasaki,Esportiva,2023,"R$ 37.875,00",Moto Center Jundiaí,Jundiai,Pedro Souza,Agendada,Cartão,28/03/2026,lucas.ferreira144@email.com,11999990144
145,Mariana Silva,,Campinas,SP,Versys 650,Kawasaki,Trail,2024,"R$ 50.074,00",Moto Center Campinas,Campinas,Carlos Santos,Agendada,Cartão,14/07/2026,mariana.silva145@email.com,11999990145
146,Fernanda Alves,43.0,Valinhos,SP,CB 500F,Honda,Naked,2024,"R$ 44.780,00",Moto Center Valinhos,Valinhos,Maria Oliveira,Cancelada,Financiamento,26/07/2026,fernanda.alves146@email.com,11999990146
147,Ana Souza,55.0,Jundiai,SP,CB 500F,Honda,Naked,2024,"R$ 45.147,00",Moto Center Jundiaí,Jundiai,Maria Oliveira,Concluída,Pix,26/08/2026,ana.souza147@email.com,11999990147
148,Carolina Gomes,64.0,Valinhos,SP,Versys 650,Kawasaki,Trail,2024,"R$ 47.153,00",Moto Center Valinhos,Valinhos,Pedro Souza,Cancelada,Cartão,26/04/2026,carolina.gomes148@email.com,11999990148
149,Diego Martins,38.0,Valinhos,SP,MT-07,Yamaha,Naked,2024,"R$ 50.638,00",Moto Center Valinhos,Valinhos,Maria Oliveira,Concluída,Cartão,16/03/2026,diego.martins149@email.com,11999990149
150,Carolina Gomes,71.0,Valinhos,SP,MT-03,Yamaha,Naked,2024,"R$ 31.626,00",Moto Center Valinhos,Valinhos,Pedro Souza,Agendada,Cartão,22/06/2026,carolina.gomes150@email.com,11999990150
151,Carlos Mendes,21.0,Vinhedo,SP,MT-03,Yamaha,Naked,2024,"R$ 30.787,00",Moto Center Vinhedo,Vinhedo,João Silva,Agendada,Pix,26/07/2026,carlos.mendes151@email.com,11999990151
152,Amanda Rodrigues,32.0,Valinhos,SP,Versys 650,Kawasaki,Trail,2024,"R$ 51.028,00",Moto Center Valinhos,Valinhos,João Silva,Cancelada,Financiamento,14/08/2026,amanda.rodrigues152@email.com,11999990152
153,Ana Souza,58.0,Campinas,SP,MT-07,Yamaha,Naked,2024,"R$ 49.392,00",Moto Center Campinas,Campinas,Carlos Santos,Concluída,Pix,20/03/2026,ana.souza153@email.com,11999990153
154,Pedro Oliveira,25.0,Vinhedo,SP,MT-03,Yamaha,Naked,2024,"R$ 30.911,00",Moto Center Vinhedo,Vinhedo,Pedro Souza,Cancelada,Pix,17/10/2026,pedro.oliveira154@email.com,11999990154
155,Bruno Lima,,Jundiai,SP,MT-03,Yamaha,Naked,2024,"R$ 32.798,00",Moto Center Jundiaí,Jundiai,João Silva,Concluída,Financiamento,24/01/2026,bruno.lima155@email.com,11999990155
156,Bruno Lima,35.0,Vinhedo,SP,Ninja 400,Kawasaki,Esportiva,2023,"R$ 38.043,00",Moto Center Vinhedo,Vinhedo,Pedro Souza,Agendada,Cartão,25/06/2026,bruno.lima156@email.com,11999990156
157,Renata Costa,32.0,Jundiai,SP,MT-03,Yamaha,Naked,2024,"R$ 34.006,00",Moto Center Jundiaí,Jundiai,Maria Oliveira,Agendada,Financiamento,15/06/2026,renata.costa157@email.com,11999990157
158,Renata Costa,28.0,Valinhos,SP,PCX 160,Honda,Scooter,2025,"R$ 18.926,00",Moto Center Valinhos,Valinhos,Pedro Souza,Agendada,Cartão,06/03/2026,renata.costa158@email.com,11999990158
159,Pedro Oliveira,47.0,Vinhedo,SP,Ninja 400,Kawasaki,Esportiva,2023,"R$ 34.492,00",Moto Center Vinhedo,Vinhedo,Pedro Souza,Cancelada,Financiamento,09/07/2026,pedro.oliveira159@email.com,11999990159
160,Amanda Rodrigues,41.0,Valinhos,SP,MT-07,Yamaha,Naked,2024,"R$ 50.413,00",Moto Center Valinhos,Valinhos,Maria Oliveira,Cancelada,Cartão,28/11/2026,amanda.rodrigues160@email.com,11999990160
161,Fernanda Alves,19.0,Vinhedo,SP,PCX 160,Honda,Scooter,2025,"R$ 19.078,00",Moto Center Vinhedo,Vinhedo,Carlos Santos,Agendada,Financiamento,28/08/2026,fernanda.alves161@email.com,11999990161
162,Ana Souza,72.0,Valinhos,SP,PCX 160,Honda,Scooter,2025,"R$ 21.374,00",Moto Center Valinhos,Valinhos,Pedro Souza,Agendada,Pix,12/02/2026,ana.souza162@email.com,11999990162
163,João Santos,70.0,Campinas,SP,PCX 160,Honda,Scooter,2025,"R$ 23.393,00",Moto Center Campinas,Campinas,Maria Oliveira,Concluída,Pix,03/09/2026,joão.santos163@email.com,11999990163
164,Fernanda Alves,33.0,Valinhos,SP,PCX 160,Honda,Scooter,2025,"R$ 19.234,00",Moto Center Valinhos,Valinhos,Carlos Santos,Concluída,Pix,01/01/2026,fernanda.alves164@email.com,11999990164
165,Renata Costa,36.0,Campinas,SP,MT-03,Yamaha,Naked,2024,"R$ 33.112,00",Moto Center Campinas,Campinas,Maria Oliveira,Cancelada,Pix,06/09/2026,renata.costa165@email.com,11999990165
166,Carolina Gomes,52.0,Jundiai,SP,CB 500F,Honda,Naked,2024,"R$ 40.009,00",Moto Center Jundiaí,Jundiai,Carlos Santos,Concluída,Pix,23/04/2026,carolina.gomes166@email.com,11999990166
167,Thiago Alves,41.0,Jundiai,SP,MT-07,Yamaha,Naked,2024,"R$ 52.348,00",Moto Center Jundiaí,Jundiai,João Silva,Concluída,Pix,26/05/2026,thiago.alves167@email.com,11999990167
168,Marcos Pereira,37.0,Campinas,SP,Ninja 400,Kawasaki,Esportiva,2023,"R$ 36.027,00",Moto Center Campinas,Campinas,Maria Oliveira,Agendada,Cartão,28/04/2026,marcos.pereira168@email.com,11999990168
169,Diego Martins,55.0,Vinhedo,SP,CB 650R,Honda,Naked,2024,"R$ 51.478,00",Moto Center Vinhedo,Vinhedo,Pedro Souza,Agendada,Financiamento,05/03/2026,diego.martins169@email.com,11999990169
170,Thiago Alves,58.0,Valinhos,SP,MT-03,Yamaha,Naked,2024,"R$ 34.308,00",Moto Center Valinhos,Valinhos,Pedro Souza,Concluída,Pix,18/06/2026,thiago.alves170@email.com,11999990170
171,Ana Souza,47.0,Valinhos,SP,CB 650R,Honda,Naked,2024,"R$ 55.510,00",Moto Center Valinhos,Valinhos,João Silva,Cancelada,Cartão,20/03/2026,ana.souza171@email.com,11999990171
172,Lucas Ferreira,28.0,Campinas,SP,Ninja 400,Kawasaki,Esportiva,2023,"R$ 36.291,00",Moto Center Campinas,Campinas,Maria Oliveira,Concluída,Cartão,25/05/2026,lucas.ferreira172@email.com,11999990172
173,Mariana Silva,69.0,Vinhedo,SP,Ninja 400,Kawasaki,Esportiva,2023,"R$ 35.421,00",Moto Center Vinhedo,Vinhedo,Pedro Souza,Agendada,Pix,20/02/2026,mariana.silva173@email.com,11999990173
174,Carolina Gomes,39.0,Valinhos,SP,PCX 160,Honda,Scooter,2025,"R$ 22.297,00",Moto Center Valinhos,Valinhos,João Silva,Cancelada,Financiamento,04/09/2026,carolina.gomes174@email.com,11999990174
175,Mariana Silva,75.0,Vinhedo,SP,CB 500F,Honda,Naked,2024,"R$ 43.699,00",Moto Center Vinhedo,Vinhedo,João Silva,Concluída,Pix,17/01/2026,mariana.silva175@email.com,11999990175
176,Carlos Mendes,21.0,Valinhos,SP,CB 500F,Honda,Naked,2024,"R$ 44.955,00",Moto Center Valinhos,Valinhos,Carlos Santos,Agendada,Financiamento,02/07/2026,carlos.mendes176@email.com,11999990176
177,Pedro Oliveira,39.0,Jundiai,SP,Versys 650,Kawasaki,Trail,2024,"R$ 48.629,00",Moto Center Jundiaí,Jundiai,Maria Oliveira,Agendada,Pix,05/02/2026,pedro.oliveira177@email.com,11999990177
178,Diego Martins,,Valinhos,SP,CB 500F,Honda,Naked,2024,"R$ 44.118,00",Moto Center Valinhos,Valinhos,Maria Oliveira,Cancelada,Pix,11/11/2026,diego.martins178@email.com,11999990178
179,João Santos,44.0,Jundiai,SP,MT-07,Yamaha,Naked,2024,"R$ 50.967,00",Moto Center Jundiaí,Jundiai,Maria Oliveira,Concluída,Cartão,15/10/2026,joão.santos179@email.com,11999990179
180,Fernanda Alves,19.0,Jundiai,SP,MT-07,Yamaha,Naked,2024,"R$ 51.736,00",Moto Center Jundiaí,Jundiai,João Silva,Agendada,Financiamento,27/11/2026,fernanda.alves180@email.com,11999990180
181,Mariana Silva,41.0,Campinas,SP,MT-03,Yamaha,Naked,2024,"R$ 32.811,00",Moto Center Campinas,Campinas,Maria Oliveira,Concluída,Financiamento,10/04/2026,mariana.silva181@email.com,11999990181
182,Marcos Pereira,52.0,Vinhedo,SP,MT-07,Yamaha,Naked,2024,"R$ 47.255,00",Moto Center Vinhedo,Vinhedo,Maria Oliveira,Agendada,Cartão,06/02/2026,marcos.pereira182@email.com,11999990182
183,Pedro Oliveira,59.0,Campinas,SP,PCX 160,Honda,Scooter,2025,"R$ 24.024,00",Moto Center Campinas,Campinas,Pedro Souza,Concluída,Cartão,24/11/2026,pedro.oliveira183@email.com,11999990183
184,Bruno Lima,75.0,Campinas,SP,MT-03,Yamaha,Naked,2024,"R$ 31.407,00",Moto Center Campinas,Campinas,Pedro Souza,Concluída,Pix,15/04/2026,bruno.lima184@email.com,11999990184
185,Lucas Ferreira,33.0,Valinhos,SP,MT-07,Yamaha,Naked,2024,"R$ 49.159,00",Moto Center Valinhos,Valinhos,Carlos Santos,Concluída,Cartão,21/07/2026,lucas.ferreira185@email.com,11999990185
186,Ana Souza,22.0,Jundiai,SP,CB 650R,Honda,Naked,2024,"R$ 54.322,00",Moto Center Jundiaí,Jundiai,Carlos Santos,Concluída,Cartão,11/01/2026,ana.souza186@email.com,11999990186
187,Carlos Mendes,48.0,Vinhedo,SP,MT-07,Yamaha,Naked,2024,"R$ 48.239,00",Moto Center Vinhedo,Vinhedo,João Silva,Agendada,Pix,19/12/2026,carlos.mendes187@email.com,11999990187
188,Lucas Ferreira,39.0,Campinas,SP,CB 500F,Honda,Naked,2024,"R$ 41.538,00",Moto Center Campinas,Campinas,Pedro Souza,Agendada,Cartão,07/09/2026,lucas.ferreira188@email.com,11999990188
189,Pedro Oliveira,29.0,Vinhedo,SP,CB 500F,Honda,Naked,2024,"R$ 45.479,00",Moto Center Vinhedo,Vinhedo,João Silva,Agendada,Financiamento,22/06/2026,pedro.oliveira189@email.com,11999990189
190,Ana Souza,30.0,Valinhos,SP,Ninja 400,Kawasaki,Esportiva,2023,"R$ 36.444,00",Moto Center Valinhos,Valinhos,Carlos Santos,Concluída,Pix,16/08/2026,ana.souza190@email.com,11999990190
191,Mariana Silva,63.0,Valinhos,SP,MT-03,Yamaha,Naked,2024,"R$ 33.425,00",Moto Center Valinhos,Valinhos,João Silva,Concluída,Cartão,04/05/2026,mariana.silva191@email.com,11999990191
192,Fernanda Alves,,Campinas,SP,MT-07,Yamaha,Naked,2024,"R$ 49.374,00",Moto Center Campinas,Campinas,Carlos Santos,Concluída,Financiamento,12/01/2026,fernanda.alves192@email.com,11999990192
193,Pedro Oliveira,48.0,Jundiai,SP,MT-07,Yamaha,Naked,2024,"R$ 49.178,00",Moto Center Jundiaí,Jundiai,Carlos Santos,Concluída,Financiamento,17/05/2026,pedro.oliveira193@email.com,11999990193
194,Bruno Lima,68.0,Jundiai,SP,PCX 160,Honda,Scooter,2025,"R$ 21.135,00",Moto Center Jundiaí,Jundiai,Carlos Santos,Agendada,Pix,24/06/2026,bruno.lima194@email.com,11999990194
195,Thiago Alves,37.0,Jundiai,SP,CB 500F,Honda,Naked,2024,"R$ 39.631,00",Moto Center Jundiaí,Jundiai,Pedro Souza,Agendada,Pix,23/12/2026,thiago.alves195@email.com,11999990195
196,Thiago Alves,70.0,Valinhos,SP,MT-07,Yamaha,Naked,2024,"R$ 52.780,00",Moto Center Valinhos,Valinhos,João Silva,Concluída,Pix,05/02/2026,thiago.alves196@email.com,11999990196
197,Carlos Mendes,44.0,Campinas,SP,CB 650R,Honda,Naked,2024,"R$ 55.471,00",Moto Center Campinas,Campinas,Carlos Santos,Cancelada,Pix,07/01/2026,carlos.mendes197@email.com,11999990197
198,Fernanda Alves,27.0,Campinas,SP,CB 650R,Honda,Naked,2024,"R$ 55.678,00",Moto Center Campinas,Campinas,Pedro Souza,Cancelada,Cartão,13/12/2026,fernanda.alves198@email.com,11999990198
199,Ana Souza,68.0,Jundiai,SP,PCX 160,Honda,Scooter,2025,"R$ 22.154,00",Moto Center Jundiaí,Jundiai,Pedro Souza,Cancelada,Cartão,24/09/2026,ana.souza199@email.com,11999990199
200,Marcos Pereira,24.0,Vinhedo,SP,CB 500F,Honda,Naked,2024,"R$ 40.017,00",Moto Center Vinhedo,Vinhedo,Maria Oliveira,Concluída,Pix,04/12/2026,marcos.pereira200@email.com,11999990200
201,Diego Martins,65.0,Valinhos,SP,Ninja 400,Kawasaki,Esportiva,2023,"R$ 35.817,00",Moto Center Valinhos,Valinhos,Maria Oliveira,Concluída,Cartão,02/12/2026,diego.martins201@email.com,11999990201
202,Marcos Pereira,56.0,Campinas,SP,CB 650R,Honda,Naked,2024,"R$ 50.675,00",Moto Center Campinas,Campinas,Carlos Santos,Agendada,Cartão,23/07/2026,marcos.pereira202@email.com,11999990202
203,Juliana Costa,75.0,Valinhos,SP,MT-07,Yamaha,Naked,2024,"R$ 47.583,00",Moto Center Valinhos,Valinhos,João Silva,Agendada,Cartão,25/07/2026,juliana.costa203@email.com,11999990203
204,Mariana Silva,47.0,Valinhos,SP,Ninja 400,Kawasaki,Esportiva,2023,"R$ 37.464,00",Moto Center Valinhos,Valinhos,João Silva,Concluída,Pix,09/08/2026,mariana.silva204@email.com,11999990204
205,Thiago Alves,36.0,Vinhedo,SP,Versys 650,Kawasaki,Trail,2024,"R$ 47.482,00",Moto Center Vinhedo,Vinhedo,Carlos Santos,Cancelada,Cartão,09/01/2026,thiago.alves205@email.com,11999990205
206,Pedro Oliveira,25.0,Vinhedo,SP,CB 650R,Honda,Naked,2024,"R$ 53.764,00",Moto Center Vinhedo,Vinhedo,Maria Oliveira,Agendada,Financiamento,23/08/2026,pedro.oliveira206@email.com,11999990206
207,Juliana Costa,26.0,Jundiai,SP,CB 650R,Honda,Naked,2024,"R$ 52.234,00",Moto Center Jundiaí,Jundiai,Pedro Souza,Agendada,Cartão,16/01/2026,juliana.costa207@email.com,11999990207
208,Lucas Ferreira,44.0,Campinas,SP,CB 650R,Honda,Naked,2024,"R$ 55.976,00",Moto Center Campinas,Campinas,Maria Oliveira,Concluída,Cartão,07/05/2026,lucas.ferreira208@email.com,11999990208
209,Lucas Ferreira,48.0,Valinhos,SP,MT-07,Yamaha,Naked,2024,"R$ 49.091,00",Moto Center Valinhos,Valinhos,Pedro Souza,Agendada,Cartão,12/11/2026,lucas.ferreira209@email.com,11999990209
210,Pedro Oliveira,47.0,Jundiai,SP,PCX 160,Honda,Scooter,2025,"R$ 21.578,00",Moto Center Jundiaí,Jundiai,Carlos Santos,Agendada,Financiamento,01/03/2026,pedro.oliveira210@email.com,11999990210
211,Bruno Lima,69.0,Campinas,SP,Ninja 400,Kawasaki,Esportiva,2023,"R$ 37.288,00",Moto Center Campinas,Campinas,Maria Oliveira,Concluída,Cartão,11/08/2026,bruno.lima211@email.com,11999990211
212,Lucas Ferreira,37.0,Jundiai,SP,Versys 650,Kawasaki,Trail,2024,"R$ 50.884,00",Moto Center Jundiaí,Jundiai,Maria Oliveira,Cancelada,Pix,25/09/2026,lucas.ferreira212@email.com,11999990212
213,Lucas Ferreira,58.0,Campinas,SP,Versys 650,Kawasaki,Trail,2024,"R$ 50.985,00",Moto Center Campinas,Campinas,Carlos Santos,Concluída,Financiamento,01/05/2026,lucas.ferreira213@email.com,11999990213
214,Renata Costa,70.0,Jundiai,SP,Ninja 400,Kawasaki,Esportiva,2023,"R$ 36.780,00",Moto Center Jundiaí,Jundiai,Maria Oliveira,Concluída,Cartão,02/03/2026,renata.costa214@email.com,11999990214
215,Bruno Lima,57.0,Vinhedo,SP,PCX 160,Honda,Scooter,2025,"R$ 23.924,00",Moto Center Vinhedo,Vinhedo,Pedro Souza,Concluída,Financiamento,16/07/2026,bruno.lima215@email.com,11999990215
216,Renata Costa,70.0,Valinhos,SP,PCX 160,Honda,Scooter,2025,"R$ 21.247,00",Moto Center Valinhos,Valinhos,Carlos Santos,Agendada,Financiamento,13/02/2026,renata.costa216@email.com,11999990216
217,Mariana Silva,,Valinhos,SP,Versys 650,Kawasaki,Trail,2024,"R$ 49.922,00",Moto Center Valinhos,Valinhos,João Silva,Agendada,Financiamento,03/08/2026,mariana.silva217@email.com,11999990217
218,Marcos Pereira,49.0,Campinas,SP,MT-03,Yamaha,Naked,2024,"R$ 31.183,00",Moto Center Campinas,Campinas,Pedro Souza,Cancelada,Pix,15/12/2026,marcos.pereira218@email.com,11999990218
219,Renata Costa,68.0,Valinhos,SP,Ninja 400,Kawasaki,Esportiva,2023,"R$ 38.066,00",Moto Center Valinhos,Valinhos,Pedro Souza,Agendada,Pix,14/09/2026,renata.costa219@email.com,11999990219
220,Amanda Rodrigues,48.0,Jundiai,SP,MT-03,Yamaha,Naked,2024,"R$ 31.174,00",Moto Center Jundiaí,Jundiai,Pedro Souza,Cancelada,Pix,16/01/2026,amanda.rodrigues220@email.com,11999990220
221,Juliana Costa,37.0,Valinhos,SP,PCX 160,Honda,Scooter,2025,"R$ 23.395,00",Moto Center Valinhos,Valinhos,Carlos Santos,Cancelada,Pix,03/12/2026,juliana.costa221@email.com,11999990221
222,Ana Souza,20.0,Jundiai,SP,CB 500F,Honda,Naked,2024,"R$ 42.556,00",Moto Center Jundiaí,Jundiai,João Silva,Agendada,Financiamento,14/05/2026,ana.souza222@email.com,11999990222
223,Amanda Rodrigues,30.0,Campinas,SP,MT-03,Yamaha,Naked,2024,"R$ 35.080,00",Moto Center Campinas,Campinas,Carlos Santos,Concluída,Pix,09/07/2026,amanda.rodrigues223@email.com,11999990223
224,Fernanda Alves,27.0,Jundiai,SP,MT-07,Yamaha,Naked,2024,"R$ 47.388,00",Moto Center Jundiaí,Jundiai,Maria Oliveira,Cancelada,Financiamento,19/08/2026,fernanda.alves224@email.com,11999990224
225,Lucas Ferreira,66.0,Vinhedo,SP,MT-07,Yamaha,Naked,2024,"R$ 51.912,00",Moto Center Vinhedo,Vinhedo,João Silva,Cancelada,Pix,19/07/2026,lucas.ferreira225@email.com,11999990225
226,Carlos Mendes,60.0,Vinhedo,SP,PCX 160,Honda,Scooter,2025,"R$ 20.701,00",Moto Center Vinhedo,Vinhedo,Carlos Santos,Cancelada,Cartão,13/05/2026,carlos.mendes226@email.com,11999990226
227,Amanda Rodrigues,59.0,Vinhedo,SP,MT-07,Yamaha,Naked,2024,"R$ 47.594,00",Moto Center Vinhedo,Vinhedo,Carlos Santos,Agendada,Pix,17/08/2026,amanda.rodrigues227@email.com,11999990227
228,Thiago Alves,44.0,Vinhedo,SP,Ninja 400,Kawasaki,Esportiva,2023,"R$ 35.715,00",Moto Center Vinhedo,Vinhedo,Carlos Santos,Agendada,Pix,11/06/2026,thiago.alves228@email.com,11999990228
229,Fernanda Alves,60.0,Valinhos,SP,Ninja 400,Kawasaki,Esportiva,2023,"R$ 35.265,00",Moto Center Valinhos,Valinhos,Maria Oliveira,Agendada,Pix,23/05/2026,fernanda.alves229@email.com,11999990229
230,Pedro Oliveira,75.0,Campinas,SP,Versys 650,Kawasaki,Trail,2024,"R$ 52.357,00",Moto Center Campinas,Campinas,Maria Oliveira,Cancelada,Financiamento,19/02/2026,pedro.oliveira230@email.com,11999990230
231,Pedro Oliveira,29.0,Valinhos,SP,CB 500F,Honda,Naked,2024,"R$ 42.401,00",Moto Center Valinhos,Valinhos,Carlos Santos,Concluída,Pix,07/01/2026,pedro.oliveira231@email.com,11999990231
232,Carolina Gomes,61.0,Vinhedo,SP,CB 500F,Honda,Naked,2024,"R$ 43.460,00",Moto Center Vinhedo,Vinhedo,Pedro Souza,Concluída,Financiamento,22/02/2026,carolina.gomes232@email.com,11999990232
233,Fernanda Alves,71.0,Valinhos,SP,CB 650R,Honda,Naked,2024,"R$ 50.045,00",Moto Center Valinhos,Valinhos,Carlos Santos,Agendada,Pix,25/07/2026,fernanda.alves233@email.com,11999990233
234,Amanda Rodrigues,37.0,Campinas,SP,MT-03,Yamaha,Naked,2024,"R$ 33.551,00",Moto Center Campinas,Campinas,João Silva,Concluída,Cartão,18/02/2026,amanda.rodrigues234@email.com,11999990234
235,Marcos Pereira,45.0,Jundiai,SP,MT-07,Yamaha,Naked,2024,"R$ 47.438,00",Moto Center Jundiaí,Jundiai,João Silva,Concluída,Pix,10/07/2026,marcos.pereira235@email.com,11999990235
236,Bruno Lima,46.0,Valinhos,SP,CB 500F,Honda,Naked,2024,"R$ 41.319,00",Moto Center Valinhos,Valinhos,João Silva,Concluída,Pix,25/03/2026,bruno.lima236@email.com,11999990236
237,Amanda Rodrigues,42.0,Vinhedo,SP,PCX 160,Honda,Scooter,2025,"R$ 23.988,00",Moto Center Vinhedo,Vinhedo,João Silva,Cancelada,Financiamento,01/10/2026,amanda.rodrigues237@email.com,11999990237
238,Diego Martins,28.0,Valinhos,SP,MT-07,Yamaha,Naked,2024,"R$ 47.601,00",Moto Center Valinhos,Valinhos,João Silva,Concluída,Cartão,10/11/2026,diego.martins238@email.com,11999990238
239,Ana Souza,30.0,Jundiai,SP,PCX 160,Honda,Scooter,2025,"R$ 20.462,00",Moto Center Jundiaí,Jundiai,Maria Oliveira,Agendada,Cartão,01/12/2026,ana.souza239@email.com,11999990239
240,João Santos,34.0,Valinhos,SP,CB 650R,Honda,Naked,2024,"R$ 53.485,00",Moto Center Valinhos,Valinhos,João Silva,Agendada,Financiamento,16/04/2026,joão.santos240@email.com,11999990240
241,Mariana Silva,23.0,Valinhos,SP,MT-03,Yamaha,Naked,2024,"R$ 30.651,00",Moto Center Valinhos,Valinhos,Carlos Santos,Concluída,Cartão,12/06/2026,mariana.silva241@email.com,11999990241
242,Ana Souza,,Campinas,SP,Versys 650,Kawasaki,Trail,2024,"R$ 51.551,00",Moto Center Campinas,Campinas,Maria Oliveira,Concluída,Pix,08/07/2026,ana.souza242@email.com,11999990242
243,Amanda Rodrigues,51.0,Vinhedo,SP,Versys 650,Kawasaki,Trail,2024,"R$ 52.433,00",Moto Center Vinhedo,Vinhedo,Carlos Santos,Agendada,Pix,06/06/2026,amanda.rodrigues243@email.com,11999990243
244,Marcos Pereira,21.0,Valinhos,SP,MT-07,Yamaha,Naked,2024,"R$ 51.191,00",Moto Center Valinhos,Valinhos,João Silva,Agendada,Pix,13/07/2026,marcos.pereira244@email.com,11999990244
245,João Santos,37.0,Valinhos,SP,MT-03,Yamaha,Naked,2024,"R$ 29.845,00",Moto Center Valinhos,Valinhos,Carlos Santos,Agendada,Cartão,28/02/2026,joão.santos245@email.com,11999990245
246,Carolina Gomes,52.0,Jundiai,SP,PCX 160,Honda,Scooter,2025,"R$ 21.839,00",Moto Center Jundiaí,Jundiai,Maria Oliveira,Concluída,Financiamento,05/06/2026,carolina.gomes246@email.com,11999990246
247,Ana Souza,26.0,Vinhedo,SP,Ninja 400,Kawasaki,Esportiva,2023,"R$ 34.783,00",Moto Center Vinhedo,Vinhedo,Carlos Santos,Concluída,Financiamento,14/04/2026,ana.souza247@email.com,11999990247
248,Amanda Rodrigues,,Vinhedo,SP,MT-07,Yamaha,Naked,2024,"R$ 47.315,00",Moto Center Vinhedo,Vinhedo,Maria Oliveira,Cancelada,Financiamento,26/03/2026,amanda.rodrigues248@email.com,11999990248
249,Marcos Pereira,62.0,Vinhedo,SP,Versys 650,Kawasaki,Trail,2024,"R$ 48.688,00",Moto Center Vinhedo,Vinhedo,João Silva,Concluída,Cartão,13/11/2026,marcos.pereira249@email.com,11999990249
250,Mariana Silva,70.0,Vinhedo,SP,MT-07,Yamaha,Naked,2024,"R$ 49.453,00",Moto Center Vinhedo,Vinhedo,João Silva,Agendada,Cartão,03/11/2026,mariana.silva250@email.com,11999990250
251,Juliana Costa,74.0,Campinas,SP,CB 650R,Honda,Naked,2024,"R$ 50.630,00",Moto Center Campinas,Campinas,João Silva,Concluída,Cartão,11/03/2026,juliana.costa251@email.com,11999990251
252,Thiago Alves,62.0,Vinhedo,SP,Ninja 400,Kawasaki,Esportiva,2023,"R$ 34.777,00",Moto Center Vinhedo,Vinhedo,João Silva,Concluída,Financiamento,04/12/2026,thiago.alves252@email.com,11999990252
253,Carolina Gomes,31.0,Vinhedo,SP,MT-03,Yamaha,Naked,2024,"R$ 32.806,00",Moto Center Vinhedo,Vinhedo,João Silva,Agendada,Pix,05/03/2026,carolina.gomes253@email.com,11999990253
254,Ana Souza,49.0,Valinhos,SP,CB 650R,Honda,Naked,2024,"R$ 53.001,00",Moto Center Valinhos,Valinhos,João Silva,Agendada,Cartão,23/06/2026,ana.souza254@email.com,11999990254
255,Renata Costa,,Vinhedo,SP,CB 650R,Honda,Naked,2024,"R$ 50.811,00",Moto Center Vinhedo,Vinhedo,Maria Oliveira,Agendada,Cartão,21/03/2026,renata.costa255@email.com,11999990255
256,Diego Martins,34.0,Campinas,SP,MT-03,Yamaha,Naked,2024,"R$ 29.515,00",Moto Center Campinas,Campinas,João Silva,Concluída,Financiamento,10/05/2026,diego.martins256@email.com,11999990256
257,Amanda Rodrigues,63.0,Jundiai,SP,MT-03,Yamaha,Naked,2024,"R$ 30.928,00",Moto Center Jundiaí,Jundiai,Carlos Santos,Agendada,Cartão,03/08/2026,amanda.rodrigues257@email.com,11999990257
258,Carolina Gomes,,Jundiai,SP,PCX 160,Honda,Scooter,2025,"R$ 22.011,00",Moto Center Jundiaí,Jundiai,João Silva,Agendada,Financiamento,08/08/2026,carolina.gomes258@email.com,11999990258
259,Juliana Costa,22.0,Vinhedo,SP,CB 650R,Honda,Naked,2024,"R$ 55.931,00",Moto Center Vinhedo,Vinhedo,Carlos Santos,Cancelada,Financiamento,21/10/2026,juliana.costa259@email.com,11999990259
260,Mariana Silva,49.0,Campinas,SP,MT-03,Yamaha,Naked,2024,"R$ 35.146,00",Moto Center Campinas,Campinas,João Silva,Agendada,Pix,06/02/2026,mariana.silva260@email.com,11999990260
261,Pedro Oliveira,58.0,Vinhedo,SP,Versys 650,Kawasaki,Trail,2024,"R$ 49.968,00",Moto Center Vinhedo,Vinhedo,Maria Oliveira,Agendada,Financiamento,12/07/2026,pedro.oliveira261@email.com,11999990261
262,Carolina Gomes,32.0,Campinas,SP,PCX 160,Honda,Scooter,2025,"R$ 22.463,00",Moto Center Campinas,Campinas,Maria Oliveira,Cancelada,Financiamento,08/02/2026,carolina.gomes262@email.com,11999990262
263,Diego Martins,26.0,Jundiai,SP,MT-03,Yamaha,Naked,2024,"R$ 32.752,00",Moto Center Jundiaí,Jundiai,Carlos Santos,Concluída,Pix,09/02/2026,diego.martins263@email.com,11999990263
264,Renata Costa,63.0,Jundiai,SP,MT-03,Yamaha,Naked,2024,"R$ 31.038,00",Moto Center Jundiaí,Jundiai,Pedro Souza,Agendada,Financiamento,23/04/2026,renata.costa264@email.com,11999990264
265,Bruno Lima,30.0,Vinhedo,SP,CB 500F,Honda,Naked,2024,"R$ 40.908,00",Moto Center Vinhedo,Vinhedo,João Silva,Cancelada,Financiamento,12/01/2026,bruno.lima265@email.com,11999990265
266,Thiago Alves,37.0,Valinhos,SP,Versys 650,Kawasaki,Trail,2024,"R$ 51.332,00",Moto Center Valinhos,Valinhos,Pedro Souza,Agendada,Financiamento,02/07/2026,thiago.alves266@email.com,11999990266
267,Lucas Ferreira,19.0,Valinhos,SP,CB 650R,Honda,Naked,2024,"R$ 51.228,00",Moto Center Valinhos,Valinhos,João Silva,Agendada,Financiamento,10/12/2026,lucas.ferreira267@email.com,11999990267
268,Juliana Costa,38.0,Vinhedo,SP,MT-07,Yamaha,Naked,2024,"R$ 52.805,00",Moto Center Vinhedo,Vinhedo,Pedro Souza,Concluída,Financiamento,23/04/2026,juliana.costa268@email.com,11999990268
269,Renata Costa,44.0,Vinhedo,SP,CB 500F,Honda,Naked,2024,"R$ 42.782,00",Moto Center Vinhedo,Vinhedo,Carlos Santos,Concluída,Cartão,14/03/2026,renata.costa269@email.com,11999990269
270,Carlos Mendes,59.0,Jundiai,SP,MT-03,Yamaha,Naked,2024,"R$ 30.463,00",Moto Center Jundiaí,Jundiai,Pedro Souza,Agendada,Cartão,11/12/2026,carlos.mendes270@email.com,11999990270
271,João Santos,45.0,Vinhedo,SP,Versys 650,Kawasaki,Trail,2024,"R$ 48.088,00",Moto Center Vinhedo,Vinhedo,João Silva,Concluída,Pix,04/04/2026,joão.santos271@email.com,11999990271
272,Mariana Silva,,Vinhedo,SP,Versys 650,Kawasaki,Trail,2024,"R$ 48.584,00",Moto Center Vinhedo,Vinhedo,João Silva,Cancelada,Financiamento,17/09/2026,mariana.silva272@email.com,11999990272
273,Fernanda Alves,64.0,Valinhos,SP,CB 500F,Honda,Naked,2024,"R$ 43.140,00",Moto Center Valinhos,Valinhos,Carlos Santos,Concluída,Financiamento,22/07/2026,fernanda.alves273@email.com,11999990273
274,Renata Costa,55.0,Valinhos,SP,CB 500F,Honda,Naked,2024,"R$ 41.419,00",Moto Center Valinhos,Valinhos,Maria Oliveira,Cancelada,Financiamento,28/05/2026,renata.costa274@email.com,11999990274
275,Juliana Costa,26.0,Valinhos,SP,CB 650R,Honda,Naked,2024,"R$ 54.476,00",Moto Center Valinhos,Valinhos,Pedro Souza,Cancelada,Financiamento,21/05/2026,juliana.costa275@email.com,11999990275
276,Thiago Alves,54.0,Valinhos,SP,Versys 650,Kawasaki,Trail,2024,"R$ 48.744,00",Moto Center Valinhos,Valinhos,Maria Oliveira,Cancelada,Financiamento,20/06/2026,thiago.alves276@email.com,11999990276
277,Mariana Silva,36.0,Valinhos,SP,Ninja 400,Kawasaki,Esportiva,2023,"R$ 35.235,00",Moto Center Valinhos,Valinhos,Maria Oliveira,Concluída,Pix,12/02/2026,mariana.silva277@email.com,11999990277
278,João Santos,53.0,Vinhedo,SP,MT-07,Yamaha,Naked,2024,"R$ 50.319,00",Moto Center Vinhedo,Vinhedo,Pedro Souza,Agendada,Financiamento,26/01/2026,joão.santos278@email.com,11999990278
279,João Santos,61.0,Valinhos,SP,Versys 650,Kawasaki,Trail,2024,"R$ 49.682,00",Moto Center Valinhos,Valinhos,João Silva,Cancelada,Pix,19/06/2026,joão.santos279@email.com,11999990279
280,Marcos Pereira,56.0,Valinhos,SP,MT-07,Yamaha,Naked,2024,"R$ 52.338,00",Moto Center Valinhos,Valinhos,Maria Oliveira,Concluída,Financiamento,18/08/2026,marcos.pereira280@email.com,11999990280
281,Renata Costa,75.0,Jundiai,SP,PCX 160,Honda,Scooter,2025,"R$ 24.040,00",Moto Center Jundiaí,Jundiai,João Silva,Concluída,Pix,11/01/2026,renata.costa281@email.com,11999990281
282,Lucas Ferreira,33.0,Campinas,SP,MT-03,Yamaha,Naked,2024,"R$ 34.523,00",Moto Center Campinas,Campinas,Pedro Souza,Cancelada,Cartão,04/12/2026,lucas.ferreira282@email.com,11999990282
283,Bruno Lima,55.0,Campinas,SP,PCX 160,Honda,Scooter,2025,"R$ 22.086,00",Moto Center Campinas,Campinas,Maria Oliveira,Cancelada,Financiamento,23/09/2026,bruno.lima283@email.com,11999990283
284,Renata Costa,45.0,Jundiai,SP,Ninja 400,Kawasaki,Esportiva,2023,"R$ 34.379,00",Moto Center Jundiaí,Jundiai,Maria Oliveira,Concluída,Cartão,20/12/2026,renata.costa284@email.com,11999990284
285,Thiago Alves,52.0,Valinhos,SP,Versys 650,Kawasaki,Trail,2024,"R$ 51.689,00",Moto Center Valinhos,Valinhos,Pedro Souza,Agendada,Financiamento,20/03/2026,thiago.alves285@email.com,11999990285
286,Juliana Costa,72.0,Valinhos,SP,PCX 160,Honda,Scooter,2025,"R$ 23.117,00",Moto Center Valinhos,Valinhos,João Silva,Agendada,Pix,22/10/2026,juliana.costa286@email.com,11999990286
287,Pedro Oliveira,42.0,Campinas,SP,Ninja 400,Kawasaki,Esportiva,2023,"R$ 35.984,00",Moto Center Campinas,Campinas,Carlos Santos,Concluída,Pix,22/07/2026,pedro.oliveira287@email.com,11999990287
288,Carolina Gomes,60.0,Jundiai,SP,Ninja 400,Kawasaki,Esportiva,2023,"R$ 35.432,00",Moto Center Jundiaí,Jundiai,Carlos Santos,Agendada,Pix,09/06/2026,carolina.gomes288@email.com,11999990288
289,Juliana Costa,37.0,Campinas,SP,CB 500F,Honda,Naked,2024,"R$ 42.845,00",Moto Center Campinas,Campinas,João Silva,Agendada,Cartão,24/11/2026,juliana.costa289@email.com,11999990289
290,Juliana Costa,23.0,Jundiai,SP,Ninja 400,Kawasaki,Esportiva,2023,"R$ 33.545,00",Moto Center Jundiaí,Jundiai,Carlos Santos,Concluída,Cartão,15/10/2026,juliana.costa290@email.com,11999990290
291,Juliana Costa,34.0,Jundiai,SP,PCX 160,Honda,Scooter,2025,"R$ 19.421,00",Moto Center Jundiaí,Jundiai,João Silva,Agendada,Financiamento,03/11/2026,juliana.costa291@email.com,11999990291
292,Amanda Rodrigues,41.0,Campinas,SP,CB 650R,Honda,Naked,2024,"R$ 51.930,00",Moto Center Campinas,Campinas,Maria Oliveira,Agendada,Pix,14/10/2026,amanda.rodrigues292@email.com,11999990292
293,Thiago Alves,32.0,Vinhedo,SP,MT-03,Yamaha,Naked,2024,"R$ 33.904,00",Moto Center Vinhedo,Vinhedo,Maria Oliveira,Agendada,Financiamento,27/04/2026,thiago.alves293@email.com,11999990293
294,Renata Costa,44.0,Vinhedo,SP,Versys 650,Kawasaki,Trail,2024,"R$ 47.099,00",Moto Center Vinhedo,Vinhedo,Carlos Santos,Agendada,Financiamento,05/08/2026,renata.costa294@email.com,11999990294
295,Juliana Costa,22.0,Campinas,SP,CB 500F,Honda,Naked,2024,"R$ 39.704,00",Moto Center Campinas,Campinas,Carlos Santos,Agendada,Financiamento,22/09/2026,juliana.costa295@email.com,11999990295
296,Renata Costa,71.0,Jundiai,SP,Versys 650,Kawasaki,Trail,2024,"R$ 50.443,00",Moto Center Jundiaí,Jundiai,Maria Oliveira,Cancelada,Cartão,11/04/2026,renata.costa296@email.com,11999990296
297,Juliana Costa,60.0,Vinhedo,SP,Versys 650,Kawasaki,Trail,2024,"R$ 48.011,00",Moto Center Vinhedo,Vinhedo,João Silva,Cancelada,Pix,05/01/2026,juliana.costa297@email.com,11999990297
298,Carlos Mendes,28.0,Valinhos,SP,MT-07,Yamaha,Naked,2024,"R$ 50.766,00",Moto Center Valinhos,Valinhos,Maria Oliveira,Agendada,Pix,01/12/2026,carlos.mendes298@email.com,11999990298
299,Pedro Oliveira,49.0,Vinhedo,SP,CB 500F,Honda,Naked,2024,"R$ 45.442,00",Moto Center Vinhedo,Vinhedo,Pedro Souza,Concluída,Financiamento,18/01/2026,pedro.oliveira299@email.com,11999990299
300,Marcos Pereira,19.0,Jundiai,SP,CB 500F,Honda,Naked,2024,"R$ 40.109,00",Moto Center Jundiaí,Jundiai,Carlos Santos,Concluída,Financiamento,01/03/2026,marcos.pereira300@email.com,11999990300
301,Ana Souza,50.0,Valinhos,SP,CB 500F,Honda,Naked,2024,"R$ 44.070,00",Moto Center Valinhos,Valinhos,João Silva,Agendada,Financiamento,03/07/2026,ana.souza301@email.com,11999990301
302,Carolina Gomes,56.0,Campinas,SP,Ninja 400,Kawasaki,Esportiva,2023,"R$ 37.345,00",Moto Center Campinas,Campinas,Carlos Santos,Cancelada,Pix,23/12/2026,carolina.gomes302@email.com,11999990302
303,Fernanda Alves,71.0,Valinhos,SP,CB 650R,Honda,Naked,2024,"R$ 50.371,00",Moto Center Valinhos,Valinhos,Maria Oliveira,Agendada,Pix,10/07/2026,fernanda.alves303@email.com,11999990303
304,Thiago Alves,54.0,Valinhos,SP,PCX 160,Honda,Scooter,2025,"R$ 20.110,00",Moto Center Valinhos,Valinhos,João Silva,Agendada,Financiamento,03/08/2026,thiago.alves304@email.com,11999990304
305,Pedro Oliveira,56.0,Campinas,SP,MT-07,Yamaha,Naked,2024,"R$ 47.983,00",Moto Center Campinas,Campinas,Carlos Santos,Concluída,Pix,25/02/2026,pedro.oliveira305@email.com,11999990305
306,Amanda Rodrigues,60.0,Vinhedo,SP,CB 500F,Honda,Naked,2024,"R$ 42.663,00",Moto Center Vinhedo,Vinhedo,Maria Oliveira,Cancelada,Cartão,21/08/2026,amanda.rodrigues306@email.com,11999990306
307,Pedro Oliveira,39.0,Campinas,SP,CB 500F,Honda,Naked,2024,"R$ 42.308,00",Moto Center Campinas,Campinas,João Silva,Cancelada,Financiamento,11/10/2026,pedro.oliveira307@email.com,11999990307
308,Renata Costa,30.0,Jundiai,SP,Ninja 400,Kawasaki,Esportiva,2023,"R$ 37.676,00",Moto Center Jundiaí,Jundiai,Carlos Santos,Agendada,Cartão,08/11/2026,renata.costa308@email.com,11999990308
309,Marcos Pereira,67.0,Jundiai,SP,CB 650R,Honda,Naked,2024,"R$ 54.529,00",Moto Center Jundiaí,Jundiai,Pedro Souza,Agendada,Cartão,11/12/2026,marcos.pereira309@email.com,11999990309
310,Juliana Costa,74.0,Valinhos,SP,MT-07,Yamaha,Naked,2024,"R$ 47.526,00",Moto Center Valinhos,Valinhos,Maria Oliveira,Concluída,Financiamento,21/02/2026,juliana.costa310@email.com,11999990310
311,Lucas Ferreira,73.0,Jundiai,SP,Ninja 400,Kawasaki,Esportiva,2023,"R$ 35.168,00",Moto Center Jundiaí,Jundiai,João Silva,Agendada,Financiamento,18/01/2026,lucas.ferreira311@email.com,11999990311
312,Carlos Mendes,74.0,Vinhedo,SP,PCX 160,Honda,Scooter,2025,"R$ 22.682,00",Moto Center Vinhedo,Vinhedo,Carlos Santos,Cancelada,Cartão,25/03/2026,carlos.mendes312@email.com,11999990312
313,Lucas Ferreira,57.0,Campinas,SP,MT-03,Yamaha,Naked,2024,"R$ 32.920,00",Moto Center Campinas,Campinas,Carlos Santos,Concluída,Financiamento,06/03/2026,lucas.ferreira313@email.com,11999990313
314,Bruno Lima,30.0,Vinhedo,SP,CB 650R,Honda,Naked,2024,"R$ 50.239,00",Moto Center Vinhedo,Vinhedo,Pedro Souza,Concluída,Pix,21/02/2026,bruno.lima314@email.com,11999990314
315,Renata Costa,52.0,Valinhos,SP,CB 500F,Honda,Naked,2024,"R$ 44.985,00",Moto Center Valinhos,Valinhos,Pedro Souza,Cancelada,Cartão,17/07/2026,renata.costa315@email.com,11999990315
316,Bruno Lima,35.0,Valinhos,SP,CB 500F,Honda,Naked,2024,"R$ 42.406,00",Moto Center Valinhos,Valinhos,Carlos Santos,Agendada,Financiamento,17/05/2026,bruno.lima316@email.com,11999990316
317,Ana Souza,49.0,Vinhedo,SP,Ninja 400,Kawasaki,Esportiva,2023,"R$ 35.554,00",Moto Center Vinhedo,Vinhedo,Carlos Santos,Concluída,Financiamento,28/10/2026,ana.souza317@email.com,11999990317
318,Mariana Silva,60.0,Jundiai,SP,PCX 160,Honda,Scooter,2025,"R$ 21.192,00",Moto Center Jundiaí,Jundiai,Pedro Souza,Cancelada,Financiamento,23/08/2026,mariana.silva318@email.com,11999990318
319,Juliana Costa,63.0,Jundiai,SP,MT-07,Yamaha,Naked,2024,"R$ 50.266,00",Moto Center Jundiaí,Jundiai,Pedro Souza,Cancelada,Cartão,12/08/2026,juliana.costa319@email.com,11999990319
320,Renata Costa,38.0,Vinhedo,SP,MT-03,Yamaha,Naked,2024,"R$ 30.233,00",Moto Center Vinhedo,Vinhedo,Carlos Santos,Cancelada,Financiamento,13/11/2026,renata.costa320@email.com,11999990320
321,Mariana Silva,50.0,Vinhedo,SP,Versys 650,Kawasaki,Trail,2024,"R$ 49.916,00",Moto Center Vinhedo,Vinhedo,Maria Oliveira,Agendada,Pix,07/07/2026,mariana.silva321@email.com,11999990321
322,Juliana Costa,46.0,Valinhos,SP,PCX 160,Honda,Scooter,2025,"R$ 18.986,00",Moto Center Valinhos,Valinhos,Maria Oliveira,Cancelada,Cartão,12/02/2026,juliana.costa322@email.com,11999990322
323,Pedro Oliveira,53.0,Vinhedo,SP,CB 500F,Honda,Naked,2024,"R$ 42.498,00",Moto Center Vinhedo,Vinhedo,João Silva,Concluída,Pix,16/02/2026,pedro.oliveira323@email.com,11999990323
324,Pedro Oliveira,60.0,Jundiai,SP,MT-07,Yamaha,Naked,2024,"R$ 47.501,00",Moto Center Jundiaí,Jundiai,Pedro Souza,Cancelada,Cartão,15/08/2026,pedro.oliveira324@email.com,11999990324
325,Carlos Mendes,42.0,Valinhos,SP,Ninja 400,Kawasaki,Esportiva,2023,"R$ 36.017,00",Moto Center Valinhos,Valinhos,Maria Oliveira,Concluída,Financiamento,22/05/2026,carlos.mendes325@email.com,11999990325
326,Diego Martins,68.0,Jundiai,SP,MT-03,Yamaha,Naked,2024,"R$ 30.676,00",Moto Center Jundiaí,Jundiai,Maria Oliveira,Agendada,Financiamento,26/04/2026,diego.martins326@email.com,11999990326
327,João Santos,74.0,Campinas,SP,Ninja 400,Kawasaki,Esportiva,2023,"R$ 36.373,00",Moto Center Campinas,Campinas,Carlos Santos,Agendada,Cartão,10/06/2026,joão.santos327@email.com,11999990327
328,Carolina Gomes,19.0,Jundiai,SP,Ninja 400,Kawasaki,Esportiva,2023,"R$ 33.057,00",Moto Center Jundiaí,Jundiai,João Silva,Agendada,Cartão,03/06/2026,carolina.gomes328@email.com,11999990328
329,Marcos Pereira,73.0,Valinhos,SP,MT-03,Yamaha,Naked,2024,"R$ 32.481,00",Moto Center Valinhos,Valinhos,Pedro Souza,Concluída,Financiamento,21/03/2026,marcos.pereira329@email.com,11999990329
330,Renata Costa,60.0,Vinhedo,SP,MT-07,Yamaha,Naked,2024,"R$ 52.385,00",Moto Center Vinhedo,Vinhedo,Carlos Santos,Agendada,Financiamento,07/11/2026,renata.costa330@email.com,11999990330
331,Mariana Silva,74.0,Campinas,SP,MT-07,Yamaha,Naked,2024,"R$ 48.157,00",Moto Center Campinas,Campinas,Pedro Souza,Concluída,Financiamento,11/05/2026,mariana.silva331@email.com,11999990331
332,Fernanda Alves,24.0,Jundiai,SP,PCX 160,Honda,Scooter,2025,"R$ 19.385,00",Moto Center Jundiaí,Jundiai,João Silva,Concluída,Pix,06/10/2026,fernanda.alves332@email.com,11999990332
333,Diego Martins,22.0,Jundiai,SP,Ninja 400,Kawasaki,Esportiva,2023,"R$ 33.652,00",Moto Center Jundiaí,Jundiai,João Silva,Concluída,Pix,08/09/2026,diego.martins333@email.com,11999990333
334,João Santos,72.0,Valinhos,SP,MT-03,Yamaha,Naked,2024,"R$ 33.613,00",Moto Center Valinhos,Valinhos,João Silva,Agendada,Pix,09/11/2026,joão.santos334@email.com,11999990334
335,Marcos Pereira,,Vinhedo,SP,MT-03,Yamaha,Naked,2024,"R$ 30.395,00",Moto Center Vinhedo,Vinhedo,Pedro Souza,Agendada,Pix,12/10/2026,marcos.pereira335@email.com,11999990335
336,Bruno Lima,70.0,Vinhedo,SP,MT-07,Yamaha,Naked,2024,"R$ 48.100,00",Moto Center Vinhedo,Vinhedo,Maria Oliveira,Agendada,Financiamento,21/11/2026,bruno.lima336@email.com,11999990336
337,Fernanda Alves,65.0,Valinhos,SP,Ninja 400,Kawasaki,Esportiva,2023,"R$ 36.656,00",Moto Center Valinhos,Valinhos,João Silva,Agendada,Financiamento,06/01/2026,fernanda.alves337@email.com,11999990337
338,João Santos,58.0,Valinhos,SP,CB 500F,Honda,Naked,2024,"R$ 43.039,00",Moto Center Valinhos,Valinhos,João Silva,Agendada,Pix,27/06/2026,joão.santos338@email.com,11999990338
339,João Santos,47.0,Jundiai,SP,CB 650R,Honda,Naked,2024,"R$ 51.567,00",Moto Center Jundiaí,Jundiai,João Silva,Agendada,Financiamento,24/11/2026,joão.santos339@email.com,11999990339
340,Amanda Rodrigues,34.0,Valinhos,SP,Versys 650,Kawasaki,Trail,2024,"R$ 51.020,00",Moto Center Valinhos,Valinhos,Carlos Santos,Concluída,Financiamento,09/10/2026,amanda.rodrigues340@email.com,11999990340
341,Pedro Oliveira,29.0,Vinhedo,SP,PCX 160,Honda,Scooter,2025,"R$ 22.916,00",Moto Center Vinhedo,Vinhedo,Maria Oliveira,Concluída,Financiamento,09/08/2026,pedro.oliveira341@email.com,11999990341
342,Fernanda Alves,,Campinas,SP,CB 650R,Honda,Naked,2024,"R$ 50.124,00",Moto Center Campinas,Campinas,Carlos Santos,Concluída,Financiamento,05/07/2026,fernanda.alves342@email.com,11999990342
343,Mariana Silva,40.0,Valinhos,SP,MT-07,Yamaha,Naked,2024,"R$ 51.285,00",Moto Center Valinhos,Valinhos,Maria Oliveira,Cancelada,Pix,25/08/2026,mariana.silva343@email.com,11999990343
344,João Santos,73.0,Campinas,SP,Versys 650,Kawasaki,Trail,2024,"R$ 48.237,00",Moto Center Campinas,Campinas,Carlos Santos,Concluída,Cartão,25/11/2026,joão.santos344@email.com,11999990344
345,Amanda Rodrigues,75.0,Valinhos,SP,PCX 160,Honda,Scooter,2025,"R$ 21.328,00",Moto Center Valinhos,Valinhos,Pedro Souza,Concluída,Cartão,04/07/2026,amanda.rodrigues345@email.com,11999990345
346,Carlos Mendes,49.0,Jundiai,SP,MT-07,Yamaha,Naked,2024,"R$ 48.419,00",Moto Center Jundiaí,Jundiai,João Silva,Agendada,Cartão,05/05/2026,carlos.mendes346@email.com,11999990346
347,Bruno Lima,47.0,Campinas,SP,CB 500F,Honda,Naked,2024,"R$ 39.861,00",Moto Center Campinas,Campinas,Carlos Santos,Cancelada,Cartão,27/02/2026,bruno.lima347@email.com,11999990347
348,Renata Costa,40.0,Vinhedo,SP,MT-07,Yamaha,Naked,2024,"R$ 49.979,00",Moto Center Vinhedo,Vinhedo,João Silva,Cancelada,Pix,15/02/2026,renata.costa348@email.com,11999990348
349,Thiago Alves,56.0,Vinhedo,SP,MT-07,Yamaha,Naked,2024,"R$ 52.544,00",Moto Center Vinhedo,Vinhedo,Maria Oliveira,Concluída,Pix,13/01/2026,thiago.alves349@email.com,11999990349
350,Marcos Pereira,21.0,Campinas,SP,Ninja 400,Kawasaki,Esportiva,2023,"R$ 36.920,00",Moto Center Campinas,Campinas,João Silva,Concluída,Pix,02/07/2026,marcos.pereira350@email.com,11999990350
351,Carlos Mendes,47.0,Vinhedo,SP,MT-07,Yamaha,Naked,2024,"R$ 48.357,00",Moto Center Vinhedo,Vinhedo,Pedro Souza,Agendada,Cartão,01/04/2026,carlos.mendes351@email.com,11999990351
352,Carlos Mendes,24.0,Jundiai,SP,Versys 650,Kawasaki,Trail,2024,"R$ 50.028,00",Moto Center Jundiaí,Jundiai,João Silva,Concluída,Cartão,28/10/2026,carlos.mendes352@email.com,11999990352
353,Marcos Pereira,58.0,Campinas,SP,Ninja 400,Kawasaki,Esportiva,2023,"R$ 38.250,00",Moto Center Campinas,Campinas,Pedro Souza,Cancelada,Pix,07/03/2026,marcos.pereira353@email.com,11999990353
354,Diego Martins,29.0,Campinas,SP,MT-07,Yamaha,Naked,2024,"R$ 51.785,00",Moto Center Campinas,Campinas,Pedro Souza,Cancelada,Pix,11/07/2026,diego.martins354@email.com,11999990354
355,Marcos Pereira,29.0,Campinas,SP,Ninja 400,Kawasaki,Esportiva,2023,"R$ 35.932,00",Moto Center Campinas,Campinas,Carlos Santos,Agendada,Financiamento,26/07/2026,marcos.pereira355@email.com,11999990355
356,Lucas Ferreira,40.0,Campinas,SP,MT-07,Yamaha,Naked,2024,"R$ 48.278,00",Moto Center Campinas,Campinas,Carlos Santos,Cancelada,Financiamento,07/12/2026,lucas.ferreira356@email.com,11999990356
357,Carlos Mendes,30.0,Vinhedo,SP,MT-03,Yamaha,Naked,2024,"R$ 29.737,00",Moto Center Vinhedo,Vinhedo,João Silva,Concluída,Financiamento,26/10/2026,carlos.mendes357@email.com,11999990357
358,Marcos Pereira,44.0,Valinhos,SP,PCX 160,Honda,Scooter,2025,"R$ 21.236,00",Moto Center Valinhos,Valinhos,João Silva,Cancelada,Cartão,24/04/2026,marcos.pereira358@email.com,11999990358
359,João Santos,69.0,Campinas,SP,CB 650R,Honda,Naked,2024,"R$ 51.270,00",Moto Center Campinas,Campinas,Pedro Souza,Agendada,Pix,04/10/2026,joão.santos359@email.com,11999990359
360,João Santos,57.0,Vinhedo,SP,MT-07,Yamaha,Naked,2024,"R$ 47.439,00",Moto Center Vinhedo,Vinhedo,Pedro Souza,Cancelada,Pix,06/11/2026,joão.santos360@email.com,11999990360
361,Amanda Rodrigues,31.0,Campinas,SP,MT-03,Yamaha,Naked,2024,"R$ 31.589,00",Moto Center Campinas,Campinas,Carlos Santos,Concluída,Financiamento,07/03/2026,amanda.rodrigues361@email.com,11999990361
362,Pedro Oliveira,34.0,Vinhedo,SP,CB 650R,Honda,Naked,2024,"R$ 55.187,00",Moto Center Vinhedo,Vinhedo,Pedro Souza,Cancelada,Financiamento,03/09/2026,pedro.oliveira362@email.com,11999990362
363,Carlos Mendes,46.0,Valinhos,SP,MT-03,Yamaha,Naked,2024,"R$ 32.385,00",Moto Center Valinhos,Valinhos,Carlos Santos,Agendada,Pix,11/03/2026,carlos.mendes363@email.com,11999990363
364,Carlos Mendes,71.0,Jundiai,SP,Ninja 400,Kawasaki,Esportiva,2023,"R$ 35.255,00",Moto Center Jundiaí,Jundiai,Maria Oliveira,Concluída,Cartão,10/07/2026,carlos.mendes364@email.com,11999990364
365,Lucas Ferreira,57.0,Vinhedo,SP,MT-03,Yamaha,Naked,2024,"R$ 30.199,00",Moto Center Vinhedo,Vinhedo,Carlos Santos,Cancelada,Pix,02/08/2026,lucas.ferreira365@email.com,11999990365
366,Carlos Mendes,58.0,Valinhos,SP,Versys 650,Kawasaki,Trail,2024,"R$ 51.805,00",Moto Center Valinhos,Valinhos,Carlos Santos,Cancelada,Cartão,05/08/2026,carlos.mendes366@email.com,11999990366
367,Diego Martins,30.0,Jundiai,SP,Versys 650,Kawasaki,Trail,2024,"R$ 50.543,00",Moto Center Jundiaí,Jundiai,Maria Oliveira,Cancelada,Financiamento,20/07/2026,diego.martins367@email.com,11999990367
368,Pedro Oliveira,31.0,Valinhos,SP,Versys 650,Kawasaki,Trail,2024,"R$ 48.575,00",Moto Center Valinhos,Valinhos,Maria Oliveira,Agendada,Cartão,28/05/2026,pedro.oliveira368@email.com,11999990368
369,Carlos Mendes,49.0,Jundiai,SP,MT-07,Yamaha,Naked,2024,"R$ 47.107,00",Moto Center Jundiaí,Jundiai,Carlos Santos,Concluída,Financiamento,06/10/2026,carlos.mendes369@email.com,11999990369
370,Ana Souza,67.0,Jundiai,SP,CB 500F,Honda,Naked,2024,"R$ 41.271,00",Moto Center Jundiaí,Jundiai,Maria Oliveira,Concluída,Financiamento,24/05/2026,ana.souza370@email.com,11999990370
371,Diego Martins,50.0,Vinhedo,SP,Versys 650,Kawasaki,Trail,2024,"R$ 52.075,00",Moto Center Vinhedo,Vinhedo,Carlos Santos,Agendada,Pix,22/07/2026,diego.martins371@email.com,11999990371
372,Mariana Silva,72.0,Valinhos,SP,Ninja 400,Kawasaki,Esportiva,2023,"R$ 37.775,00",Moto Center Valinhos,Valinhos,Maria Oliveira,Agendada,Financiamento,20/04/2026,mariana.silva372@email.com,11999990372
373,Thiago Alves,36.0,Vinhedo,SP,CB 500F,Honda,Naked,2024,"R$ 44.079,00",Moto Center Vinhedo,Vinhedo,João Silva,Agendada,Cartão,07/01/2026,thiago.alves373@email.com,11999990373
374,Diego Martins,71.0,Campinas,SP,MT-07,Yamaha,Naked,2024,"R$ 49.552,00",Moto Center Campinas,Campinas,João Silva,Agendada,Cartão,18/09/2026,diego.martins374@email.com,11999990374
375,Juliana Costa,34.0,Valinhos,SP,CB 500F,Honda,Naked,2024,"R$ 42.224,00",Moto Center Valinhos,Valinhos,Carlos Santos,Concluída,Cartão,20/10/2026,juliana.costa375@email.com,11999990375
376,Carlos Mendes,61.0,Vinhedo,SP,Ninja 400,Kawasaki,Esportiva,2023,"R$ 38.101,00",Moto Center Vinhedo,Vinhedo,Maria Oliveira,Cancelada,Financiamento,09/03/2026,carlos.mendes376@email.com,11999990376
377,Pedro Oliveira,29.0,Jundiai,SP,CB 500F,Honda,Naked,2024,"R$ 40.638,00",Moto Center Jundiaí,Jundiai,Carlos Santos,Agendada,Financiamento,01/05/2026,pedro.oliveira377@email.com,11999990377
378,Lucas Ferreira,36.0,Valinhos,SP,MT-03,Yamaha,Naked,2024,"R$ 34.477,00",Moto Center Valinhos,Valinhos,Pedro Souza,Cancelada,Cartão,01/07/2026,lucas.ferreira378@email.com,11999990378
379,Ana Souza,67.0,Campinas,SP,Versys 650,Kawasaki,Trail,2024,"R$ 51.834,00",Moto Center Campinas,Campinas,João Silva,Cancelada,Cartão,04/07/2026,ana.souza379@email.com,11999990379
380,João Santos,62.0,Vinhedo,SP,PCX 160,Honda,Scooter,2025,"R$ 18.565,00",Moto Center Vinhedo,Vinhedo,João Silva,Concluída,Cartão,08/10/2026,joão.santos380@email.com,11999990380
381,Amanda Rodrigues,,Valinhos,SP,CB 500F,Honda,Naked,2024,"R$ 45.374,00",Moto Center Valinhos,Valinhos,João Silva,Concluída,Financiamento,27/07/2026,amanda.rodrigues381@email.com,11999990381
382,Ana Souza,41.0,Jundiai,SP,MT-07,Yamaha,Naked,2024,"R$ 51.114,00",Moto Center Jundiaí,Jundiai,Carlos Santos,Cancelada,Cartão,05/06/2026,ana.souza382@email.com,11999990382
383,Ana Souza,33.0,Valinhos,SP,CB 500F,Honda,Naked,2024,"R$ 41.668,00",Moto Center Valinhos,Valinhos,João Silva,Concluída,Pix,27/09/2026,ana.souza383@email.com,11999990383
384,Renata Costa,58.0,Jundiai,SP,MT-07,Yamaha,Naked,2024,"R$ 48.329,00",Moto Center Jundiaí,Jundiai,Pedro Souza,Cancelada,Pix,13/01/2026,renata.costa384@email.com,11999990384
385,Ana Souza,61.0,Vinhedo,SP,Ninja 400,Kawasaki,Esportiva,2023,"R$ 35.347,00",Moto Center Vinhedo,Vinhedo,Maria Oliveira,Cancelada,Cartão,05/02/2026,ana.souza385@email.com,11999990385
386,Bruno Lima,68.0,Jundiai,SP,MT-07,Yamaha,Naked,2024,"R$ 52.056,00",Moto Center Jundiaí,Jundiai,João Silva,Concluída,Pix,24/01/2026,bruno.lima386@email.com,11999990386
387,Carlos Mendes,24.0,Campinas,SP,MT-03,Yamaha,Naked,2024,"R$ 30.292,00",Moto Center Campinas,Campinas,João Silva,Cancelada,Financiamento,15/03/2026,carlos.mendes387@email.com,11999990387
388,Renata Costa,27.0,Campinas,SP,CB 650R,Honda,Naked,2024,"R$ 55.855,00",Moto Center Campinas,Campinas,Maria Oliveira,Agendada,Pix,15/04/2026,renata.costa388@email.com,11999990388
389,Thiago Alves,39.0,Valinhos,SP,Versys 650,Kawasaki,Trail,2024,"R$ 52.483,00",Moto Center Valinhos,Valinhos,João Silva,Concluída,Cartão,08/06/2026,thiago.alves389@email.com,11999990389
390,Pedro Oliveira,71.0,Campinas,SP,MT-03,Yamaha,Naked,2024,"R$ 31.463,00",Moto Center Campinas,Campinas,Pedro Souza,Cancelada,Cartão,23/07/2026,pedro.oliveira390@email.com,11999990390
391,Fernanda Alves,19.0,Valinhos,SP,MT-03,Yamaha,Naked,2024,"R$ 34.387,00",Moto Center Valinhos,Valinhos,João Silva,Concluída,Financiamento,03/03/2026,fernanda.alves391@email.com,11999990391
392,Renata Costa,42.0,Jundiai,SP,CB 500F,Honda,Naked,2024,"R$ 41.374,00",Moto Center Jundiaí,Jundiai,Maria Oliveira,Concluída,Financiamento,04/11/2026,renata.costa392@email.com,11999990392
393,João Santos,46.0,Jundiai,SP,MT-07,Yamaha,Naked,2024,"R$ 51.530,00",Moto Center Jundiaí,Jundiai,Carlos Santos,Cancelada,Pix,01/02/2026,joão.santos393@email.com,11999990393
394,Fernanda Alves,18.0,Valinhos,SP,Ninja 400,Kawasaki,Esportiva,2023,"R$ 34.841,00",Moto Center Valinhos,Valinhos,Maria Oliveira,Cancelada,Financiamento,20/09/2026,fernanda.alves394@email.com,11999990394
395,Amanda Rodrigues,42.0,Jundiai,SP,Ninja 400,Kawasaki,Esportiva,2023,"R$ 38.105,00",Moto Center Jundiaí,Jundiai,João Silva,Concluída,Cartão,13/12/2026,amanda.rodrigues395@email.com,11999990395
396,Diego Martins,18.0,Valinhos,SP,CB 650R,Honda,Naked,2024,"R$ 55.335,00",Moto Center Valinhos,Valinhos,Carlos Santos,Cancelada,Pix,13/09/2026,diego.martins396@email.com,11999990396
397,Diego Martins,65.0,Valinhos,SP,CB 500F,Honda,Naked,2024,"R$ 43.513,00",Moto Center Valinhos,Valinhos,Carlos Santos,Cancelada,Cartão,17/09/2026,diego.martins397@email.com,11999990397
398,Thiago Alves,46.0,Campinas,SP,PCX 160,Honda,Scooter,2025,"R$ 19.733,00",Moto Center Campinas,Campinas,Carlos Santos,Concluída,Cartão,15/03/2026,thiago.alves398@email.com,11999990398
399,Juliana Costa,69.0,Campinas,SP,PCX 160,Honda,Scooter,2025,"R$ 22.274,00",Moto Center Campinas,Campinas,Maria Oliveira,Concluída,Cartão,09/11/2026,juliana.costa399@email.com,11999990399
400,Renata Costa,,Campinas,SP,CB 500F,Honda,Naked,2024,"R$ 44.186,00",Moto Center Campinas,Campinas,Maria Oliveira,Agendada,Financiamento,23/07/2026,renata.costa400@email.com,11999990400
401,Thiago Alves,21.0,Vinhedo,SP,Ninja 400,Kawasaki,Esportiva,2023,"R$ 36.819,00",Moto Center Vinhedo,Vinhedo,João Silva,Cancelada,Financiamento,06/05/2026,thiago.alves401@email.com,11999990401
402,Ana Souza,63.0,Jundiai,SP,CB 650R,Honda,Naked,2024,"R$ 53.720,00",Moto Center Jundiaí,Jundiai,Carlos Santos,Cancelada,Financiamento,09/07/2026,ana.souza402@email.com,11999990402
403,Marcos Pereira,74.0,Valinhos,SP,PCX 160,Honda,Scooter,2025,"R$ 19.764,00",Moto Center Valinhos,Valinhos,Carlos Santos,Concluída,Pix,25/11/2026,marcos.pereira403@email.com,11999990403
404,Thiago Alves,22.0,Valinhos,SP,Ninja 400,Kawasaki,Esportiva,2023,"R$ 36.064,00",Moto Center Valinhos,Valinhos,Maria Oliveira,Concluída,Cartão,15/12/2026,thiago.alves404@email.com,11999990404
405,Carolina Gomes,45.0,Valinhos,SP,MT-07,Yamaha,Naked,2024,"R$ 48.599,00",Moto Center Valinhos,Valinhos,João Silva,Cancelada,Cartão,22/02/2026,carolina.gomes405@email.com,11999990405
406,Lucas Ferreira,18.0,Valinhos,SP,CB 650R,Honda,Naked,2024,"R$ 51.982,00",Moto Center Valinhos,Valinhos,Carlos Santos,Agendada,Financiamento,27/01/2026,lucas.ferreira406@email.com,11999990406
407,Renata Costa,41.0,Jundiai,SP,MT-07,Yamaha,Naked,2024,"R$ 49.189,00",Moto Center Jundiaí,Jundiai,Maria Oliveira,Concluída,Cartão,05/03/2026,renata.costa407@email.com,11999990407
408,João Santos,75.0,Vinhedo,SP,Ninja 400,Kawasaki,Esportiva,2023,"R$ 38.195,00",Moto Center Vinhedo,Vinhedo,Pedro Souza,Concluída,Cartão,25/07/2026,joão.santos408@email.com,11999990408
409,Mariana Silva,72.0,Valinhos,SP,MT-03,Yamaha,Naked,2024,"R$ 30.888,00",Moto Center Valinhos,Valinhos,Pedro Souza,Concluída,Financiamento,15/11/2026,mariana.silva409@email.com,11999990409
410,Mariana Silva,75.0,Valinhos,SP,PCX 160,Honda,Scooter,2025,"R$ 24.083,00",Moto Center Valinhos,Valinhos,Pedro Souza,Cancelada,Pix,23/09/2026,mariana.silva410@email.com,11999990410
411,Ana Souza,68.0,Jundiai,SP,PCX 160,Honda,Scooter,2025,"R$ 21.137,00",Moto Center Jundiaí,Jundiai,Maria Oliveira,Concluída,Pix,16/06/2026,ana.souza411@email.com,11999990411
412,Diego Martins,71.0,Valinhos,SP,Ninja 400,Kawasaki,Esportiva,2023,"R$ 35.686,00",Moto Center Valinhos,Valinhos,Pedro Souza,Concluída,Pix,04/12/2026,diego.martins412@email.com,11999990412
413,Bruno Lima,29.0,Vinhedo,SP,MT-07,Yamaha,Naked,2024,"R$ 50.228,00",Moto Center Vinhedo,Vinhedo,João Silva,Concluída,Pix,05/09/2026,bruno.lima413@email.com,11999990413
414,Juliana Costa,,Campinas,SP,CB 650R,Honda,Naked,2024,"R$ 55.220,00",Moto Center Campinas,Campinas,Pedro Souza,Concluída,Cartão,28/02/2026,juliana.costa414@email.com,11999990414
415,Pedro Oliveira,22.0,Jundiai,SP,CB 500F,Honda,Naked,2024,"R$ 42.370,00",Moto Center Jundiaí,Jundiai,João Silva,Cancelada,Pix,07/09/2026,pedro.oliveira415@email.com,11999990415
416,João Santos,53.0,Campinas,SP,MT-03,Yamaha,Naked,2024,"R$ 30.849,00",Moto Center Campinas,Campinas,Carlos Santos,Cancelada,Financiamento,08/12/2026,joão.santos416@email.com,11999990416
417,Renata Costa,18.0,Vinhedo,SP,PCX 160,Honda,Scooter,2025,"R$ 21.574,00",Moto Center Vinhedo,Vinhedo,João Silva,Agendada,Financiamento,07/01/2026,renata.costa417@email.com,11999990417
418,Carlos Mendes,22.0,Jundiai,SP,MT-03,Yamaha,Naked,2024,"R$ 30.919,00",Moto Center Jundiaí,Jundiai,Pedro Souza,Concluída,Pix,15/04/2026,carlos.mendes418@email.com,11999990418
419,Pedro Oliveira,42.0,Jundiai,SP,MT-07,Yamaha,Naked,2024,"R$ 51.469,00",Moto Center Jundiaí,Jundiai,Pedro Souza,Concluída,Financiamento,22/02/2026,pedro.oliveira419@email.com,11999990419
420,Carolina Gomes,43.0,Jundiai,SP,Ninja 400,Kawasaki,Esportiva,2023,"R$ 34.411,00",Moto Center Jundiaí,Jundiai,Pedro Souza,Concluída,Financiamento,26/06/2026,carolina.gomes420@email.com,11999990420
421,Pedro Oliveira,21.0,Jundiai,SP,Versys 650,Kawasaki,Trail,2024,"R$ 49.176,00",Moto Center Jundiaí,Jundiai,João Silva,Cancelada,Pix,13/04/2026,pedro.oliveira421@email.com,11999990421
422,Thiago Alves,36.0,Campinas,SP,Ninja 400,Kawasaki,Esportiva,2023,"R$ 37.489,00",Moto Center Campinas,Campinas,João Silva,Cancelada,Pix,09/11/2026,thiago.alves422@email.com,11999990422
423,Bruno Lima,48.0,Campinas,SP,Ninja 400,Kawasaki,Esportiva,2023,"R$ 36.690,00",Moto Center Campinas,Campinas,João Silva,Cancelada,Cartão,10/02/2026,bruno.lima423@email.com,11999990423
424,Carolina Gomes,61.0,Valinhos,SP,MT-03,Yamaha,Naked,2024,"R$ 32.838,00",Moto Center Valinhos,Valinhos,Pedro Souza,Concluída,Financiamento,19/10/2026,carolina.gomes424@email.com,11999990424
425,Mariana Silva,41.0,Campinas,SP,Versys 650,Kawasaki,Trail,2024,"R$ 51.050,00",Moto Center Campinas,Campinas,Pedro Souza,Agendada,Pix,09/09/2026,mariana.silva425@email.com,11999990425
426,Lucas Ferreira,62.0,Vinhedo,SP,CB 500F,Honda,Naked,2024,"R$ 40.832,00",Moto Center Vinhedo,Vinhedo,Carlos Santos,Agendada,Cartão,10/07/2026,lucas.ferreira426@email.com,11999990426
427,Juliana Costa,75.0,Vinhedo,SP,CB 650R,Honda,Naked,2024,"R$ 53.967,00",Moto Center Vinhedo,Vinhedo,Carlos Santos,Agendada,Cartão,15/04/2026,juliana.costa427@email.com,11999990427
428,Bruno Lima,35.0,Vinhedo,SP,MT-07,Yamaha,Naked,2024,"R$ 49.932,00",Moto Center Vinhedo,Vinhedo,Carlos Santos,Concluída,Financiamento,26/11/2026,bruno.lima428@email.com,11999990428
429,Renata Costa,56.0,Campinas,SP,CB 650R,Honda,Naked,2024,"R$ 52.696,00",Moto Center Campinas,Campinas,Maria Oliveira,Concluída,Cartão,06/06/2026,renata.costa429@email.com,11999990429
430,Lucas Ferreira,29.0,Campinas,SP,MT-07,Yamaha,Naked,2024,"R$ 47.086,00",Moto Center Campinas,Campinas,Pedro Souza,Concluída,Financiamento,21/04/2026,lucas.ferreira430@email.com,11999990430
431,Ana Souza,48.0,Campinas,SP,Ninja 400,Kawasaki,Esportiva,2023,"R$ 35.522,00",Moto Center Campinas,Campinas,Maria Oliveira,Cancelada,Pix,09/08/2026,ana.souza431@email.com,11999990431
432,Renata Costa,24.0,Jundiai,SP,MT-03,Yamaha,Naked,2024,"R$ 30.736,00",Moto Center Jundiaí,Jundiai,João Silva,Concluída,Pix,21/02/2026,renata.costa432@email.com,11999990432
433,Carolina Gomes,41.0,Vinhedo,SP,Versys 650,Kawasaki,Trail,2024,"R$ 51.041,00",Moto Center Vinhedo,Vinhedo,Pedro Souza,Cancelada,Cartão,05/12/2026,carolina.gomes433@email.com,11999990433
434,João Santos,74.0,Vinhedo,SP,Ninja 400,Kawasaki,Esportiva,2023,"R$ 33.340,00",Moto Center Vinhedo,Vinhedo,Pedro Souza,Agendada,Financiamento,07/02/2026,joão.santos434@email.com,11999990434
435,Ana Souza,20.0,Campinas,SP,Ninja 400,Kawasaki,Esportiva,2023,"R$ 34.714,00",Moto Center Campinas,Campinas,Carlos Santos,Concluída,Cartão,16/10/2026,ana.souza435@email.com,11999990435
436,Carlos Mendes,33.0,Jundiai,SP,Versys 650,Kawasaki,Trail,2024,"R$ 47.443,00",Moto Center Jundiaí,Jundiai,Pedro Souza,Agendada,Cartão,02/09/2026,carlos.mendes436@email.com,11999990436
437,Carolina Gomes,40.0,Jundiai,SP,MT-07,Yamaha,Naked,2024,"R$ 52.076,00",Moto Center Jundiaí,Jundiai,Maria Oliveira,Agendada,Financiamento,10/12/2026,carolina.gomes437@email.com,11999990437
438,Amanda Rodrigues,75.0,Jundiai,SP,PCX 160,Honda,Scooter,2025,"R$ 19.518,00",Moto Center Jundiaí,Jundiai,João Silva,Cancelada,Financiamento,25/05/2026,amanda.rodrigues438@email.com,11999990438
439,Diego Martins,54.0,Campinas,SP,MT-07,Yamaha,Naked,2024,"R$ 47.414,00",Moto Center Campinas,Campinas,Pedro Souza,Concluída,Pix,19/01/2026,diego.martins439@email.com,11999990439
440,João Santos,56.0,Valinhos,SP,Versys 650,Kawasaki,Trail,2024,"R$ 49.683,00",Moto Center Valinhos,Valinhos,Maria Oliveira,Agendada,Cartão,21/07/2026,joão.santos440@email.com,11999990440
441,Thiago Alves,34.0,Jundiai,SP,CB 500F,Honda,Naked,2024,"R$ 44.444,00",Moto Center Jundiaí,Jundiai,Pedro Souza,Concluída,Cartão,24/08/2026,thiago.alves441@email.com,11999990441
442,Marcos Pereira,66.0,Valinhos,SP,CB 500F,Honda,Naked,2024,"R$ 39.717,00",Moto Center Valinhos,Valinhos,Maria Oliveira,Concluída,Pix,28/03/2026,marcos.pereira442@email.com,11999990442
443,Fernanda Alves,39.0,Vinhedo,SP,MT-03,Yamaha,Naked,2024,"R$ 35.317,00",Moto Center Vinhedo,Vinhedo,Carlos Santos,Concluída,Cartão,26/07/2026,fernanda.alves443@email.com,11999990443
444,Ana Souza,,Campinas,SP,MT-03,Yamaha,Naked,2024,"R$ 31.718,00",Moto Center Campinas,Campinas,Pedro Souza,Cancelada,Cartão,21/10/2026,ana.souza444@email.com,11999990444
445,Pedro Oliveira,59.0,Jundiai,SP,PCX 160,Honda,Scooter,2025,"R$ 21.871,00",Moto Center Jundiaí,Jundiai,João Silva,Concluída,Pix,08/10/2026,pedro.oliveira445@email.com,11999990445
446,Lucas Ferreira,18.0,Jundiai,SP,MT-07,Yamaha,Naked,2024,"R$ 48.997,00",Moto Center Jundiaí,Jundiai,Maria Oliveira,Concluída,Pix,17/01/2026,lucas.ferreira446@email.com,11999990446
447,Carolina Gomes,44.0,Jundiai,SP,Ninja 400,Kawasaki,Esportiva,2023,"R$ 37.915,00",Moto Center Jundiaí,Jundiai,Pedro Souza,Cancelada,Cartão,23/10/2026,carolina.gomes447@email.com,11999990447
448,Thiago Alves,29.0,Vinhedo,SP,MT-03,Yamaha,Naked,2024,"R$ 33.716,00",Moto Center Vinhedo,Vinhedo,Maria Oliveira,Agendada,Financiamento,06/10/2026,thiago.alves448@email.com,11999990448
449,Pedro Oliveira,72.0,Campinas,SP,Versys 650,Kawasaki,Trail,2024,"R$ 48.547,00",Moto Center Campinas,Campinas,Maria Oliveira,Agendada,Pix,07/03/2026,pedro.oliveira449@email.com,11999990449
450,Diego Martins,26.0,Vinhedo,SP,PCX 160,Honda,Scooter,2025,"R$ 22.292,00",Moto Center Vinhedo,Vinhedo,Carlos Santos,Cancelada,Financiamento,18/04/2026,diego.martins450@email.com,11999990450
451,Carlos Mendes,35.0,Jundiai,SP,CB 500F,Honda,Naked,2024,"R$ 44.668,00",Moto Center Jundiaí,Jundiai,Pedro Souza,Cancelada,Pix,17/08/2026,carlos.mendes451@email.com,11999990451
452,Lucas Ferreira,54.0,Vinhedo,SP,MT-03,Yamaha,Naked,2024,"R$ 33.625,00",Moto Center Vinhedo,Vinhedo,João Silva,Agendada,Financiamento,07/08/2026,lucas.ferreira452@email.com,11999990452
453,Thiago Alves,57.0,Jundiai,SP,Versys 650,Kawasaki,Trail,2024,"R$ 49.586,00",Moto Center Jundiaí,Jundiai,Pedro Souza,Cancelada,Cartão,04/11/2026,thiago.alves453@email.com,11999990453
454,Lucas Ferreira,24.0,Jundiai,SP,MT-03,Yamaha,Naked,2024,"R$ 30.207,00",Moto Center Jundiaí,Jundiai,Maria Oliveira,Concluída,Cartão,15/08/2026,lucas.ferreira454@email.com,11999990454
455,Carolina Gomes,33.0,Campinas,SP,MT-03,Yamaha,Naked,2024,"R$ 33.777,00",Moto Center Campinas,Campinas,Carlos Santos,Cancelada,Pix,24/06/2026,carolina.gomes455@email.com,11999990455
456,Renata Costa,26.0,Campinas,SP,CB 500F,Honda,Naked,2024,"R$ 45.283,00",Moto Center Campinas,Campinas,João Silva,Concluída,Cartão,08/12/2026,renata.costa456@email.com,11999990456
457,Fernanda Alves,58.0,Jundiai,SP,CB 650R,Honda,Naked,2024,"R$ 51.489,00",Moto Center Jundiaí,Jundiai,Carlos Santos,Cancelada,Financiamento,08/06/2026,fernanda.alves457@email.com,11999990457
458,Lucas Ferreira,39.0,Vinhedo,SP,Ninja 400,Kawasaki,Esportiva,2023,"R$ 34.649,00",Moto Center Vinhedo,Vinhedo,Maria Oliveira,Concluída,Financiamento,12/10/2026,lucas.ferreira458@email.com,11999990458
459,Carolina Gomes,34.0,Valinhos,SP,CB 500F,Honda,Naked,2024,"R$ 40.371,00",Moto Center Valinhos,Valinhos,Carlos Santos,Agendada,Financiamento,23/12/2026,carolina.gomes459@email.com,11999990459
460,Lucas Ferreira,43.0,Valinhos,SP,MT-07,Yamaha,Naked,2024,"R$ 47.833,00",Moto Center Valinhos,Valinhos,Carlos Santos,Concluída,Cartão,03/03/2026,lucas.ferreira460@email.com,11999990460
461,Pedro Oliveira,46.0,Campinas,SP,MT-07,Yamaha,Naked,2024,"R$ 47.379,00",Moto Center Campinas,Campinas,Carlos Santos,Concluída,Financiamento,05/11/2026,pedro.oliveira461@email.com,11999990461
462,Carolina Gomes,69.0,Valinhos,SP,MT-07,Yamaha,Naked,2024,"R$ 52.409,00",Moto Center Valinhos,Valinhos,Pedro Souza,Concluída,Financiamento,19/07/2026,carolina.gomes462@email.com,11999990462
463,Bruno Lima,23.0,Valinhos,SP,MT-03,Yamaha,Naked,2024,"R$ 31.857,00",Moto Center Valinhos,Valinhos,João Silva,Concluída,Pix,11/05/2026,bruno.lima463@email.com,11999990463
464,Fernanda Alves,33.0,Vinhedo,SP,CB 650R,Honda,Naked,2024,"R$ 53.470,00",Moto Center Vinhedo,Vinhedo,João Silva,Agendada,Financiamento,09/10/2026,fernanda.alves464@email.com,11999990464
465,João Santos,61.0,Vinhedo,SP,MT-03,Yamaha,Naked,2024,"R$ 34.048,00",Moto Center Vinhedo,Vinhedo,Carlos Santos,Cancelada,Cartão,12/10/2026,joão.santos465@email.com,11999990465
466,Ana Souza,,Jundiai,SP,Ninja 400,Kawasaki,Esportiva,2023,"R$ 37.440,00",Moto Center Jundiaí,Jundiai,Pedro Souza,Concluída,Pix,25/08/2026,ana.souza466@email.com,11999990466
467,João Santos,55.0,Jundiai,SP,MT-03,Yamaha,Naked,2024,"R$ 35.179,00",Moto Center Jundiaí,Jundiai,Carlos Santos,Concluída,Pix,16/08/2026,joão.santos467@email.com,11999990467
468,Ana Souza,19.0,Campinas,SP,Ninja 400,Kawasaki,Esportiva,2023,"R$ 34.326,00",Moto Center Campinas,Campinas,Maria Oliveira,Cancelada,Cartão,11/05/2026,ana.souza468@email.com,11999990468
469,Carlos Mendes,35.0,Jundiai,SP,CB 650R,Honda,Naked,2024,"R$ 53.181,00",Moto Center Jundiaí,Jundiai,João Silva,Concluída,Cartão,28/11/2026,carlos.mendes469@email.com,11999990469
470,Ana Souza,75.0,Vinhedo,SP,CB 500F,Honda,Naked,2024,"R$ 39.985,00",Moto Center Vinhedo,Vinhedo,João Silva,Agendada,Pix,11/03/2026,ana.souza470@email.com,11999990470
471,Amanda Rodrigues,21.0,Valinhos,SP,Ninja 400,Kawasaki,Esportiva,2023,"R$ 38.436,00",Moto Center Valinhos,Valinhos,Pedro Souza,Concluída,Pix,13/10/2026,amanda.rodrigues471@email.com,11999990471
472,Pedro Oliveira,31.0,Jundiai,SP,CB 650R,Honda,Naked,2024,"R$ 51.004,00",Moto Center Jundiaí,Jundiai,Pedro Souza,Concluída,Pix,12/09/2026,pedro.oliveira472@email.com,11999990472
473,Bruno Lima,40.0,Jundiai,SP,CB 650R,Honda,Naked,2024,"R$ 51.137,00",Moto Center Jundiaí,Jundiai,Pedro Souza,Agendada,Cartão,24/02/2026,bruno.lima473@email.com,11999990473
474,Amanda Rodrigues,33.0,Vinhedo,SP,MT-07,Yamaha,Naked,2024,"R$ 47.194,00",Moto Center Vinhedo,Vinhedo,Maria Oliveira,Agendada,Financiamento,18/02/2026,amanda.rodrigues474@email.com,11999990474
475,Amanda Rodrigues,69.0,Valinhos,SP,PCX 160,Honda,Scooter,2025,"R$ 20.813,00",Moto Center Valinhos,Valinhos,Maria Oliveira,Agendada,Pix,07/02/2026,amanda.rodrigues475@email.com,11999990475
476,Mariana Silva,24.0,Jundiai,SP,Versys 650,Kawasaki,Trail,2024,"R$ 49.927,00",Moto Center Jundiaí,Jundiai,Pedro Souza,Concluída,Pix,06/10/2026,mariana.silva476@email.com,11999990476
477,Thiago Alves,54.0,Valinhos,SP,CB 650R,Honda,Naked,2024,"R$ 52.113,00",Moto Center Valinhos,Valinhos,Carlos Santos,Agendada,Cartão,18/07/2026,thiago.alves477@email.com,11999990477
478,Ana Souza,60.0,Valinhos,SP,Ninja 400,Kawasaki,Esportiva,2023,"R$ 32.952,00",Moto Center Valinhos,Valinhos,Carlos Santos,Concluída,Financiamento,21/12/2026,ana.souza478@email.com,11999990478
479,Carolina Gomes,67.0,Campinas,SP,CB 500F,Honda,Naked,2024,"R$ 44.652,00",Moto Center Campinas,Campinas,Pedro Souza,Cancelada,Cartão,21/01/2026,carolina.gomes479@email.com,11999990479
480,Thiago Alves,,Valinhos,SP,Versys 650,Kawasaki,Trail,2024,"R$ 48.436,00",Moto Center Valinhos,Valinhos,João Silva,Concluída,Pix,07/08/2026,thiago.alves480@email.com,11999990480
481,Marcos Pereira,75.0,Jundiai,SP,MT-07,Yamaha,Naked,2024,"R$ 50.233,00",Moto Center Jundiaí,Jundiai,Carlos Santos,Concluída,Financiamento,17/05/2026,marcos.pereira481@email.com,11999990481
482,Pedro Oliveira,33.0,Valinhos,SP,PCX 160,Honda,Scooter,2025,"R$ 22.137,00",Moto Center Valinhos,Valinhos,Carlos Santos,Cancelada,Pix,15/05/2026,pedro.oliveira482@email.com,11999990482
483,Ana Souza,41.0,Vinhedo,SP,MT-07,Yamaha,Naked,2024,"R$ 51.734,00",Moto Center Vinhedo,Vinhedo,Pedro Souza,Agendada,Pix,12/05/2026,ana.souza483@email.com,11999990483
484,Mariana Silva,58.0,Valinhos,SP,CB 500F,Honda,Naked,2024,"R$ 41.906,00",Moto Center Valinhos,Valinhos,Maria Oliveira,Cancelada,Cartão,21/07/2026,mariana.silva484@email.com,11999990484
485,Bruno Lima,28.0,Valinhos,SP,CB 650R,Honda,Naked,2024,"R$ 53.526,00",Moto Center Valinhos,Valinhos,João Silva,Agendada,Cartão,18/06/2026,bruno.lima485@email.com,11999990485
486,Marcos Pereira,63.0,Vinhedo,SP,Versys 650,Kawasaki,Trail,2024,"R$ 52.367,00",Moto Center Vinhedo,Vinhedo,Pedro Souza,Cancelada,Cartão,12/09/2026,marcos.pereira486@email.com,11999990486
487,Renata Costa,53.0,Valinhos,SP,MT-03,Yamaha,Naked,2024,"R$ 31.997,00",Moto Center Valinhos,Valinhos,João Silva,Cancelada,Pix,22/04/2026,renata.costa487@email.com,11999990487
488,Thiago Alves,35.0,Valinhos,SP,CB 650R,Honda,Naked,2024,"R$ 55.186,00",Moto Center Valinhos,Valinhos,Carlos Santos,Agendada,Cartão,11/10/2026,thiago.alves488@email.com,11999990488
489,Lucas Ferreira,72.0,Vinhedo,SP,CB 500F,Honda,Naked,2024,"R$ 44.100,00",Moto Center Vinhedo,Vinhedo,Pedro Souza,Concluída,Financiamento,18/11/2026,lucas.ferreira489@email.com,11999990489
490,Fernanda Alves,19.0,Campinas,SP,PCX 160,Honda,Scooter,2025,"R$ 21.359,00",Moto Center Campinas,Campinas,Pedro Souza,Cancelada,Pix,04/01/2026,fernanda.alves490@email.com,11999990490
491,Renata Costa,33.0,Jundiai,SP,CB 650R,Honda,Naked,2024,"R$ 54.876,00",Moto Center Jundiaí,Jundiai,João Silva,Cancelada,Pix,17/03/2026,renata.costa491@email.com,11999990491
492,Marcos Pereira,,Vinhedo,SP,MT-03,Yamaha,Naked,2024,"R$ 30.836,00",Moto Center Vinhedo,Vinhedo,Maria Oliveira,Concluída,Cartão,28/03/2026,marcos.pereira492@email.com,11999990492
493,Mariana Silva,28.0,Valinhos,SP,CB 650R,Honda,Naked,2024,"R$ 50.981,00",Moto Center Valinhos,Valinhos,João Silva,Concluída,Pix,01/06/2026,mariana.silva493@email.com,11999990493
494,Fernanda Alves,45.0,Vinhedo,SP,Versys 650,Kawasaki,Trail,2024,"R$ 49.495,00",Moto Center Vinhedo,Vinhedo,Pedro Souza,Cancelada,Pix,28/10/2026,fernanda.alves494@email.com,11999990494
495,Thiago Alves,50.0,Campinas,SP,Versys 650,Kawasaki,Trail,2024,"R$ 49.720,00",Moto Center Campinas,Campinas,Pedro Souza,Concluída,Pix,26/05/2026,thiago.alves495@email.com,11999990495
496,João Santos,52.0,Campinas,SP,CB 500F,Honda,Naked,2024,"R$ 42.160,00",Moto Center Campinas,Campinas,Maria Oliveira,Cancelada,Pix,21/02/2026,joão.santos496@email.com,11999990496
497,Fernanda Alves,,Jundiai,SP,Versys 650,Kawasaki,Trail,2024,"R$ 48.856,00",Moto Center Jundiaí,Jundiai,João Silva,Agendada,Financiamento,28/10/2026,fernanda.alves497@email.com,11999990497
498,Amanda Rodrigues,18.0,Vinhedo,SP,Ninja 400,Kawasaki,Esportiva,2023,"R$ 36.056,00",Moto Center Vinhedo,Vinhedo,Maria Oliveira,Concluída,Cartão,06/09/2026,amanda.rodrigues498@email.com,11999990498
499,Renata Costa,21.0,Jundiai,SP,CB 650R,Honda,Naked,2024,"R$ 50.779,00",Moto Center Jundiaí,Jundiai,João Silva,Agendada,Financiamento,25/08/2026,renata.costa499@email.com,11999990499
500,Mariana Silva,36.0,Valinhos,SP,PCX 160,Honda,Scooter,2025,"R$ 20.659,00",Moto Center Valinhos,Valinhos,João Silva,Cancelada,Pix,22/09/2026,mariana.silva500@email.com,11999990500
501,Carlos Mendes,51.0,Vinhedo,SP,PCX 160,Honda,Scooter,2025,"R$ 22.907,00",Moto Center Vinhedo,Vinhedo,Pedro Souza,Concluída,Pix,02/01/2026,carlos.mendes501@email.com,11999990501
502,Carlos Mendes,70.0,Valinhos,SP,CB 650R,Honda,Naked,2024,"R$ 52.492,00",Moto Center Valinhos,Valinhos,Pedro Souza,Concluída,Cartão,14/05/2026,carlos.mendes502@email.com,11999990502
503,Carlos Mendes,,Vinhedo,SP,MT-07,Yamaha,Naked,2024,"R$ 52.159,00",Moto Center Vinhedo,Vinhedo,João Silva,Concluída,Cartão,01/07/2026,carlos.mendes503@email.com,11999990503
504,Marcos Pereira,70.0,Campinas,SP,MT-07,Yamaha,Naked,2024,"R$ 46.999,00",Moto Center Campinas,Campinas,João Silva,Agendada,Pix,11/08/2026,marcos.pereira504@email.com,11999990504
505,Amanda Rodrigues,72.0,Vinhedo,SP,Versys 650,Kawasaki,Trail,2024,"R$ 51.039,00",Moto Center Vinhedo,Vinhedo,Maria Oliveira,Concluída,Financiamento,23/11/2026,amanda.rodrigues505@email.com,11999990505
506,Marcos Pereira,74.0,Campinas,SP,MT-03,Yamaha,Naked,2024,"R$ 30.366,00",Moto Center Campinas,Campinas,Maria Oliveira,Concluída,Pix,13/04/2026,marcos.pereira506@email.com,11999990506
507,Lucas Ferreira,51.0,Jundiai,SP,Ninja 400,Kawasaki,Esportiva,2023,"R$ 36.908,00",Moto Center Jundiaí,Jundiai,João Silva,Cancelada,Pix,28/04/2026,lucas.ferreira507@email.com,11999990507
508,Amanda Rodrigues,56.0,Jundiai,SP,MT-07,Yamaha,Naked,2024,"R$ 47.374,00",Moto Center Jundiaí,Jundiai,João Silva,Concluída,Cartão,25/06/2026,amanda.rodrigues508@email.com,11999990508
509,Bruno Lima,23.0,Jundiai,SP,MT-03,Yamaha,Naked,2024,"R$ 29.846,00",Moto Center Jundiaí,Jundiai,Maria Oliveira,Agendada,Pix,16/07/2026,bruno.lima509@email.com,11999990509
510,Juliana Costa,61.0,Jundiai,SP,Versys 650,Kawasaki,Trail,2024,"R$ 50.839,00",Moto Center Jundiaí,Jundiai,João Silva,Concluída,Financiamento,15/07/2026,juliana.costa510@email.com,11999990510
511,Marcos Pereira,71.0,Vinhedo,SP,Ninja 400,Kawasaki,Esportiva,2023,"R$ 34.297,00",Moto Center Vinhedo,Vinhedo,João Silva,Agendada,Financiamento,27/10/2026,marcos.pereira511@email.com,11999990511
512,Juliana Costa,65.0,Jundiai,SP,CB 650R,Honda,Naked,2024,"R$ 54.429,00",Moto Center Jundiaí,Jundiai,Pedro Souza,Agendada,Cartão,08/07/2026,juliana.costa512@email.com,11999990512
513,João Santos,54.0,Valinhos,SP,CB 650R,Honda,Naked,2024,"R$ 51.162,00",Moto Center Valinhos,Valinhos,Carlos Santos,Concluída,Financiamento,26/05/2026,joão.santos513@email.com,11999990513
514,Mariana Silva,34.0,Jundiai,SP,Ninja 400,Kawasaki,Esportiva,2023,"R$ 37.631,00",Moto Center Jundiaí,Jundiai,Maria Oliveira,Concluída,Cartão,25/01/2026,mariana.silva514@email.com,11999990514
515,Pedro Oliveira,22.0,Campinas,SP,Ninja 400,Kawasaki,Esportiva,2023,"R$ 35.145,00",Moto Center Campinas,Campinas,Carlos Santos,Concluída,Cartão,04/11/2026,pedro.oliveira515@email.com,11999990515
516,Fernanda Alves,20.0,Vinhedo,SP,CB 500F,Honda,Naked,2024,"R$ 40.881,00",Moto Center Vinhedo,Vinhedo,Pedro Souza,Concluída,Pix,07/03/2026,fernanda.alves516@email.com,11999990516
517,Lucas Ferreira,42.0,Jundiai,SP,MT-07,Yamaha,Naked,2024,"R$ 48.413,00",Moto Center Jundiaí,Jundiai,Carlos Santos,Concluída,Financiamento,05/03/2026,lucas.ferreira517@email.com,11999990517
518,Bruno Lima,62.0,Campinas,SP,Versys 650,Kawasaki,Trail,2024,"R$ 47.469,00",Moto Center Campinas,Campinas,Maria Oliveira,Agendada,Pix,03/04/2026,bruno.lima518@email.com,11999990518
519,Juliana Costa,31.0,Vinhedo,SP,PCX 160,Honda,Scooter,2025,"R$ 21.460,00",Moto Center Vinhedo,Vinhedo,Carlos Santos,Cancelada,Pix,11/02/2026,juliana.costa519@email.com,11999990519
520,Pedro Oliveira,21.0,Vinhedo,SP,CB 650R,Honda,Naked,2024,"R$ 50.658,00",Moto Center Vinhedo,Vinhedo,Carlos Santos,Cancelada,Cartão,24/07/2026,pedro.oliveira520@email.com,11999990520
521,Lucas Ferreira,21.0,Jundiai,SP,CB 500F,Honda,Naked,2024,"R$ 42.504,00",Moto Center Jundiaí,Jundiai,Carlos Santos,Agendada,Pix,06/11/2026,lucas.ferreira521@email.com,11999990521
522,Carolina Gomes,61.0,Jundiai,SP,CB 500F,Honda,Naked,2024,"R$ 42.254,00",Moto Center Jundiaí,Jundiai,Pedro Souza,Agendada,Pix,26/07/2026,carolina.gomes522@email.com,11999990522
523,Fernanda Alves,28.0,Campinas,SP,Versys 650,Kawasaki,Trail,2024,"R$ 49.755,00",Moto Center Campinas,Campinas,Maria Oliveira,Cancelada,Financiamento,24/01/2026,fernanda.alves523@email.com,11999990523
524,Thiago Alves,73.0,Vinhedo,SP,CB 650R,Honda,Naked,2024,"R$ 55.646,00",Moto Center Vinhedo,Vinhedo,Maria Oliveira,Cancelada,Cartão,22/09/2026,thiago.alves524@email.com,11999990524
525,Ana Souza,28.0,Valinhos,SP,CB 650R,Honda,Naked,2024,"R$ 52.846,00",Moto Center Valinhos,Valinhos,Maria Oliveira,Concluída,Pix,16/08/2026,ana.souza525@email.com,11999990525
526,Thiago Alves,74.0,Jundiai,SP,MT-03,Yamaha,Naked,2024,"R$ 34.074,00",Moto Center Jundiaí,Jundiai,Maria Oliveira,Agendada,Financiamento,05/06/2026,thiago.alves526@email.com,11999990526
527,Pedro Oliveira,44.0,Vinhedo,SP,CB 500F,Honda,Naked,2024,"R$ 39.523,00",Moto Center Vinhedo,Vinhedo,Carlos Santos,Cancelada,Cartão,14/11/2026,pedro.oliveira527@email.com,11999990527
528,Carlos Mendes,65.0,Campinas,SP,CB 500F,Honda,Naked,2024,"R$ 45.089,00",Moto Center Campinas,Campinas,Maria Oliveira,Agendada,Pix,26/06/2026,carlos.mendes528@email.com,11999990528
529,Thiago Alves,63.0,Campinas,SP,Versys 650,Kawasaki,Trail,2024,"R$ 50.247,00",Moto Center Campinas,Campinas,Carlos Santos,Cancelada,Cartão,04/05/2026,thiago.alves529@email.com,11999990529
530,Ana Souza,63.0,Jundiai,SP,MT-03,Yamaha,Naked,2024,"R$ 33.533,00",Moto Center Jundiaí,Jundiai,João Silva,Agendada,Financiamento,26/01/2026,ana.souza530@email.com,11999990530
531,Bruno Lima,46.0,Campinas,SP,PCX 160,Honda,Scooter,2025,"R$ 23.984,00",Moto Center Campinas,Campinas,João Silva,Cancelada,Financiamento,01/05/2026,bruno.lima531@email.com,11999990531
532,Amanda Rodrigues,,Jundiai,SP,MT-03,Yamaha,Naked,2024,"R$ 30.283,00",Moto Center Jundiaí,Jundiai,João Silva,Concluída,Pix,27/04/2026,amanda.rodrigues532@email.com,11999990532
533,Fernanda Alves,25.0,Jundiai,SP,MT-07,Yamaha,Naked,2024,"R$ 50.268,00",Moto Center Jundiaí,Jundiai,Maria Oliveira,Concluída,Financiamento,18/06/2026,fernanda.alves533@email.com,11999990533
534,Pedro Oliveira,49.0,Jundiai,SP,MT-07,Yamaha,Naked,2024,"R$ 50.670,00",Moto Center Jundiaí,Jundiai,Carlos Santos,Cancelada,Cartão,28/01/2026,pedro.oliveira534@email.com,11999990534
535,Fernanda Alves,20.0,Campinas,SP,MT-07,Yamaha,Naked,2024,"R$ 47.376,00",Moto Center Campinas,Campinas,Pedro Souza,Cancelada,Cartão,28/10/2026,fernanda.alves535@email.com,11999990535
536,Bruno Lima,70.0,Valinhos,SP,MT-07,Yamaha,Naked,2024,"R$ 52.516,00",Moto Center Valinhos,Valinhos,Maria Oliveira,Concluída,Pix,08/12/2026,bruno.lima536@email.com,11999990536
537,Carlos Mendes,65.0,Jundiai,SP,PCX 160,Honda,Scooter,2025,"R$ 22.747,00",Moto Center Jundiaí,Jundiai,Maria Oliveira,Cancelada,Cartão,25/08/2026,carlos.mendes537@email.com,11999990537
538,Bruno Lima,41.0,Valinhos,SP,Ninja 400,Kawasaki,Esportiva,2023,"R$ 34.278,00",Moto Center Valinhos,Valinhos,Pedro Souza,Concluída,Cartão,17/05/2026,bruno.lima538@email.com,11999990538
539,Carolina Gomes,43.0,Jundiai,SP,Ninja 400,Kawasaki,Esportiva,2023,"R$ 38.687,00",Moto Center Jundiaí,Jundiai,Maria Oliveira,Concluída,Pix,03/06/2026,carolina.gomes539@email.com,11999990539
540,Carlos Mendes,68.0,Vinhedo,SP,CB 500F,Honda,Naked,2024,"R$ 43.164,00",Moto Center Vinhedo,Vinhedo,João Silva,Cancelada,Cartão,25/01/2026,carlos.mendes540@email.com,11999990540
541,Amanda Rodrigues,69.0,Campinas,SP,CB 500F,Honda,Naked,2024,"R$ 44.951,00",Moto Center Campinas,Campinas,Pedro Souza,Concluída,Cartão,07/07/2026,amanda.rodrigues541@email.com,11999990541
542,Amanda Rodrigues,45.0,Jundiai,SP,MT-07,Yamaha,Naked,2024,"R$ 48.451,00",Moto Center Jundiaí,Jundiai,João Silva,Agendada,Cartão,16/04/2026,amanda.rodrigues542@email.com,11999990542
543,Diego Martins,29.0,Vinhedo,SP,Versys 650,Kawasaki,Trail,2024,"R$ 49.427,00",Moto Center Vinhedo,Vinhedo,Carlos Santos,Concluída,Financiamento,12/03/2026,diego.martins543@email.com,11999990543
544,Marcos Pereira,48.0,Campinas,SP,CB 650R,Honda,Naked,2024,"R$ 54.785,00",Moto Center Campinas,Campinas,Pedro Souza,Agendada,Financiamento,22/07/2026,marcos.pereira544@email.com,11999990544
545,Fernanda Alves,71.0,Vinhedo,SP,MT-03,Yamaha,Naked,2024,"R$ 34.087,00",Moto Center Vinhedo,Vinhedo,João Silva,Cancelada,Pix,25/11/2026,fernanda.alves545@email.com,11999990545
546,Bruno Lima,58.0,Jundiai,SP,PCX 160,Honda,Scooter,2025,"R$ 18.981,00",Moto Center Jundiaí,Jundiai,Pedro Souza,Concluída,Pix,16/04/2026,bruno.lima546@email.com,11999990546
547,Pedro Oliveira,21.0,Campinas,SP,MT-07,Yamaha,Naked,2024,"R$ 49.403,00",Moto Center Campinas,Campinas,Carlos Santos,Concluída,Cartão,16/02/2026,pedro.oliveira547@email.com,11999990547
548,Ana Souza,43.0,Vinhedo,SP,CB 500F,Honda,Naked,2024,"R$ 40.178,00",Moto Center Vinhedo,Vinhedo,Pedro Souza,Agendada,Cartão,28/06/2026,ana.souza548@email.com,11999990548
549,Fernanda Alves,64.0,Vinhedo,SP,PCX 160,Honda,Scooter,2025,"R$ 23.692,00",Moto Center Vinhedo,Vinhedo,Pedro Souza,Agendada,Pix,19/06/2026,fernanda.alves549@email.com,11999990549
550,Carlos Mendes,29.0,Valinhos,SP,CB 650R,Honda,Naked,2024,"R$ 53.286,00",Moto Center Valinhos,Valinhos,Carlos Santos,Concluída,Pix,09/10/2026,carlos.mendes550@email.com,11999990550
551,Mariana Silva,64.0,Campinas,SP,CB 650R,Honda,Naked,2024,"R$ 52.745,00",Moto Center Campinas,Campinas,Maria Oliveira,Cancelada,Cartão,14/11/2026,mariana.silva551@email.com,11999990551
552,Bruno Lima,68.0,Campinas,SP,MT-03,Yamaha,Naked,2024,"R$ 31.088,00",Moto Center Campinas,Campinas,Maria Oliveira,Agendada,Financiamento,07/08/2026,bruno.lima552@email.com,11999990552
553,Pedro Oliveira,65.0,Vinhedo,SP,MT-07,Yamaha,Naked,2024,"R$ 49.681,00",Moto Center Vinhedo,Vinhedo,Carlos Santos,Cancelada,Financiamento,04/06/2026,pedro.oliveira553@email.com,11999990553
554,Carlos Mendes,59.0,Valinhos,SP,Versys 650,Kawasaki,Trail,2024,"R$ 51.584,00",Moto Center Valinhos,Valinhos,Carlos Santos,Concluída,Cartão,10/02/2026,carlos.mendes554@email.com,11999990554
555,Renata Costa,,Vinhedo,SP,CB 650R,Honda,Naked,2024,"R$ 53.566,00",Moto Center Vinhedo,Vinhedo,João Silva,Concluída,Cartão,23/07/2026,renata.costa555@email.com,11999990555
556,Fernanda Alves,40.0,Valinhos,SP,MT-03,Yamaha,Naked,2024,"R$ 35.303,00",Moto Center Valinhos,Valinhos,João Silva,Cancelada,Pix,28/03/2026,fernanda.alves556@email.com,11999990556
557,Ana Souza,74.0,Vinhedo,SP,CB 500F,Honda,Naked,2024,"R$ 42.404,00",Moto Center Vinhedo,Vinhedo,Pedro Souza,Concluída,Cartão,26/01/2026,ana.souza557@email.com,11999990557
558,Amanda Rodrigues,32.0,Valinhos,SP,CB 500F,Honda,Naked,2024,"R$ 42.466,00",Moto Center Valinhos,Valinhos,Maria Oliveira,Agendada,Financiamento,26/08/2026,amanda.rodrigues558@email.com,11999990558
559,Fernanda Alves,65.0,Campinas,SP,PCX 160,Honda,Scooter,2025,"R$ 20.906,00",Moto Center Campinas,Campinas,Pedro Souza,Concluída,Cartão,21/03/2026,fernanda.alves559@email.com,11999990559
560,Pedro Oliveira,56.0,Valinhos,SP,CB 500F,Honda,Naked,2024,"R$ 45.240,00",Moto Center Valinhos,Valinhos,João Silva,Agendada,Financiamento,04/02/2026,pedro.oliveira560@email.com,11999990560
561,Juliana Costa,57.0,Vinhedo,SP,Ninja 400,Kawasaki,Esportiva,2023,"R$ 36.514,00",Moto Center Vinhedo,Vinhedo,Maria Oliveira,Concluída,Financiamento,06/09/2026,juliana.costa561@email.com,11999990561
562,Renata Costa,39.0,Campinas,SP,MT-07,Yamaha,Naked,2024,"R$ 49.911,00",Moto Center Campinas,Campinas,João Silva,Cancelada,Cartão,06/06/2026,renata.costa562@email.com,11999990562
563,Pedro Oliveira,23.0,Valinhos,SP,MT-03,Yamaha,Naked,2024,"R$ 30.741,00",Moto Center Valinhos,Valinhos,Carlos Santos,Cancelada,Financiamento,24/06/2026,pedro.oliveira563@email.com,11999990563
564,Marcos Pereira,46.0,Jundiai,SP,CB 650R,Honda,Naked,2024,"R$ 50.534,00",Moto Center Jundiaí,Jundiai,Maria Oliveira,Concluída,Pix,17/07/2026,marcos.pereira564@email.com,11999990564
565,João Santos,74.0,Valinhos,SP,MT-03,Yamaha,Naked,2024,"R$ 29.508,00",Moto Center Valinhos,Valinhos,Carlos Santos,Concluída,Cartão,13/05/2026,joão.santos565@email.com,11999990565
566,Mariana Silva,68.0,Valinhos,SP,Versys 650,Kawasaki,Trail,2024,"R$ 47.497,00",Moto Center Valinhos,Valinhos,João Silva,Agendada,Pix,02/09/2026,mariana.silva566@email.com,11999990566
567,Carlos Mendes,30.0,Vinhedo,SP,PCX 160,Honda,Scooter,2025,"R$ 18.782,00",Moto Center Vinhedo,Vinhedo,João Silva,Concluída,Financiamento,23/05/2026,carlos.mendes567@email.com,11999990567
568,Pedro Oliveira,31.0,Jundiai,SP,PCX 160,Honda,Scooter,2025,"R$ 24.400,00",Moto Center Jundiaí,Jundiai,Pedro Souza,Cancelada,Pix,17/08/2026,pedro.oliveira568@email.com,11999990568
569,Mariana Silva,,Valinhos,SP,PCX 160,Honda,Scooter,2025,"R$ 23.085,00",Moto Center Valinhos,Valinhos,João Silva,Cancelada,Pix,10/08/2026,mariana.silva569@email.com,11999990569
570,Juliana Costa,72.0,Jundiai,SP,MT-07,Yamaha,Naked,2024,"R$ 47.354,00",Moto Center Jundiaí,Jundiai,Pedro Souza,Cancelada,Financiamento,12/08/2026,juliana.costa570@email.com,11999990570
571,Juliana Costa,42.0,Campinas,SP,CB 650R,Honda,Naked,2024,"R$ 55.331,00",Moto Center Campinas,Campinas,Maria Oliveira,Cancelada,Financiamento,21/09/2026,juliana.costa571@email.com,11999990571
572,Marcos Pereira,61.0,Valinhos,SP,Ninja 400,Kawasaki,Esportiva,2023,"R$ 36.618,00",Moto Center Valinhos,Valinhos,Carlos Santos,Concluída,Pix,22/04/2026,marcos.pereira572@email.com,11999990572
573,Carolina Gomes,20.0,Vinhedo,SP,MT-03,Yamaha,Naked,2024,"R$ 33.112,00",Moto Center Vinhedo,Vinhedo,Maria Oliveira,Concluída,Pix,04/02/2026,carolina.gomes573@email.com,11999990573
574,João Santos,64.0,Valinhos,SP,Ninja 400,Kawasaki,Esportiva,2023,"R$ 35.568,00",Moto Center Valinhos,Valinhos,Carlos Santos,Cancelada,Financiamento,25/11/2026,joão.santos574@email.com,11999990574
575,Carolina Gomes,,Vinhedo,SP,MT-07,Yamaha,Naked,2024,"R$ 49.488,00",Moto Center Vinhedo,Vinhedo,João Silva,Agendada,Cartão,11/01/2026,carolina.gomes575@email.com,11999990575
576,Marcos Pereira,43.0,Jundiai,SP,Ninja 400,Kawasaki,Esportiva,2023,"R$ 33.028,00",Moto Center Jundiaí,Jundiai,Pedro Souza,Cancelada,Financiamento,18/08/2026,marcos.pereira576@email.com,11999990576
577,Thiago Alves,65.0,Valinhos,SP,PCX 160,Honda,Scooter,2025,"R$ 20.368,00",Moto Center Valinhos,Valinhos,Maria Oliveira,Concluída,Cartão,08/04/2026,thiago.alves577@email.com,11999990577
578,Marcos Pereira,25.0,Valinhos,SP,MT-07,Yamaha,Naked,2024,"R$ 52.051,00",Moto Center Valinhos,Valinhos,Pedro Souza,Agendada,Pix,09/05/2026,marcos.pereira578@email.com,11999990578
579,Mariana Silva,44.0,Campinas,SP,MT-07,Yamaha,Naked,2024,"R$ 48.057,00",Moto Center Campinas,Campinas,Maria Oliveira,Agendada,Pix,22/12/2026,mariana.silva579@email.com,11999990579
580,Mariana Silva,36.0,Jundiai,SP,MT-07,Yamaha,Naked,2024,"R$ 52.512,00",Moto Center Jundiaí,Jundiai,Maria Oliveira,Concluída,Pix,05/07/2026,mariana.silva580@email.com,11999990580
581,Thiago Alves,34.0,Vinhedo,SP,MT-03,Yamaha,Naked,2024,"R$ 31.577,00",Moto Center Vinhedo,Vinhedo,Maria Oliveira,Concluída,Cartão,27/09/2026,thiago.alves581@email.com,11999990581
582,Marcos Pereira,66.0,Vinhedo,SP,MT-07,Yamaha,Naked,2024,"R$ 50.363,00",Moto Center Vinhedo,Vinhedo,Maria Oliveira,Concluída,Cartão,09/10/2026,marcos.pereira582@email.com,11999990582
583,Amanda Rodrigues,20.0,Vinhedo,SP,CB 650R,Honda,Naked,2024,"R$ 55.078,00",Moto Center Vinhedo,Vinhedo,João Silva,Agendada,Financiamento,22/05/2026,amanda.rodrigues583@email.com,11999990583
584,Bruno Lima,39.0,Campinas,SP,CB 650R,Honda,Naked,2024,"R$ 55.710,00",Moto Center Campinas,Campinas,João Silva,Agendada,Financiamento,13/01/2026,bruno.lima584@email.com,11999990584
585,Marcos Pereira,67.0,Campinas,SP,MT-03,Yamaha,Naked,2024,"R$ 32.132,00",Moto Center Campinas,Campinas,Carlos Santos,Cancelada,Financiamento,23/03/2026,marcos.pereira585@email.com,11999990585
586,Pedro Oliveira,19.0,Campinas,SP,Ninja 400,Kawasaki,Esportiva,2023,"R$ 35.771,00",Moto Center Campinas,Campinas,João Silva,Cancelada,Pix,03/05/2026,pedro.oliveira586@email.com,11999990586
587,Ana Souza,30.0,Campinas,SP,CB 650R,Honda,Naked,2024,"R$ 52.197,00",Moto Center Campinas,Campinas,Pedro Souza,Concluída,Pix,07/07/2026,ana.souza587@email.com,11999990587
588,Pedro Oliveira,68.0,Jundiai,SP,MT-03,Yamaha,Naked,2024,"R$ 30.242,00",Moto Center Jundiaí,Jundiai,João Silva,Agendada,Cartão,13/04/2026,pedro.oliveira588@email.com,11999990588
589,Juliana Costa,34.0,Jundiai,SP,PCX 160,Honda,Scooter,2025,"R$ 18.541,00",Moto Center Jundiaí,Jundiai,Carlos Santos,Cancelada,Pix,08/10/2026,juliana.costa589@email.com,11999990589
590,Amanda Rodrigues,56.0,Campinas,SP,MT-07,Yamaha,Naked,2024,"R$ 52.560,00",Moto Center Campinas,Campinas,Carlos Santos,Agendada,Cartão,27/07/2026,amanda.rodrigues590@email.com,11999990590
591,Amanda Rodrigues,18.0,Campinas,SP,MT-07,Yamaha,Naked,2024,"R$ 48.460,00",Moto Center Campinas,Campinas,João Silva,Concluída,Financiamento,18/05/2026,amanda.rodrigues591@email.com,11999990591
592,Carolina Gomes,63.0,Vinhedo,SP,MT-07,Yamaha,Naked,2024,"R$ 51.868,00",Moto Center Vinhedo,Vinhedo,Pedro Souza,Concluída,Cartão,19/06/2026,carolina.gomes592@email.com,11999990592
593,Renata Costa,32.0,Vinhedo,SP,MT-03,Yamaha,Naked,2024,"R$ 34.626,00",Moto Center Vinhedo,Vinhedo,Pedro Souza,Agendada,Cartão,15/09/2026,renata.costa593@email.com,11999990593
594,João Santos,39.0,Campinas,SP,MT-03,Yamaha,Naked,2024,"R$ 32.034,00",Moto Center Campinas,Campinas,Pedro Souza,Cancelada,Pix,05/05/2026,joão.santos594@email.com,11999990594
595,Thiago Alves,50.0,Jundiai,SP,MT-03,Yamaha,Naked,2024,"R$ 30.543,00",Moto Center Jundiaí,Jundiai,Carlos Santos,Concluída,Financiamento,02/04/2026,thiago.alves595@email.com,11999990595
596,Carolina Gomes,75.0,Jundiai,SP,CB 500F,Honda,Naked,2024,"R$ 39.654,00",Moto Center Jundiaí,Jundiai,João Silva,Concluída,Cartão,04/10/2026,carolina.gomes596@email.com,11999990596
597,Fernanda Alves,37.0,Campinas,SP,CB 650R,Honda,Naked,2024,"R$ 52.370,00",Moto Center Campinas,Campinas,João Silva,Agendada,Financiamento,15/09/2026,fernanda.alves597@email.com,11999990597
598,Renata Costa,34.0,Valinhos,SP,Versys 650,Kawasaki,Trail,2024,"R$ 48.902,00",Moto Center Valinhos,Valinhos,Pedro Souza,Concluída,Financiamento,13/08/2026,renata.costa598@email.com,11999990598
599,Thiago Alves,46.0,Jundiai,SP,Ninja 400,Kawasaki,Esportiva,2023,"R$ 35.953,00",Moto Center Jundiaí,Jundiai,João Silva,Agendada,Financiamento,24/02/2026,thiago.alves599@email.com,11999990599
600,Fernanda Alves,72.0,Valinhos,SP,CB 500F,Honda,Naked,2024,"R$ 43.847,00",Moto Center Valinhos,Valinhos,Carlos Santos,Concluída,Cartão,18/01/2026,fernanda.alves600@email.com,11999990600
601,Thiago Alves,20.0,Campinas,SP,CB 500F,Honda,Naked,2024,"R$ 43.871,00",Moto Center Campinas,Campinas,Pedro Souza,Agendada,Cartão,12/03/2026,thiago.alves601@email.com,11999990601
602,Diego Martins,,Campinas,SP,Ninja 400,Kawasaki,Esportiva,2023,"R$ 35.084,00",Moto Center Campinas,Campinas,Pedro Souza,Cancelada,Cartão,06/11/2026,diego.martins602@email.com,11999990602
603,Carolina Gomes,69.0,Vinhedo,SP,Versys 650,Kawasaki,Trail,2024,"R$ 50.481,00",Moto Center Vinhedo,Vinhedo,Carlos Santos,Concluída,Pix,03/09/2026,carolina.gomes603@email.com,11999990603
604,Renata Costa,,Campinas,SP,PCX 160,Honda,Scooter,2025,"R$ 22.853,00",Moto Center Campinas,Campinas,Pedro Souza,Concluída,Pix,24/08/2026,renata.costa604@email.com,11999990604
605,Ana Souza,49.0,Vinhedo,SP,MT-03,Yamaha,Naked,2024,"R$ 33.590,00",Moto Center Vinhedo,Vinhedo,Maria Oliveira,Agendada,Cartão,06/08/2026,ana.souza605@email.com,11999990605
606,Renata Costa,53.0,Jundiai,SP,CB 500F,Honda,Naked,2024,"R$ 45.346,00",Moto Center Jundiaí,Jundiai,João Silva,Concluída,Financiamento,18/11/2026,renata.costa606@email.com,11999990606
607,Ana Souza,22.0,Campinas,SP,CB 500F,Honda,Naked,2024,"R$ 44.929,00",Moto Center Campinas,Campinas,Carlos Santos,Agendada,Financiamento,14/08/2026,ana.souza607@email.com,11999990607
608,Amanda Rodrigues,48.0,Valinhos,SP,CB 500F,Honda,Naked,2024,"R$ 43.326,00",Moto Center Valinhos,Valinhos,Maria Oliveira,Agendada,Financiamento,23/10/2026,amanda.rodrigues608@email.com,11999990608
609,Mariana Silva,74.0,Vinhedo,SP,PCX 160,Honda,Scooter,2025,"R$ 21.981,00",Moto Center Vinhedo,Vinhedo,Maria Oliveira,Agendada,Financiamento,19/12/2026,mariana.silva609@email.com,11999990609
610,Thiago Alves,69.0,Valinhos,SP,MT-03,Yamaha,Naked,2024,"R$ 32.973,00",Moto Center Valinhos,Valinhos,João Silva,Concluída,Cartão,04/05/2026,thiago.alves610@email.com,11999990610
611,Bruno Lima,36.0,Campinas,SP,Ninja 400,Kawasaki,Esportiva,2023,"R$ 33.751,00",Moto Center Campinas,Campinas,Maria Oliveira,Cancelada,Cartão,18/10/2026,bruno.lima611@email.com,11999990611
612,Diego Martins,50.0,Campinas,SP,CB 650R,Honda,Naked,2024,"R$ 55.453,00",Moto Center Campinas,Campinas,João Silva,Agendada,Pix,03/10/2026,diego.martins612@email.com,11999990612
613,João Santos,41.0,Vinhedo,SP,MT-03,Yamaha,Naked,2024,"R$ 31.417,00",Moto Center Vinhedo,Vinhedo,Carlos Santos,Cancelada,Cartão,15/07/2026,joão.santos613@email.com,11999990613
614,João Santos,36.0,Campinas,SP,Ninja 400,Kawasaki,Esportiva,2023,"R$ 33.845,00",Moto Center Campinas,Campinas,João Silva,Cancelada,Cartão,27/01/2026,joão.santos614@email.com,11999990614
615,Juliana Costa,51.0,Valinhos,SP,MT-07,Yamaha,Naked,2024,"R$ 51.803,00",Moto Center Valinhos,Valinhos,Carlos Santos,Cancelada,Pix,27/05/2026,juliana.costa615@email.com,11999990615
616,Pedro Oliveira,,Valinhos,SP,CB 500F,Honda,Naked,2024,"R$ 45.043,00",Moto Center Valinhos,Valinhos,Carlos Santos,Agendada,Financiamento,02/04/2026,pedro.oliveira616@email.com,11999990616
617,Pedro Oliveira,46.0,Jundiai,SP,CB 650R,Honda,Naked,2024,"R$ 50.793,00",Moto Center Jundiaí,Jundiai,Maria Oliveira,Agendada,Financiamento,22/09/2026,pedro.oliveira617@email.com,11999990617
618,Mariana Silva,40.0,Jundiai,SP,CB 650R,Honda,Naked,2024,"R$ 53.463,00",Moto Center Jundiaí,Jundiai,João Silva,Concluída,Financiamento,08/05/2026,mariana.silva618@email.com,11999990618
619,Carlos Mendes,71.0,Jundiai,SP,Ninja 400,Kawasaki,Esportiva,2023,"R$ 33.382,00",Moto Center Jundiaí,Jundiai,João Silva,Concluída,Cartão,19/07/2026,carlos.mendes619@email.com,11999990619
620,João Santos,34.0,Campinas,SP,CB 500F,Honda,Naked,2024,"R$ 45.235,00",Moto Center Campinas,Campinas,João Silva,Agendada,Financiamento,09/12/2026,joão.santos620@email.com,11999990620
621,Juliana Costa,27.0,Campinas,SP,MT-03,Yamaha,Naked,2024,"R$ 30.724,00",Moto Center Campinas,Campinas,Carlos Santos,Cancelada,Pix,22/07/2026,juliana.costa621@email.com,11999990621
622,Juliana Costa,53.0,Valinhos,SP,MT-03,Yamaha,Naked,2024,"R$ 31.389,00",Moto Center Valinhos,Valinhos,Pedro Souza,Agendada,Financiamento,08/06/2026,juliana.costa622@email.com,11999990622
623,Amanda Rodrigues,73.0,Vinhedo,SP,CB 650R,Honda,Naked,2024,"R$ 54.672,00",Moto Center Vinhedo,Vinhedo,Carlos Santos,Agendada,Pix,16/07/2026,amanda.rodrigues623@email.com,11999990623
624,Carlos Mendes,61.0,Campinas,SP,PCX 160,Honda,Scooter,2025,"R$ 22.114,00",Moto Center Campinas,Campinas,Maria Oliveira,Agendada,Financiamento,12/03/2026,carlos.mendes624@email.com,11999990624
625,João Santos,36.0,Jundiai,SP,MT-03,Yamaha,Naked,2024,"R$ 31.076,00",Moto Center Jundiaí,Jundiai,Carlos Santos,Agendada,Financiamento,07/01/2026,joão.santos625@email.com,11999990625
626,Lucas Ferreira,65.0,Valinhos,SP,PCX 160,Honda,Scooter,2025,"R$ 20.450,00",Moto Center Valinhos,Valinhos,João Silva,Concluída,Cartão,28/01/2026,lucas.ferreira626@email.com,11999990626
627,Bruno Lima,66.0,Jundiai,SP,PCX 160,Honda,Scooter,2025,"R$ 21.335,00",Moto Center Jundiaí,Jundiai,Maria Oliveira,Agendada,Financiamento,28/05/2026,bruno.lima627@email.com,11999990627
628,João Santos,56.0,Campinas,SP,MT-07,Yamaha,Naked,2024,"R$ 50.622,00",Moto Center Campinas,Campinas,Maria Oliveira,Agendada,Cartão,15/11/2026,joão.santos628@email.com,11999990628
629,Diego Martins,32.0,Jundiai,SP,Versys 650,Kawasaki,Trail,2024,"R$ 47.555,00",Moto Center Jundiaí,Jundiai,João Silva,Agendada,Pix,21/06/2026,diego.martins629@email.com,11999990629
630,Lucas Ferreira,60.0,Valinhos,SP,CB 650R,Honda,Naked,2024,"R$ 50.223,00",Moto Center Valinhos,Valinhos,João Silva,Concluída,Cartão,22/01/2026,lucas.ferreira630@email.com,11999990630
631,Thiago Alves,57.0,Vinhedo,SP,PCX 160,Honda,Scooter,2025,"R$ 19.541,00",Moto Center Vinhedo,Vinhedo,Pedro Souza,Agendada,Cartão,28/10/2026,thiago.alves631@email.com,11999990631
632,Lucas Ferreira,69.0,Jundiai,SP,CB 500F,Honda,Naked,2024,"R$ 41.647,00",Moto Center Jundiaí,Jundiai,Maria Oliveira,Cancelada,Pix,17/07/2026,lucas.ferreira632@email.com,11999990632
633,Mariana Silva,24.0,Valinhos,SP,MT-03,Yamaha,Naked,2024,"R$ 33.786,00",Moto Center Valinhos,Valinhos,Carlos Santos,Cancelada,Cartão,08/03/2026,mariana.silva633@email.com,11999990633
634,Carlos Mendes,34.0,Valinhos,SP,MT-07,Yamaha,Naked,2024,"R$ 49.472,00",Moto Center Valinhos,Valinhos,Carlos Santos,Concluída,Cartão,21/02/2026,carlos.mendes634@email.com,11999990634
635,Renata Costa,32.0,Jundiai,SP,CB 500F,Honda,Naked,2024,"R$ 42.482,00",Moto Center Jundiaí,Jundiai,Pedro Souza,Agendada,Pix,12/11/2026,renata.costa635@email.com,11999990635
636,João Santos,57.0,Jundiai,SP,Ninja 400,Kawasaki,Esportiva,2023,"R$ 35.342,00",Moto Center Jundiaí,Jundiai,Carlos Santos,Agendada,Financiamento,06/04/2026,joão.santos636@email.com,11999990636
637,Pedro Oliveira,57.0,Campinas,SP,MT-07,Yamaha,Naked,2024,"R$ 49.536,00",Moto Center Campinas,Campinas,Carlos Santos,Concluída,Pix,16/01/2026,pedro.oliveira637@email.com,11999990637
638,Fernanda Alves,,Valinhos,SP,CB 650R,Honda,Naked,2024,"R$ 53.051,00",Moto Center Valinhos,Valinhos,Pedro Souza,Concluída,Pix,28/12/2026,fernanda.alves638@email.com,11999990638
639,Amanda Rodrigues,21.0,Valinhos,SP,MT-07,Yamaha,Naked,2024,"R$ 47.456,00",Moto Center Valinhos,Valinhos,Pedro Souza,Agendada,Cartão,14/09/2026,amanda.rodrigues639@email.com,11999990639
640,Fernanda Alves,42.0,Jundiai,SP,CB 650R,Honda,Naked,2024,"R$ 54.553,00",Moto Center Jundiaí,Jundiai,Maria Oliveira,Agendada,Cartão,15/05/2026,fernanda.alves640@email.com,11999990640
641,Amanda Rodrigues,43.0,Campinas,SP,PCX 160,Honda,Scooter,2025,"R$ 20.517,00",Moto Center Campinas,Campinas,Maria Oliveira,Agendada,Cartão,06/08/2026,amanda.rodrigues641@email.com,11999990641
642,Ana Souza,47.0,Vinhedo,SP,MT-07,Yamaha,Naked,2024,"R$ 48.716,00",Moto Center Vinhedo,Vinhedo,João Silva,Agendada,Cartão,26/11/2026,ana.souza642@email.com,11999990642
643,Amanda Rodrigues,35.0,Valinhos,SP,CB 500F,Honda,Naked,2024,"R$ 42.943,00",Moto Center Valinhos,Valinhos,Maria Oliveira,Agendada,Financiamento,06/08/2026,amanda.rodrigues643@email.com,11999990643
644,Carolina Gomes,22.0,Valinhos,SP,CB 650R,Honda,Naked,2024,"R$ 50.433,00",Moto Center Valinhos,Valinhos,Pedro Souza,Cancelada,Pix,03/09/2026,carolina.gomes644@email.com,11999990644
645,Fernanda Alves,36.0,Jundiai,SP,Ninja 400,Kawasaki,Esportiva,2023,"R$ 33.783,00",Moto Center Jundiaí,Jundiai,João Silva,Cancelada,Cartão,14/08/2026,fernanda.alves645@email.com,11999990645
646,Juliana Costa,67.0,Valinhos,SP,CB 500F,Honda,Naked,2024,"R$ 42.519,00",Moto Center Valinhos,Valinhos,Pedro Souza,Concluída,Financiamento,03/10/2026,juliana.costa646@email.com,11999990646
647,Juliana Costa,43.0,Valinhos,SP,CB 650R,Honda,Naked,2024,"R$ 50.700,00",Moto Center Valinhos,Valinhos,Maria Oliveira,Agendada,Cartão,28/09/2026,juliana.costa647@email.com,11999990647
648,João Santos,32.0,Jundiai,SP,Ninja 400,Kawasaki,Esportiva,2023,"R$ 37.521,00",Moto Center Jundiaí,Jundiai,Pedro Souza,Agendada,Cartão,18/11/2026,joão.santos648@email.com,11999990648
649,João Santos,44.0,Campinas,SP,PCX 160,Honda,Scooter,2025,"R$ 21.295,00",Moto Center Campinas,Campinas,Pedro Souza,Agendada,Pix,11/09/2026,joão.santos649@email.com,11999990649
650,Lucas Ferreira,33.0,Campinas,SP,Versys 650,Kawasaki,Trail,2024,"R$ 50.480,00",Moto Center Campinas,Campinas,João Silva,Agendada,Financiamento,06/08/2026,lucas.ferreira650@email.com,11999990650
651,Lucas Ferreira,42.0,Jundiai,SP,PCX 160,Honda,Scooter,2025,"R$ 20.234,00",Moto Center Jundiaí,Jundiai,Carlos Santos,Concluída,Pix,08/06/2026,lucas.ferreira651@email.com,11999990651
652,Juliana Costa,43.0,Valinhos,SP,Versys 650,Kawasaki,Trail,2024,"R$ 52.279,00",Moto Center Valinhos,Valinhos,Maria Oliveira,Concluída,Financiamento,21/02/2026,juliana.costa652@email.com,11999990652
653,Lucas Ferreira,43.0,Valinhos,SP,MT-07,Yamaha,Naked,2024,"R$ 51.567,00",Moto Center Valinhos,Valinhos,João Silva,Agendada,Financiamento,23/11/2026,lucas.ferreira653@email.com,11999990653
654,Marcos Pereira,59.0,Jundiai,SP,MT-07,Yamaha,Naked,2024,"R$ 49.385,00",Moto Center Jundiaí,Jundiai,Pedro Souza,Concluída,Cartão,05/06/2026,marcos.pereira654@email.com,11999990654
655,Lucas Ferreira,24.0,Jundiai,SP,Versys 650,Kawasaki,Trail,2024,"R$ 50.265,00",Moto Center Jundiaí,Jundiai,João Silva,Agendada,Financiamento,05/11/2026,lucas.ferreira655@email.com,11999990655
656,Ana Souza,22.0,Campinas,SP,CB 500F,Honda,Naked,2024,"R$ 42.815,00",Moto Center Campinas,Campinas,Carlos Santos,Cancelada,Pix,09/11/2026,ana.souza656@email.com,11999990656
657,Marcos Pereira,38.0,Campinas,SP,MT-07,Yamaha,Naked,2024,"R$ 52.949,00",Moto Center Campinas,Campinas,João Silva,Cancelada,Financiamento,12/02/2026,marcos.pereira657@email.com,11999990657
658,Diego Martins,47.0,Vinhedo,SP,MT-03,Yamaha,Naked,2024,"R$ 30.161,00",Moto Center Vinhedo,Vinhedo,Carlos Santos,Agendada,Pix,27/02/2026,diego.martins658@email.com,11999990658
659,Pedro Oliveira,38.0,Jundiai,SP,MT-07,Yamaha,Naked,2024,"R$ 50.405,00",Moto Center Jundiaí,Jundiai,Maria Oliveira,Agendada,Financiamento,01/09/2026,pedro.oliveira659@email.com,11999990659
660,Renata Costa,24.0,Valinhos,SP,MT-07,Yamaha,Naked,2024,"R$ 52.802,00",Moto Center Valinhos,Valinhos,Carlos Santos,Concluída,Cartão,21/02/2026,renata.costa660@email.com,11999990660
661,Fernanda Alves,69.0,Vinhedo,SP,Versys 650,Kawasaki,Trail,2024,"R$ 50.541,00",Moto Center Vinhedo,Vinhedo,Carlos Santos,Cancelada,Pix,17/10/2026,fernanda.alves661@email.com,11999990661
662,Carlos Mendes,67.0,Valinhos,SP,Versys 650,Kawasaki,Trail,2024,"R$ 48.675,00",Moto Center Valinhos,Valinhos,João Silva,Concluída,Cartão,21/11/2026,carlos.mendes662@email.com,11999990662
663,João Santos,44.0,Valinhos,SP,MT-03,Yamaha,Naked,2024,"R$ 35.310,00",Moto Center Valinhos,Valinhos,Pedro Souza,Concluída,Financiamento,09/11/2026,joão.santos663@email.com,11999990663
664,Pedro Oliveira,23.0,Valinhos,SP,Versys 650,Kawasaki,Trail,2024,"R$ 50.264,00",Moto Center Valinhos,Valinhos,João Silva,Concluída,Financiamento,17/09/2026,pedro.oliveira664@email.com,11999990664
665,Marcos Pereira,36.0,Jundiai,SP,MT-07,Yamaha,Naked,2024,"R$ 48.337,00",Moto Center Jundiaí,Jundiai,Carlos Santos,Agendada,Pix,17/04/2026,marcos.pereira665@email.com,11999990665
666,Carolina Gomes,64.0,Vinhedo,SP,CB 650R,Honda,Naked,2024,"R$ 54.952,00",Moto Center Vinhedo,Vinhedo,Carlos Santos,Cancelada,Pix,10/09/2026,carolina.gomes666@email.com,11999990666
667,Bruno Lima,71.0,Jundiai,SP,MT-03,Yamaha,Naked,2024,"R$ 30.860,00",Moto Center Jundiaí,Jundiai,Pedro Souza,Cancelada,Pix,18/05/2026,bruno.lima667@email.com,11999990667
668,Renata Costa,22.0,Campinas,SP,MT-03,Yamaha,Naked,2024,"R$ 34.015,00",Moto Center Campinas,Campinas,Pedro Souza,Concluída,Financiamento,20/06/2026,renata.costa668@email.com,11999990668
669,Fernanda Alves,27.0,Vinhedo,SP,MT-07,Yamaha,Naked,2024,"R$ 49.139,00",Moto Center Vinhedo,Vinhedo,Carlos Santos,Agendada,Financiamento,01/11/2026,fernanda.alves669@email.com,11999990669
670,Amanda Rodrigues,45.0,Vinhedo,SP,Versys 650,Kawasaki,Trail,2024,"R$ 50.906,00",Moto Center Vinhedo,Vinhedo,Maria Oliveira,Cancelada,Financiamento,08/06/2026,amanda.rodrigues670@email.com,11999990670
671,Marcos Pereira,48.0,Vinhedo,SP,Ninja 400,Kawasaki,Esportiva,2023,"R$ 35.579,00",Moto Center Vinhedo,Vinhedo,Carlos Santos,Agendada,Cartão,12/03/2026,marcos.pereira671@email.com,11999990671
672,Pedro Oliveira,69.0,Jundiai,SP,PCX 160,Honda,Scooter,2025,"R$ 20.598,00",Moto Center Jundiaí,Jundiai,Pedro Souza,Cancelada,Cartão,10/05/2026,pedro.oliveira672@email.com,11999990672
673,Pedro Oliveira,57.0,Jundiai,SP,Ninja 400,Kawasaki,Esportiva,2023,"R$ 38.644,00",Moto Center Jundiaí,Jundiai,João Silva,Agendada,Cartão,25/03/2026,pedro.oliveira673@email.com,11999990673
674,Juliana Costa,52.0,Valinhos,SP,Versys 650,Kawasaki,Trail,2024,"R$ 51.753,00",Moto Center Valinhos,Valinhos,Pedro Souza,Agendada,Financiamento,25/08/2026,juliana.costa674@email.com,11999990674
675,Thiago Alves,53.0,Vinhedo,SP,PCX 160,Honda,Scooter,2025,"R$ 22.130,00",Moto Center Vinhedo,Vinhedo,Carlos Santos,Concluída,Pix,10/04/2026,thiago.alves675@email.com,11999990675
676,Fernanda Alves,60.0,Campinas,SP,CB 650R,Honda,Naked,2024,"R$ 53.462,00",Moto Center Campinas,Campinas,Carlos Santos,Cancelada,Financiamento,27/12/2026,fernanda.alves676@email.com,11999990676
677,Pedro Oliveira,32.0,Campinas,SP,CB 500F,Honda,Naked,2024,"R$ 42.289,00",Moto Center Campinas,Campinas,Carlos Santos,Cancelada,Financiamento,22/05/2026,pedro.oliveira677@email.com,11999990677
678,Ana Souza,53.0,Vinhedo,SP,CB 500F,Honda,Naked,2024,"R$ 45.321,00",Moto Center Vinhedo,Vinhedo,Pedro Souza,Agendada,Cartão,24/08/2026,ana.souza678@email.com,11999990678
679,Lucas Ferreira,18.0,Jundiai,SP,Ninja 400,Kawasaki,Esportiva,2023,"R$ 33.022,00",Moto Center Jundiaí,Jundiai,Maria Oliveira,Concluída,Cartão,13/01/2026,lucas.ferreira679@email.com,11999990679
680,Bruno Lima,19.0,Campinas,SP,Versys 650,Kawasaki,Trail,2024,"R$ 50.707,00",Moto Center Campinas,Campinas,João Silva,Agendada,Financiamento,10/10/2026,bruno.lima680@email.com,11999990680
681,Fernanda Alves,55.0,Vinhedo,SP,MT-03,Yamaha,Naked,2024,"R$ 29.744,00",Moto Center Vinhedo,Vinhedo,Maria Oliveira,Concluída,Financiamento,08/09/2026,fernanda.alves681@email.com,11999990681
682,Renata Costa,66.0,Valinhos,SP,MT-07,Yamaha,Naked,2024,"R$ 50.684,00",Moto Center Valinhos,Valinhos,Maria Oliveira,Agendada,Financiamento,14/05/2026,renata.costa682@email.com,11999990682
683,Marcos Pereira,38.0,Jundiai,SP,CB 650R,Honda,Naked,2024,"R$ 52.986,00",Moto Center Jundiaí,Jundiai,Carlos Santos,Cancelada,Cartão,26/06/2026,marcos.pereira683@email.com,11999990683
684,Juliana Costa,62.0,Valinhos,SP,Versys 650,Kawasaki,Trail,2024,"R$ 52.625,00",Moto Center Valinhos,Valinhos,Carlos Santos,Concluída,Cartão,22/01/2026,juliana.costa684@email.com,11999990684
685,Ana Souza,64.0,Valinhos,SP,MT-03,Yamaha,Naked,2024,"R$ 31.892,00",Moto Center Valinhos,Valinhos,Maria Oliveira,Cancelada,Cartão,24/06/2026,ana.souza685@email.com,11999990685
686,Fernanda Alves,46.0,Campinas,SP,Ninja 400,Kawasaki,Esportiva,2023,"R$ 37.892,00",Moto Center Campinas,Campinas,Carlos Santos,Agendada,Financiamento,19/02/2026,fernanda.alves686@email.com,11999990686
687,Carolina Gomes,73.0,Valinhos,SP,CB 650R,Honda,Naked,2024,"R$ 51.074,00",Moto Center Valinhos,Valinhos,João Silva,Concluída,Financiamento,16/11/2026,carolina.gomes687@email.com,11999990687
688,Fernanda Alves,35.0,Jundiai,SP,MT-03,Yamaha,Naked,2024,"R$ 32.545,00",Moto Center Jundiaí,Jundiai,Maria Oliveira,Agendada,Cartão,11/04/2026,fernanda.alves688@email.com,11999990688
689,Bruno Lima,18.0,Valinhos,SP,MT-07,Yamaha,Naked,2024,"R$ 50.064,00",Moto Center Valinhos,Valinhos,Maria Oliveira,Concluída,Cartão,04/04/2026,bruno.lima689@email.com,11999990689
690,João Santos,73.0,Vinhedo,SP,CB 500F,Honda,Naked,2024,"R$ 41.616,00",Moto Center Vinhedo,Vinhedo,Pedro Souza,Concluída,Pix,05/01/2026,joão.santos690@email.com,11999990690
691,Thiago Alves,29.0,Jundiai,SP,CB 650R,Honda,Naked,2024,"R$ 54.363,00",Moto Center Jundiaí,Jundiai,Pedro Souza,Cancelada,Financiamento,11/09/2026,thiago.alves691@email.com,11999990691
692,Thiago Alves,26.0,Jundiai,SP,CB 650R,Honda,Naked,2024,"R$ 54.182,00",Moto Center Jundiaí,Jundiai,Maria Oliveira,Concluída,Cartão,07/12/2026,thiago.alves692@email.com,11999990692
693,Pedro Oliveira,32.0,Campinas,SP,PCX 160,Honda,Scooter,2025,"R$ 18.585,00",Moto Center Campinas,Campinas,João Silva,Concluída,Pix,02/10/2026,pedro.oliveira693@email.com,11999990693
694,Thiago Alves,72.0,Jundiai,SP,Versys 650,Kawasaki,Trail,2024,"R$ 51.091,00",Moto Center Jundiaí,Jundiai,Maria Oliveira,Cancelada,Cartão,02/02/2026,thiago.alves694@email.com,11999990694
695,Carolina Gomes,36.0,Vinhedo,SP,PCX 160,Honda,Scooter,2025,"R$ 20.998,00",Moto Center Vinhedo,Vinhedo,João Silva,Agendada,Financiamento,10/06/2026,carolina.gomes695@email.com,11999990695
696,Juliana Costa,46.0,Campinas,SP,MT-03,Yamaha,Naked,2024,"R$ 32.922,00",Moto Center Campinas,Campinas,Maria Oliveira,Concluída,Cartão,27/05/2026,juliana.costa696@email.com,11999990696
697,Carolina Gomes,53.0,Vinhedo,SP,Versys 650,Kawasaki,Trail,2024,"R$ 47.936,00",Moto Center Vinhedo,Vinhedo,João Silva,Agendada,Cartão,02/06/2026,carolina.gomes697@email.com,11999990697
698,Juliana Costa,37.0,Valinhos,SP,MT-07,Yamaha,Naked,2024,"R$ 51.325,00",Moto Center Valinhos,Valinhos,Carlos Santos,Agendada,Pix,24/01/2026,juliana.costa698@email.com,11999990698
699,Marcos Pereira,69.0,Campinas,SP,Ninja 400,Kawasaki,Esportiva,2023,"R$ 33.602,00",Moto Center Campinas,Campinas,Carlos Santos,Cancelada,Financiamento,11/05/2026,marcos.pereira699@email.com,11999990699
700,Ana Souza,57.0,Vinhedo,SP,CB 650R,Honda,Naked,2024,"R$ 52.329,00",Moto Center Vinhedo,Vinhedo,Carlos Santos,Concluída,Pix,14/06/2026,ana.souza700@email.com,11999990700
701,Pedro Oliveira,44.0,Campinas,SP,CB 650R,Honda,Naked,2024,"R$ 50.956,00",Moto Center Campinas,Campinas,Pedro Souza,Concluída,Pix,18/10/2026,pedro.oliveira701@email.com,11999990701
702,Bruno Lima,26.0,Vinhedo,SP,Ninja 400,Kawasaki,Esportiva,2023,"R$ 35.507,00",Moto Center Vinhedo,Vinhedo,Maria Oliveira,Agendada,Financiamento,27/02/2026,bruno.lima702@email.com,11999990702
703,Ana Souza,63.0,Vinhedo,SP,PCX 160,Honda,Scooter,2025,"R$ 21.723,00",Moto Center Vinhedo,Vinhedo,João Silva,Cancelada,Cartão,02/03/2026,ana.souza703@email.com,11999990703
704,Mariana Silva,71.0,Vinhedo,SP,MT-07,Yamaha,Naked,2024,"R$ 48.050,00",Moto Center Vinhedo,Vinhedo,Carlos Santos,Concluída,Pix,10/08/2026,mariana.silva704@email.com,11999990704
705,Amanda Rodrigues,31.0,Vinhedo,SP,CB 650R,Honda,Naked,2024,"R$ 51.230,00",Moto Center Vinhedo,Vinhedo,Pedro Souza,Concluída,Financiamento,01/07/2026,amanda.rodrigues705@email.com,11999990705
706,Lucas Ferreira,23.0,Jundiai,SP,MT-07,Yamaha,Naked,2024,"R$ 50.299,00",Moto Center Jundiaí,Jundiai,Maria Oliveira,Concluída,Financiamento,12/02/2026,lucas.ferreira706@email.com,11999990706
707,Diego Martins,49.0,Jundiai,SP,PCX 160,Honda,Scooter,2025,"R$ 22.510,00",Moto Center Jundiaí,Jundiai,Maria Oliveira,Concluída,Pix,13/01/2026,diego.martins707@email.com,11999990707
708,Lucas Ferreira,47.0,Campinas,SP,Versys 650,Kawasaki,Trail,2024,"R$ 47.491,00",Moto Center Campinas,Campinas,Pedro Souza,Cancelada,Financiamento,25/03/2026,lucas.ferreira708@email.com,11999990708
709,Juliana Costa,33.0,Campinas,SP,PCX 160,Honda,Scooter,2025,"R$ 20.601,00",Moto Center Campinas,Campinas,Carlos Santos,Agendada,Financiamento,06/03/2026,juliana.costa709@email.com,11999990709
710,Pedro Oliveira,,Campinas,SP,MT-07,Yamaha,Naked,2024,"R$ 48.408,00",Moto Center Campinas,Campinas,João Silva,Cancelada,Financiamento,24/07/2026,pedro.oliveira710@email.com,11999990710
711,Bruno Lima,40.0,Campinas,SP,CB 650R,Honda,Naked,2024,"R$ 51.613,00",Moto Center Campinas,Campinas,João Silva,Agendada,Pix,27/04/2026,bruno.lima711@email.com,11999990711
712,Ana Souza,18.0,Jundiai,SP,CB 500F,Honda,Naked,2024,"R$ 40.044,00",Moto Center Jundiaí,Jundiai,Pedro Souza,Cancelada,Financiamento,05/05/2026,ana.souza712@email.com,11999990712
713,Pedro Oliveira,41.0,Campinas,SP,PCX 160,Honda,Scooter,2025,"R$ 21.564,00",Moto Center Campinas,Campinas,João Silva,Agendada,Financiamento,17/05/2026,pedro.oliveira713@email.com,11999990713
714,Carolina Gomes,73.0,Vinhedo,SP,CB 500F,Honda,Naked,2024,"R$ 42.842,00",Moto Center Vinhedo,Vinhedo,Carlos Santos,Agendada,Cartão,19/10/2026,carolina.gomes714@email.com,11999990714
715,Pedro Oliveira,29.0,Jundiai,SP,PCX 160,Honda,Scooter,2025,"R$ 22.867,00",Moto Center Jundiaí,Jundiai,João Silva,Cancelada,Financiamento,06/11/2026,pedro.oliveira715@email.com,11999990715
716,Renata Costa,42.0,Campinas,SP,MT-07,Yamaha,Naked,2024,"R$ 48.580,00",Moto Center Campinas,Campinas,João Silva,Concluída,Financiamento,17/05/2026,renata.costa716@email.com,11999990716
717,Fernanda Alves,74.0,Jundiai,SP,MT-03,Yamaha,Naked,2024,"R$ 30.874,00",Moto Center Jundiaí,Jundiai,Carlos Santos,Cancelada,Financiamento,05/02/2026,fernanda.alves717@email.com,11999990717
718,Mariana Silva,40.0,Jundiai,SP,CB 500F,Honda,Naked,2024,"R$ 42.155,00",Moto Center Jundiaí,Jundiai,Pedro Souza,Agendada,Cartão,01/11/2026,mariana.silva718@email.com,11999990718
719,João Santos,56.0,Campinas,SP,MT-07,Yamaha,Naked,2024,"R$ 47.861,00",Moto Center Campinas,Campinas,Pedro Souza,Cancelada,Pix,13/12/2026,joão.santos719@email.com,11999990719
720,João Santos,35.0,Jundiai,SP,CB 500F,Honda,Naked,2024,"R$ 44.412,00",Moto Center Jundiaí,Jundiai,Carlos Santos,Cancelada,Financiamento,23/10/2026,joão.santos720@email.com,11999990720
721,João Santos,55.0,Campinas,SP,CB 650R,Honda,Naked,2024,"R$ 52.481,00",Moto Center Campinas,Campinas,João Silva,Concluída,Pix,17/06/2026,joão.santos721@email.com,11999990721
722,Bruno Lima,70.0,Campinas,SP,MT-07,Yamaha,Naked,2024,"R$ 48.810,00",Moto Center Campinas,Campinas,João Silva,Agendada,Pix,08/02/2026,bruno.lima722@email.com,11999990722
723,Mariana Silva,33.0,Valinhos,SP,Ninja 400,Kawasaki,Esportiva,2023,"R$ 32.944,00",Moto Center Valinhos,Valinhos,Carlos Santos,Agendada,Pix,14/06/2026,mariana.silva723@email.com,11999990723
724,Amanda Rodrigues,64.0,Vinhedo,SP,MT-07,Yamaha,Naked,2024,"R$ 52.067,00",Moto Center Vinhedo,Vinhedo,João Silva,Agendada,Pix,15/07/2026,amanda.rodrigues724@email.com,11999990724
725,Amanda Rodrigues,40.0,Campinas,SP,MT-03,Yamaha,Naked,2024,"R$ 33.425,00",Moto Center Campinas,Campinas,Pedro Souza,Agendada,Cartão,28/04/2026,amanda.rodrigues725@email.com,11999990725
726,Marcos Pereira,47.0,Valinhos,SP,CB 650R,Honda,Naked,2024,"R$ 53.370,00",Moto Center Valinhos,Valinhos,Carlos Santos,Concluída,Financiamento,15/08/2026,marcos.pereira726@email.com,11999990726
727,Ana Souza,,Jundiai,SP,MT-07,Yamaha,Naked,2024,"R$ 50.397,00",Moto Center Jundiaí,Jundiai,Pedro Souza,Concluída,Financiamento,27/06/2026,ana.souza727@email.com,11999990727
728,Diego Martins,51.0,Campinas,SP,CB 500F,Honda,Naked,2024,"R$ 43.128,00",Moto Center Campinas,Campinas,Pedro Souza,Cancelada,Cartão,06/07/2026,diego.martins728@email.com,11999990728
729,João Santos,24.0,Campinas,SP,Ninja 400,Kawasaki,Esportiva,2023,"R$ 34.709,00",Moto Center Campinas,Campinas,Maria Oliveira,Cancelada,Cartão,24/11/2026,joão.santos729@email.com,11999990729
730,Amanda Rodrigues,40.0,Jundiai,SP,MT-07,Yamaha,Naked,2024,"R$ 47.553,00",Moto Center Jundiaí,Jundiai,João Silva,Concluída,Pix,27/04/2026,amanda.rodrigues730@email.com,11999990730
731,Renata Costa,47.0,Valinhos,SP,MT-03,Yamaha,Naked,2024,"R$ 33.310,00",Moto Center Valinhos,Valinhos,Carlos Santos,Agendada,Financiamento,15/07/2026,renata.costa731@email.com,11999990731
732,João Santos,64.0,Valinhos,SP,PCX 160,Honda,Scooter,2025,"R$ 20.031,00",Moto Center Valinhos,Valinhos,Carlos Santos,Cancelada,Pix,10/04/2026,joão.santos732@email.com,11999990732
733,Mariana Silva,,Vinhedo,SP,Ninja 400,Kawasaki,Esportiva,2023,"R$ 37.811,00",Moto Center Vinhedo,Vinhedo,Maria Oliveira,Cancelada,Cartão,26/02/2026,mariana.silva733@email.com,11999990733
734,Marcos Pereira,21.0,Vinhedo,SP,MT-07,Yamaha,Naked,2024,"R$ 50.038,00",Moto Center Vinhedo,Vinhedo,João Silva,Cancelada,Pix,20/12/2026,marcos.pereira734@email.com,11999990734
735,Carlos Mendes,58.0,Valinhos,SP,MT-03,Yamaha,Naked,2024,"R$ 31.030,00",Moto Center Valinhos,Valinhos,Maria Oliveira,Concluída,Cartão,14/12/2026,carlos.mendes735@email.com,11999990735
736,Pedro Oliveira,63.0,Jundiai,SP,CB 500F,Honda,Naked,2024,"R$ 43.375,00",Moto Center Jundiaí,Jundiai,Maria Oliveira,Concluída,Pix,23/08/2026,pedro.oliveira736@email.com,11999990736
737,Fernanda Alves,46.0,Vinhedo,SP,MT-07,Yamaha,Naked,2024,"R$ 49.470,00",Moto Center Vinhedo,Vinhedo,Carlos Santos,Agendada,Pix,03/11/2026,fernanda.alves737@email.com,11999990737
738,Pedro Oliveira,52.0,Campinas,SP,CB 650R,Honda,Naked,2024,"R$ 54.486,00",Moto Center Campinas,Campinas,Pedro Souza,Agendada,Pix,21/09/2026,pedro.oliveira738@email.com,11999990738
739,Mariana Silva,64.0,Jundiai,SP,MT-03,Yamaha,Naked,2024,"R$ 30.351,00",Moto Center Jundiaí,Jundiai,Maria Oliveira,Concluída,Pix,01/10/2026,mariana.silva739@email.com,11999990739
740,Renata Costa,40.0,Jundiai,SP,Ninja 400,Kawasaki,Esportiva,2023,"R$ 37.341,00",Moto Center Jundiaí,Jundiai,Maria Oliveira,Concluída,Pix,11/12/2026,renata.costa740@email.com,11999990740
741,Diego Martins,55.0,Campinas,SP,Versys 650,Kawasaki,Trail,2024,"R$ 48.083,00",Moto Center Campinas,Campinas,Maria Oliveira,Agendada,Financiamento,15/08/2026,diego.martins741@email.com,11999990741
742,Diego Martins,,Vinhedo,SP,CB 650R,Honda,Naked,2024,"R$ 55.845,00",Moto Center Vinhedo,Vinhedo,Maria Oliveira,Agendada,Financiamento,28/06/2026,diego.martins742@email.com,11999990742
743,Amanda Rodrigues,64.0,Campinas,SP,CB 650R,Honda,Naked,2024,"R$ 54.654,00",Moto Center Campinas,Campinas,Carlos Santos,Concluída,Cartão,22/07/2026,amanda.rodrigues743@email.com,11999990743
744,Carlos Mendes,18.0,Campinas,SP,PCX 160,Honda,Scooter,2025,"R$ 19.953,00",Moto Center Campinas,Campinas,João Silva,Agendada,Pix,14/09/2026,carlos.mendes744@email.com,11999990744
745,Mariana Silva,37.0,Vinhedo,SP,Versys 650,Kawasaki,Trail,2024,"R$ 47.592,00",Moto Center Vinhedo,Vinhedo,João Silva,Agendada,Financiamento,22/08/2026,mariana.silva745@email.com,11999990745
746,Amanda Rodrigues,42.0,Jundiai,SP,PCX 160,Honda,Scooter,2025,"R$ 20.887,00",Moto Center Jundiaí,Jundiai,João Silva,Concluída,Pix,28/05/2026,amanda.rodrigues746@email.com,11999990746
747,Lucas Ferreira,42.0,Valinhos,SP,Ninja 400,Kawasaki,Esportiva,2023,"R$ 34.541,00",Moto Center Valinhos,Valinhos,João Silva,Agendada,Cartão,10/04/2026,lucas.ferreira747@email.com,11999990747
748,Thiago Alves,54.0,Campinas,SP,PCX 160,Honda,Scooter,2025,"R$ 22.274,00",Moto Center Campinas,Campinas,Carlos Santos,Cancelada,Cartão,24/06/2026,thiago.alves748@email.com,11999990748
749,Amanda Rodrigues,45.0,Valinhos,SP,MT-07,Yamaha,Naked,2024,"R$ 50.790,00",Moto Center Valinhos,Valinhos,Pedro Souza,Cancelada,Pix,17/01/2026,amanda.rodrigues749@email.com,11999990749
750,Diego Martins,35.0,Valinhos,SP,Versys 650,Kawasaki,Trail,2024,"R$ 51.848,00",Moto Center Valinhos,Valinhos,João Silva,Cancelada,Cartão,05/11/2026,diego.martins750@email.com,11999990750
751,Pedro Oliveira,66.0,Valinhos,SP,MT-07,Yamaha,Naked,2024,"R$ 47.928,00",Moto Center Valinhos,Valinhos,Carlos Santos,Agendada,Cartão,21/10/2026,pedro.oliveira751@email.com,11999990751
752,Amanda Rodrigues,38.0,Campinas,SP,Versys 650,Kawasaki,Trail,2024,"R$ 51.327,00",Moto Center Campinas,Campinas,João Silva,Concluída,Pix,10/08/2026,amanda.rodrigues752@email.com,11999990752
753,Fernanda Alves,27.0,Campinas,SP,Versys 650,Kawasaki,Trail,2024,"R$ 49.374,00",Moto Center Campinas,Campinas,Pedro Souza,Cancelada,Financiamento,05/10/2026,fernanda.alves753@email.com,11999990753
754,Bruno Lima,42.0,Vinhedo,SP,CB 650R,Honda,Naked,2024,"R$ 51.588,00",Moto Center Vinhedo,Vinhedo,Carlos Santos,Concluída,Cartão,07/01/2026,bruno.lima754@email.com,11999990754
755,Ana Souza,64.0,Campinas,SP,CB 500F,Honda,Naked,2024,"R$ 41.772,00",Moto Center Campinas,Campinas,João Silva,Cancelada,Pix,06/04/2026,ana.souza755@email.com,11999990755
756,Carlos Mendes,21.0,Jundiai,SP,CB 500F,Honda,Naked,2024,"R$ 41.512,00",Moto Center Jundiaí,Jundiai,Pedro Souza,Concluída,Pix,22/05/2026,carlos.mendes756@email.com,11999990756
757,Lucas Ferreira,25.0,Vinhedo,SP,MT-07,Yamaha,Naked,2024,"R$ 50.102,00",Moto Center Vinhedo,Vinhedo,Maria Oliveira,Cancelada,Pix,25/03/2026,lucas.ferreira757@email.com,11999990757
758,Juliana Costa,47.0,Valinhos,SP,Ninja 400,Kawasaki,Esportiva,2023,"R$ 38.057,00",Moto Center Valinhos,Valinhos,Pedro Souza,Cancelada,Pix,24/11/2026,juliana.costa758@email.com,11999990758
759,Renata Costa,71.0,Valinhos,SP,CB 650R,Honda,Naked,2024,"R$ 53.012,00",Moto Center Valinhos,Valinhos,Pedro Souza,Agendada,Pix,08/08/2026,renata.costa759@email.com,11999990759
760,Ana Souza,69.0,Valinhos,SP,Versys 650,Kawasaki,Trail,2024,"R$ 48.748,00",Moto Center Valinhos,Valinhos,Maria Oliveira,Agendada,Cartão,15/02/2026,ana.souza760@email.com,11999990760
761,Renata Costa,43.0,Vinhedo,SP,Versys 650,Kawasaki,Trail,2024,"R$ 49.079,00",Moto Center Vinhedo,Vinhedo,Pedro Souza,Agendada,Pix,24/03/2026,renata.costa761@email.com,11999990761
762,Mariana Silva,72.0,Campinas,SP,MT-07,Yamaha,Naked,2024,"R$ 50.102,00",Moto Center Campinas,Campinas,Maria Oliveira,Concluída,Pix,12/02/2026,mariana.silva762@email.com,11999990762
763,Renata Costa,42.0,Valinhos,SP,CB 500F,Honda,Naked,2024,"R$ 45.059,00",Moto Center Valinhos,Valinhos,João Silva,Concluída,Financiamento,17/12/2026,renata.costa763@email.com,11999990763
764,Thiago Alves,40.0,Vinhedo,SP,MT-07,Yamaha,Naked,2024,"R$ 51.953,00",Moto Center Vinhedo,Vinhedo,Carlos Santos,Cancelada,Pix,23/02/2026,thiago.alves764@email.com,11999990764
765,Renata Costa,,Jundiai,SP,Ninja 400,Kawasaki,Esportiva,2023,"R$ 35.202,00",Moto Center Jundiaí,Jundiai,João Silva,Cancelada,Financiamento,22/05/2026,renata.costa765@email.com,11999990765
766,Lucas Ferreira,24.0,Vinhedo,SP,MT-07,Yamaha,Naked,2024,"R$ 46.999,00",Moto Center Vinhedo,Vinhedo,Pedro Souza,Concluída,Cartão,03/03/2026,lucas.ferreira766@email.com,11999990766
767,Ana Souza,60.0,Jundiai,SP,CB 500F,Honda,Naked,2024,"R$ 45.123,00",Moto Center Jundiaí,Jundiai,Carlos Santos,Cancelada,Pix,26/04/2026,ana.souza767@email.com,11999990767
768,Ana Souza,18.0,Vinhedo,SP,CB 500F,Honda,Naked,2024,"R$ 43.271,00",Moto Center Vinhedo,Vinhedo,Pedro Souza,Cancelada,Pix,11/02/2026,ana.souza768@email.com,11999990768
769,Bruno Lima,54.0,Valinhos,SP,MT-07,Yamaha,Naked,2024,"R$ 52.924,00",Moto Center Valinhos,Valinhos,Pedro Souza,Agendada,Cartão,01/01/2026,bruno.lima769@email.com,11999990769
770,João Santos,44.0,Vinhedo,SP,CB 650R,Honda,Naked,2024,"R$ 51.136,00",Moto Center Vinhedo,Vinhedo,Pedro Souza,Agendada,Cartão,13/01/2026,joão.santos770@email.com,11999990770
771,Ana Souza,39.0,Valinhos,SP,CB 500F,Honda,Naked,2024,"R$ 42.725,00",Moto Center Valinhos,Valinhos,João Silva,Cancelada,Financiamento,20/09/2026,ana.souza771@email.com,11999990771
772,Lucas Ferreira,63.0,Campinas,SP,CB 500F,Honda,Naked,2024,"R$ 40.298,00",Moto Center Campinas,Campinas,Pedro Souza,Agendada,Financiamento,13/09/2026,lucas.ferreira772@email.com,11999990772
773,Carolina Gomes,54.0,Campinas,SP,MT-03,Yamaha,Naked,2024,"R$ 34.338,00",Moto Center Campinas,Campinas,Pedro Souza,Concluída,Pix,12/04/2026,carolina.gomes773@email.com,11999990773
774,Bruno Lima,38.0,Campinas,SP,Versys 650,Kawasaki,Trail,2024,"R$ 51.597,00",Moto Center Campinas,Campinas,João Silva,Agendada,Cartão,09/06/2026,bruno.lima774@email.com,11999990774
775,Mariana Silva,67.0,Campinas,SP,CB 500F,Honda,Naked,2024,"R$ 43.281,00",Moto Center Campinas,Campinas,Carlos Santos,Agendada,Financiamento,05/08/2026,mariana.silva775@email.com,11999990775
776,Bruno Lima,43.0,Vinhedo,SP,PCX 160,Honda,Scooter,2025,"R$ 18.968,00",Moto Center Vinhedo,Vinhedo,Pedro Souza,Concluída,Financiamento,24/11/2026,bruno.lima776@email.com,11999990776
777,Carlos Mendes,55.0,Valinhos,SP,PCX 160,Honda,Scooter,2025,"R$ 20.724,00",Moto Center Valinhos,Valinhos,Carlos Santos,Agendada,Financiamento,26/09/2026,carlos.mendes777@email.com,11999990777
778,Thiago Alves,67.0,Campinas,SP,Versys 650,Kawasaki,Trail,2024,"R$ 47.243,00",Moto Center Campinas,Campinas,Maria Oliveira,Agendada,Financiamento,08/03/2026,thiago.alves778@email.com,11999990778
779,Juliana Costa,61.0,Jundiai,SP,CB 650R,Honda,Naked,2024,"R$ 50.476,00",Moto Center Jundiaí,Jundiai,Carlos Santos,Agendada,Pix,02/02/2026,juliana.costa779@email.com,11999990779
780,Diego Martins,28.0,Jundiai,SP,Versys 650,Kawasaki,Trail,2024,"R$ 47.184,00",Moto Center Jundiaí,Jundiai,Carlos Santos,Concluída,Financiamento,16/08/2026,diego.martins780@email.com,11999990780
781,Juliana Costa,48.0,Jundiai,SP,CB 500F,Honda,Naked,2024,"R$ 40.027,00",Moto Center Jundiaí,Jundiai,Maria Oliveira,Agendada,Financiamento,12/07/2026,juliana.costa781@email.com,11999990781
782,Pedro Oliveira,63.0,Campinas,SP,CB 500F,Honda,Naked,2024,"R$ 43.062,00",Moto Center Campinas,Campinas,João Silva,Cancelada,Financiamento,08/04/2026,pedro.oliveira782@email.com,11999990782
783,Juliana Costa,37.0,Vinhedo,SP,Ninja 400,Kawasaki,Esportiva,2023,"R$ 38.718,00",Moto Center Vinhedo,Vinhedo,João Silva,Concluída,Financiamento,07/10/2026,juliana.costa783@email.com,11999990783
784,Pedro Oliveira,66.0,Valinhos,SP,Versys 650,Kawasaki,Trail,2024,"R$ 47.933,00",Moto Center Valinhos,Valinhos,Pedro Souza,Agendada,Cartão,28/03/2026,pedro.oliveira784@email.com,11999990784
785,Carlos Mendes,34.0,Valinhos,SP,Ninja 400,Kawasaki,Esportiva,2023,"R$ 33.681,00",Moto Center Valinhos,Valinhos,Maria Oliveira,Cancelada,Pix,25/08/2026,carlos.mendes785@email.com,11999990785
786,Bruno Lima,36.0,Campinas,SP,MT-07,Yamaha,Naked,2024,"R$ 50.509,00",Moto Center Campinas,Campinas,Pedro Souza,Cancelada,Cartão,26/08/2026,bruno.lima786@email.com,11999990786
787,Marcos Pereira,74.0,Vinhedo,SP,PCX 160,Honda,Scooter,2025,"R$ 18.649,00",Moto Center Vinhedo,Vinhedo,Pedro Souza,Cancelada,Cartão,10/06/2026,marcos.pereira787@email.com,11999990787
788,Ana Souza,32.0,Valinhos,SP,Versys 650,Kawasaki,Trail,2024,"R$ 50.853,00",Moto Center Valinhos,Valinhos,Carlos Santos,Agendada,Cartão,25/10/2026,ana.souza788@email.com,11999990788
789,Mariana Silva,55.0,Vinhedo,SP,CB 650R,Honda,Naked,2024,"R$ 52.565,00",Moto Center Vinhedo,Vinhedo,João Silva,Agendada,Pix,12/06/2026,mariana.silva789@email.com,11999990789
790,Renata Costa,70.0,Campinas,SP,CB 650R,Honda,Naked,2024,"R$ 55.333,00",Moto Center Campinas,Campinas,João Silva,Cancelada,Financiamento,25/05/2026,renata.costa790@email.com,11999990790
791,Carlos Mendes,43.0,Jundiai,SP,PCX 160,Honda,Scooter,2025,"R$ 21.626,00",Moto Center Jundiaí,Jundiai,João Silva,Agendada,Cartão,27/05/2026,carlos.mendes791@email.com,11999990791
792,Carolina Gomes,,Jundiai,SP,Ninja 400,Kawasaki,Esportiva,2023,"R$ 37.024,00",Moto Center Jundiaí,Jundiai,Carlos Santos,Agendada,Financiamento,14/11/2026,carolina.gomes792@email.com,11999990792
793,Marcos Pereira,20.0,Valinhos,SP,CB 650R,Honda,Naked,2024,"R$ 50.316,00",Moto Center Valinhos,Valinhos,João Silva,Concluída,Pix,08/05/2026,marcos.pereira793@email.com,11999990793
794,Diego Martins,55.0,Vinhedo,SP,MT-03,Yamaha,Naked,2024,"R$ 35.220,00",Moto Center Vinhedo,Vinhedo,Maria Oliveira,Agendada,Cartão,16/06/2026,diego.martins794@email.com,11999990794
795,Pedro Oliveira,50.0,Vinhedo,SP,Versys 650,Kawasaki,Trail,2024,"R$ 48.698,00",Moto Center Vinhedo,Vinhedo,Carlos Santos,Agendada,Cartão,10/01/2026,pedro.oliveira795@email.com,11999990795
796,Lucas Ferreira,27.0,Campinas,SP,PCX 160,Honda,Scooter,2025,"R$ 19.334,00",Moto Center Campinas,Campinas,João Silva,Agendada,Pix,20/05/2026,lucas.ferreira796@email.com,11999990796
797,Carolina Gomes,63.0,Vinhedo,SP,MT-03,Yamaha,Naked,2024,"R$ 32.907,00",Moto Center Vinhedo,Vinhedo,Maria Oliveira,Agendada,Financiamento,06/01/2026,carolina.gomes797@email.com,11999990797
798,Mariana Silva,61.0,Valinhos,SP,Versys 650,Kawasaki,Trail,2024,"R$ 50.845,00",Moto Center Valinhos,Valinhos,Maria Oliveira,Agendada,Financiamento,23/03/2026,mariana.silva798@email.com,11999990798
799,Mariana Silva,66.0,Vinhedo,SP,PCX 160,Honda,Scooter,2025,"R$ 22.095,00",Moto Center Vinhedo,Vinhedo,Carlos Santos,Concluída,Pix,12/12/2026,mariana.silva799@email.com,11999990799
800,Renata Costa,75.0,Vinhedo,SP,CB 650R,Honda,Naked,2024,"R$ 53.112,00",Moto Center Vinhedo,Vinhedo,Maria Oliveira,Cancelada,Financiamento,21/01/2026,renata.costa800@email.com,11999990800
801,Carlos Mendes,32.0,Campinas,SP,CB 500F,Honda,Naked,2024,"R$ 41.875,00",Moto Center Campinas,Campinas,Carlos Santos,Concluída,Cartão,01/12/2026,carlos.mendes801@email.com,11999990801
802,Pedro Oliveira,50.0,Vinhedo,SP,Versys 650,Kawasaki,Trail,2024,"R$ 51.624,00",Moto Center Vinhedo,Vinhedo,Maria Oliveira,Agendada,Cartão,25/04/2026,pedro.oliveira802@email.com,11999990802
803,Lucas Ferreira,,Jundiai,SP,CB 650R,Honda,Naked,2024,"R$ 50.382,00",Moto Center Jundiaí,Jundiai,Carlos Santos,Concluída,Cartão,09/10/2026,lucas.ferreira803@email.com,11999990803
804,Fernanda Alves,19.0,Valinhos,SP,MT-07,Yamaha,Naked,2024,"R$ 48.272,00",Moto Center Valinhos,Valinhos,Pedro Souza,Agendada,Pix,19/07/2026,fernanda.alves804@email.com,11999990804
805,Carlos Mendes,34.0,Vinhedo,SP,CB 500F,Honda,Naked,2024,"R$ 43.746,00",Moto Center Vinhedo,Vinhedo,Maria Oliveira,Agendada,Pix,27/10/2026,carlos.mendes805@email.com,11999990805
806,Ana Souza,42.0,Valinhos,SP,CB 650R,Honda,Naked,2024,"R$ 50.366,00",Moto Center Valinhos,Valinhos,João Silva,Agendada,Cartão,05/07/2026,ana.souza806@email.com,11999990806
807,Diego Martins,51.0,Vinhedo,SP,MT-03,Yamaha,Naked,2024,"R$ 32.058,00",Moto Center Vinhedo,Vinhedo,Carlos Santos,Cancelada,Pix,17/10/2026,diego.martins807@email.com,11999990807
808,Amanda Rodrigues,26.0,Campinas,SP,MT-03,Yamaha,Naked,2024,"R$ 30.838,00",Moto Center Campinas,Campinas,Carlos Santos,Agendada,Cartão,04/06/2026,amanda.rodrigues808@email.com,11999990808
809,Fernanda Alves,42.0,Vinhedo,SP,Versys 650,Kawasaki,Trail,2024,"R$ 48.642,00",Moto Center Vinhedo,Vinhedo,João Silva,Agendada,Cartão,02/06/2026,fernanda.alves809@email.com,11999990809
810,Juliana Costa,51.0,Vinhedo,SP,MT-07,Yamaha,Naked,2024,"R$ 49.405,00",Moto Center Vinhedo,Vinhedo,Pedro Souza,Agendada,Cartão,09/11/2026,juliana.costa810@email.com,11999990810
811,Renata Costa,35.0,Valinhos,SP,Versys 650,Kawasaki,Trail,2024,"R$ 47.225,00",Moto Center Valinhos,Valinhos,Maria Oliveira,Concluída,Financiamento,04/03/2026,renata.costa811@email.com,11999990811
812,Lucas Ferreira,67.0,Jundiai,SP,PCX 160,Honda,Scooter,2025,"R$ 19.520,00",Moto Center Jundiaí,Jundiai,João Silva,Agendada,Financiamento,09/10/2026,lucas.ferreira812@email.com,11999990812
813,Ana Souza,52.0,Valinhos,SP,Versys 650,Kawasaki,Trail,2024,"R$ 49.402,00",Moto Center Valinhos,Valinhos,Carlos Santos,Concluída,Pix,20/08/2026,ana.souza813@email.com,11999990813
814,Mariana Silva,39.0,Vinhedo,SP,Versys 650,Kawasaki,Trail,2024,"R$ 47.011,00",Moto Center Vinhedo,Vinhedo,Pedro Souza,Agendada,Pix,01/12/2026,mariana.silva814@email.com,11999990814
815,Pedro Oliveira,64.0,Vinhedo,SP,CB 500F,Honda,Naked,2024,"R$ 43.974,00",Moto Center Vinhedo,Vinhedo,Carlos Santos,Cancelada,Cartão,21/08/2026,pedro.oliveira815@email.com,11999990815
816,Carolina Gomes,62.0,Valinhos,SP,MT-03,Yamaha,Naked,2024,"R$ 33.676,00",Moto Center Valinhos,Valinhos,João Silva,Concluída,Pix,16/09/2026,carolina.gomes816@email.com,11999990816
817,Marcos Pereira,19.0,Campinas,SP,CB 650R,Honda,Naked,2024,"R$ 54.637,00",Moto Center Campinas,Campinas,João Silva,Concluída,Pix,14/07/2026,marcos.pereira817@email.com,11999990817
818,Marcos Pereira,59.0,Vinhedo,SP,Ninja 400,Kawasaki,Esportiva,2023,"R$ 37.413,00",Moto Center Vinhedo,Vinhedo,Maria Oliveira,Cancelada,Cartão,07/02/2026,marcos.pereira818@email.com,11999990818
819,Lucas Ferreira,24.0,Vinhedo,SP,MT-07,Yamaha,Naked,2024,"R$ 52.619,00",Moto Center Vinhedo,Vinhedo,Pedro Souza,Cancelada,Cartão,01/11/2026,lucas.ferreira819@email.com,11999990819
820,Ana Souza,65.0,Valinhos,SP,MT-03,Yamaha,Naked,2024,"R$ 34.104,00",Moto Center Valinhos,Valinhos,Maria Oliveira,Agendada,Financiamento,27/03/2026,ana.souza820@email.com,11999990820
821,Juliana Costa,18.0,Vinhedo,SP,Versys 650,Kawasaki,Trail,2024,"R$ 47.605,00",Moto Center Vinhedo,Vinhedo,João Silva,Agendada,Financiamento,20/10/2026,juliana.costa821@email.com,11999990821
822,Mariana Silva,40.0,Vinhedo,SP,MT-03,Yamaha,Naked,2024,"R$ 33.156,00",Moto Center Vinhedo,Vinhedo,Maria Oliveira,Cancelada,Pix,12/04/2026,mariana.silva822@email.com,11999990822
823,João Santos,26.0,Valinhos,SP,MT-03,Yamaha,Naked,2024,"R$ 33.180,00",Moto Center Valinhos,Valinhos,Maria Oliveira,Concluída,Financiamento,24/02/2026,joão.santos823@email.com,11999990823
824,Mariana Silva,18.0,Vinhedo,SP,Versys 650,Kawasaki,Trail,2024,"R$ 52.734,00",Moto Center Vinhedo,Vinhedo,Carlos Santos,Concluída,Financiamento,25/09/2026,mariana.silva824@email.com,11999990824
825,Carlos Mendes,23.0,Valinhos,SP,CB 500F,Honda,Naked,2024,"R$ 42.645,00",Moto Center Valinhos,Valinhos,João Silva,Cancelada,Cartão,28/09/2026,carlos.mendes825@email.com,11999990825
826,Marcos Pereira,18.0,Vinhedo,SP,PCX 160,Honda,Scooter,2025,"R$ 20.554,00",Moto Center Vinhedo,Vinhedo,Maria Oliveira,Concluída,Financiamento,03/07/2026,marcos.pereira826@email.com,11999990826
827,Marcos Pereira,22.0,Vinhedo,SP,Versys 650,Kawasaki,Trail,2024,"R$ 52.699,00",Moto Center Vinhedo,Vinhedo,Carlos Santos,Concluída,Pix,12/05/2026,marcos.pereira827@email.com,11999990827
828,Carlos Mendes,56.0,Vinhedo,SP,MT-03,Yamaha,Naked,2024,"R$ 35.026,00",Moto Center Vinhedo,Vinhedo,Carlos Santos,Concluída,Financiamento,22/11/2026,carlos.mendes828@email.com,11999990828
829,Mariana Silva,26.0,Campinas,SP,MT-03,Yamaha,Naked,2024,"R$ 32.089,00",Moto Center Campinas,Campinas,João Silva,Cancelada,Financiamento,28/06/2026,mariana.silva829@email.com,11999990829
830,Mariana Silva,52.0,Jundiai,SP,MT-03,Yamaha,Naked,2024,"R$ 35.064,00",Moto Center Jundiaí,Jundiai,Carlos Santos,Cancelada,Cartão,05/03/2026,mariana.silva830@email.com,11999990830
831,Renata Costa,55.0,Vinhedo,SP,CB 650R,Honda,Naked,2024,"R$ 55.850,00",Moto Center Vinhedo,Vinhedo,Pedro Souza,Concluída,Pix,23/12/2026,renata.costa831@email.com,11999990831
832,Diego Martins,51.0,Valinhos,SP,CB 650R,Honda,Naked,2024,"R$ 52.769,00",Moto Center Valinhos,Valinhos,Carlos Santos,Agendada,Pix,17/12/2026,diego.martins832@email.com,11999990832
833,Amanda Rodrigues,59.0,Valinhos,SP,MT-07,Yamaha,Naked,2024,"R$ 52.849,00",Moto Center Valinhos,Valinhos,João Silva,Concluída,Cartão,26/05/2026,amanda.rodrigues833@email.com,11999990833
834,Amanda Rodrigues,18.0,Jundiai,SP,MT-03,Yamaha,Naked,2024,"R$ 29.754,00",Moto Center Jundiaí,Jundiai,Pedro Souza,Concluída,Pix,03/10/2026,amanda.rodrigues834@email.com,11999990834
835,Marcos Pereira,67.0,Valinhos,SP,MT-03,Yamaha,Naked,2024,"R$ 29.717,00",Moto Center Valinhos,Valinhos,Pedro Souza,Concluída,Pix,02/02/2026,marcos.pereira835@email.com,11999990835
836,Carlos Mendes,69.0,Vinhedo,SP,Versys 650,Kawasaki,Trail,2024,"R$ 49.147,00",Moto Center Vinhedo,Vinhedo,Carlos Santos,Agendada,Pix,15/03/2026,carlos.mendes836@email.com,11999990836
837,Fernanda Alves,36.0,Campinas,SP,MT-03,Yamaha,Naked,2024,"R$ 32.635,00",Moto Center Campinas,Campinas,Carlos Santos,Agendada,Financiamento,05/11/2026,fernanda.alves837@email.com,11999990837
838,Renata Costa,43.0,Valinhos,SP,CB 500F,Honda,Naked,2024,"R$ 45.272,00",Moto Center Valinhos,Valinhos,João Silva,Cancelada,Pix,20/11/2026,renata.costa838@email.com,11999990838
839,Diego Martins,39.0,Vinhedo,SP,MT-03,Yamaha,Naked,2024,"R$ 33.179,00",Moto Center Vinhedo,Vinhedo,João Silva,Cancelada,Pix,13/06/2026,diego.martins839@email.com,11999990839
840,Renata Costa,74.0,Valinhos,SP,Ninja 400,Kawasaki,Esportiva,2023,"R$ 36.049,00",Moto Center Valinhos,Valinhos,João Silva,Agendada,Pix,19/08/2026,renata.costa840@email.com,11999990840
841,Amanda Rodrigues,37.0,Vinhedo,SP,Versys 650,Kawasaki,Trail,2024,"R$ 47.709,00",Moto Center Vinhedo,Vinhedo,João Silva,Concluída,Pix,11/07/2026,amanda.rodrigues841@email.com,11999990841
842,Ana Souza,50.0,Campinas,SP,CB 650R,Honda,Naked,2024,"R$ 54.159,00",Moto Center Campinas,Campinas,Carlos Santos,Cancelada,Pix,09/06/2026,ana.souza842@email.com,11999990842
843,Juliana Costa,44.0,Vinhedo,SP,CB 650R,Honda,Naked,2024,"R$ 53.553,00",Moto Center Vinhedo,Vinhedo,Carlos Santos,Agendada,Cartão,14/03/2026,juliana.costa843@email.com,11999990843
844,Juliana Costa,60.0,Valinhos,SP,CB 650R,Honda,Naked,2024,"R$ 50.882,00",Moto Center Valinhos,Valinhos,Pedro Souza,Agendada,Financiamento,20/05/2026,juliana.costa844@email.com,11999990844
845,Renata Costa,65.0,Valinhos,SP,CB 650R,Honda,Naked,2024,"R$ 51.410,00",Moto Center Valinhos,Valinhos,Pedro Souza,Concluída,Financiamento,16/04/2026,renata.costa845@email.com,11999990845
846,Juliana Costa,39.0,Vinhedo,SP,PCX 160,Honda,Scooter,2025,"R$ 21.578,00",Moto Center Vinhedo,Vinhedo,Carlos Santos,Cancelada,Financiamento,11/01/2026,juliana.costa846@email.com,11999990846
847,Renata Costa,65.0,Jundiai,SP,Ninja 400,Kawasaki,Esportiva,2023,"R$ 34.812,00",Moto Center Jundiaí,Jundiai,João Silva,Cancelada,Financiamento,07/01/2026,renata.costa847@email.com,11999990847
848,Carlos Mendes,49.0,Campinas,SP,Versys 650,Kawasaki,Trail,2024,"R$ 47.228,00",Moto Center Campinas,Campinas,João Silva,Cancelada,Financiamento,17/06/2026,carlos.mendes848@email.com,11999990848
849,Carolina Gomes,30.0,Campinas,SP,CB 500F,Honda,Naked,2024,"R$ 44.253,00",Moto Center Campinas,Campinas,Carlos Santos,Cancelada,Financiamento,24/07/2026,carolina.gomes849@email.com,11999990849
850,Diego Martins,22.0,Vinhedo,SP,PCX 160,Honda,Scooter,2025,"R$ 19.056,00",Moto Center Vinhedo,Vinhedo,Pedro Souza,Agendada,Pix,19/06/2026,diego.martins850@email.com,11999990850
851,Carlos Mendes,62.0,Valinhos,SP,CB 650R,Honda,Naked,2024,"R$ 51.403,00",Moto Center Valinhos,Valinhos,Pedro Souza,Agendada,Pix,12/01/2026,carlos.mendes851@email.com,11999990851
852,Thiago Alves,60.0,Campinas,SP,MT-03,Yamaha,Naked,2024,"R$ 34.360,00",Moto Center Campinas,Campinas,João Silva,Concluída,Pix,22/05/2026,thiago.alves852@email.com,11999990852
853,Amanda Rodrigues,18.0,Valinhos,SP,Ninja 400,Kawasaki,Esportiva,2023,"R$ 38.236,00",Moto Center Valinhos,Valinhos,Maria Oliveira,Concluída,Financiamento,13/03/2026,amanda.rodrigues853@email.com,11999990853
854,Thiago Alves,68.0,Jundiai,SP,Ninja 400,Kawasaki,Esportiva,2023,"R$ 37.020,00",Moto Center Jundiaí,Jundiai,Maria Oliveira,Cancelada,Financiamento,07/11/2026,thiago.alves854@email.com,11999990854
855,Carolina Gomes,23.0,Jundiai,SP,Ninja 400,Kawasaki,Esportiva,2023,"R$ 37.564,00",Moto Center Jundiaí,Jundiai,Maria Oliveira,Concluída,Pix,05/02/2026,carolina.gomes855@email.com,11999990855
856,Bruno Lima,61.0,Vinhedo,SP,CB 500F,Honda,Naked,2024,"R$ 45.388,00",Moto Center Vinhedo,Vinhedo,Maria Oliveira,Cancelada,Pix,14/01/2026,bruno.lima856@email.com,11999990856
857,João Santos,29.0,Jundiai,SP,MT-07,Yamaha,Naked,2024,"R$ 47.906,00",Moto Center Jundiaí,Jundiai,Maria Oliveira,Agendada,Financiamento,22/01/2026,joão.santos857@email.com,11999990857
858,Juliana Costa,45.0,Campinas,SP,CB 500F,Honda,Naked,2024,"R$ 40.983,00",Moto Center Campinas,Campinas,Maria Oliveira,Concluída,Financiamento,23/06/2026,juliana.costa858@email.com,11999990858
859,Bruno Lima,42.0,Vinhedo,SP,MT-03,Yamaha,Naked,2024,"R$ 35.398,00",Moto Center Vinhedo,Vinhedo,Maria Oliveira,Concluída,Pix,10/04/2026,bruno.lima859@email.com,11999990859
860,Bruno Lima,43.0,Campinas,SP,Versys 650,Kawasaki,Trail,2024,"R$ 47.701,00",Moto Center Campinas,Campinas,João Silva,Agendada,Pix,17/01/2026,bruno.lima860@email.com,11999990860
861,Bruno Lima,64.0,Valinhos,SP,Versys 650,Kawasaki,Trail,2024,"R$ 49.636,00",Moto Center Valinhos,Valinhos,Maria Oliveira,Concluída,Financiamento,02/11/2026,bruno.lima861@email.com,11999990861
862,Bruno Lima,52.0,Valinhos,SP,CB 650R,Honda,Naked,2024,"R$ 53.366,00",Moto Center Valinhos,Valinhos,Pedro Souza,Concluída,Financiamento,11/08/2026,bruno.lima862@email.com,11999990862
863,Juliana Costa,29.0,Campinas,SP,Ninja 400,Kawasaki,Esportiva,2023,"R$ 34.672,00",Moto Center Campinas,Campinas,Maria Oliveira,Concluída,Financiamento,24/09/2026,juliana.costa863@email.com,11999990863
864,Bruno Lima,71.0,Vinhedo,SP,Versys 650,Kawasaki,Trail,2024,"R$ 52.293,00",Moto Center Vinhedo,Vinhedo,Carlos Santos,Concluída,Pix,16/09/2026,bruno.lima864@email.com,11999990864
865,Fernanda Alves,47.0,Campinas,SP,CB 650R,Honda,Naked,2024,"R$ 54.410,00",Moto Center Campinas,Campinas,Maria Oliveira,Agendada,Cartão,24/02/2026,fernanda.alves865@email.com,11999990865
866,Lucas Ferreira,60.0,Valinhos,SP,PCX 160,Honda,Scooter,2025,"R$ 24.192,00",Moto Center Valinhos,Valinhos,Pedro Souza,Agendada,Cartão,05/12/2026,lucas.ferreira866@email.com,11999990866
867,Amanda Rodrigues,45.0,Jundiai,SP,CB 500F,Honda,Naked,2024,"R$ 44.680,00",Moto Center Jundiaí,Jundiai,Carlos Santos,Cancelada,Pix,24/10/2026,amanda.rodrigues867@email.com,11999990867
868,Marcos Pereira,27.0,Jundiai,SP,MT-03,Yamaha,Naked,2024,"R$ 30.695,00",Moto Center Jundiaí,Jundiai,Carlos Santos,Cancelada,Financiamento,01/09/2026,marcos.pereira868@email.com,11999990868
869,Mariana Silva,43.0,Vinhedo,SP,Versys 650,Kawasaki,Trail,2024,"R$ 46.902,00",Moto Center Vinhedo,Vinhedo,Maria Oliveira,Concluída,Cartão,28/03/2026,mariana.silva869@email.com,11999990869
870,Carolina Gomes,40.0,Jundiai,SP,Ninja 400,Kawasaki,Esportiva,2023,"R$ 38.543,00",Moto Center Jundiaí,Jundiai,Maria Oliveira,Concluída,Financiamento,26/10/2026,carolina.gomes870@email.com,11999990870
871,Marcos Pereira,56.0,Vinhedo,SP,Ninja 400,Kawasaki,Esportiva,2023,"R$ 37.444,00",Moto Center Vinhedo,Vinhedo,João Silva,Agendada,Cartão,17/09/2026,marcos.pereira871@email.com,11999990871
872,Mariana Silva,36.0,Campinas,SP,MT-03,Yamaha,Naked,2024,"R$ 33.622,00",Moto Center Campinas,Campinas,Pedro Souza,Concluída,Cartão,11/04/2026,mariana.silva872@email.com,11999990872
873,Bruno Lima,42.0,Jundiai,SP,MT-03,Yamaha,Naked,2024,"R$ 30.592,00",Moto Center Jundiaí,Jundiai,Pedro Souza,Cancelada,Financiamento,15/01/2026,bruno.lima873@email.com,11999990873
874,Carlos Mendes,20.0,Valinhos,SP,Versys 650,Kawasaki,Trail,2024,"R$ 50.821,00",Moto Center Valinhos,Valinhos,Carlos Santos,Agendada,Financiamento,24/05/2026,carlos.mendes874@email.com,11999990874
875,Carlos Mendes,31.0,Campinas,SP,MT-03,Yamaha,Naked,2024,"R$ 33.753,00",Moto Center Campinas,Campinas,Maria Oliveira,Concluída,Pix,05/09/2026,carlos.mendes875@email.com,11999990875
876,Diego Martins,56.0,Jundiai,SP,PCX 160,Honda,Scooter,2025,"R$ 21.003,00",Moto Center Jundiaí,Jundiai,João Silva,Cancelada,Financiamento,15/08/2026,diego.martins876@email.com,11999990876
877,Carolina Gomes,41.0,Campinas,SP,Ninja 400,Kawasaki,Esportiva,2023,"R$ 35.951,00",Moto Center Campinas,Campinas,Maria Oliveira,Agendada,Financiamento,25/07/2026,carolina.gomes877@email.com,11999990877
878,Bruno Lima,63.0,Jundiai,SP,MT-07,Yamaha,Naked,2024,"R$ 50.039,00",Moto Center Jundiaí,Jundiai,Maria Oliveira,Cancelada,Cartão,03/11/2026,bruno.lima878@email.com,11999990878
879,Bruno Lima,72.0,Campinas,SP,PCX 160,Honda,Scooter,2025,"R$ 23.987,00",Moto Center Campinas,Campinas,Pedro Souza,Cancelada,Pix,17/12/2026,bruno.lima879@email.com,11999990879
880,Amanda Rodrigues,35.0,Campinas,SP,CB 650R,Honda,Naked,2024,"R$ 54.597,00",Moto Center Campinas,Campinas,João Silva,Cancelada,Pix,03/12/2026,amanda.rodrigues880@email.com,11999990880
881,Mariana Silva,40.0,Valinhos,SP,Ninja 400,Kawasaki,Esportiva,2023,"R$ 38.872,00",Moto Center Valinhos,Valinhos,Pedro Souza,Concluída,Pix,20/01/2026,mariana.silva881@email.com,11999990881
882,Ana Souza,55.0,Campinas,SP,CB 500F,Honda,Naked,2024,"R$ 44.710,00",Moto Center Campinas,Campinas,João Silva,Cancelada,Pix,24/05/2026,ana.souza882@email.com,11999990882
883,Carlos Mendes,58.0,Vinhedo,SP,MT-07,Yamaha,Naked,2024,"R$ 51.293,00",Moto Center Vinhedo,Vinhedo,João Silva,Agendada,Financiamento,18/07/2026,carlos.mendes883@email.com,11999990883
884,Carlos Mendes,19.0,Valinhos,SP,Ninja 400,Kawasaki,Esportiva,2023,"R$ 38.013,00",Moto Center Valinhos,Valinhos,Pedro Souza,Concluída,Cartão,04/09/2026,carlos.mendes884@email.com,11999990884
885,Ana Souza,48.0,Vinhedo,SP,CB 500F,Honda,Naked,2024,"R$ 42.383,00",Moto Center Vinhedo,Vinhedo,Carlos Santos,Concluída,Pix,03/11/2026,ana.souza885@email.com,11999990885
886,Fernanda Alves,65.0,Campinas,SP,Versys 650,Kawasaki,Trail,2024,"R$ 47.926,00",Moto Center Campinas,Campinas,Carlos Santos,Agendada,Pix,18/07/2026,fernanda.alves886@email.com,11999990886
887,Fernanda Alves,73.0,Campinas,SP,CB 500F,Honda,Naked,2024,"R$ 44.996,00",Moto Center Campinas,Campinas,João Silva,Concluída,Pix,15/05/2026,fernanda.alves887@email.com,11999990887
888,João Santos,64.0,Valinhos,SP,PCX 160,Honda,Scooter,2025,"R$ 23.183,00",Moto Center Valinhos,Valinhos,Pedro Souza,Cancelada,Pix,23/05/2026,joão.santos888@email.com,11999990888
889,Diego Martins,27.0,Jundiai,SP,MT-07,Yamaha,Naked,2024,"R$ 50.968,00",Moto Center Jundiaí,Jundiai,João Silva,Cancelada,Cartão,18/04/2026,diego.martins889@email.com,11999990889
890,Bruno Lima,42.0,Valinhos,SP,Ninja 400,Kawasaki,Esportiva,2023,"R$ 35.999,00",Moto Center Valinhos,Valinhos,Carlos Santos,Concluída,Financiamento,14/10/2026,bruno.lima890@email.com,11999990890
891,Carolina Gomes,21.0,Vinhedo,SP,CB 650R,Honda,Naked,2024,"R$ 53.852,00",Moto Center Vinhedo,Vinhedo,João Silva,Concluída,Cartão,01/02/2026,carolina.gomes891@email.com,11999990891
892,Lucas Ferreira,,Vinhedo,SP,MT-03,Yamaha,Naked,2024,"R$ 33.137,00",Moto Center Vinhedo,Vinhedo,Maria Oliveira,Cancelada,Cartão,24/05/2026,lucas.ferreira892@email.com,11999990892
893,Diego Martins,54.0,Campinas,SP,CB 500F,Honda,Naked,2024,"R$ 42.614,00",Moto Center Campinas,Campinas,Pedro Souza,Concluída,Cartão,27/01/2026,diego.martins893@email.com,11999990893
894,Marcos Pereira,44.0,Campinas,SP,PCX 160,Honda,Scooter,2025,"R$ 22.472,00",Moto Center Campinas,Campinas,Maria Oliveira,Cancelada,Cartão,11/09/2026,marcos.pereira894@email.com,11999990894
895,Bruno Lima,62.0,Jundiai,SP,MT-07,Yamaha,Naked,2024,"R$ 50.209,00",Moto Center Jundiaí,Jundiai,João Silva,Concluída,Financiamento,17/04/2026,bruno.lima895@email.com,11999990895
896,Amanda Rodrigues,61.0,Vinhedo,SP,Ninja 400,Kawasaki,Esportiva,2023,"R$ 34.256,00",Moto Center Vinhedo,Vinhedo,Carlos Santos,Agendada,Financiamento,12/08/2026,amanda.rodrigues896@email.com,11999990896
897,João Santos,30.0,Valinhos,SP,Ninja 400,Kawasaki,Esportiva,2023,"R$ 38.703,00",Moto Center Valinhos,Valinhos,Carlos Santos,Concluída,Pix,13/11/2026,joão.santos897@email.com,11999990897
898,Fernanda Alves,58.0,Valinhos,SP,MT-03,Yamaha,Naked,2024,"R$ 34.336,00",Moto Center Valinhos,Valinhos,Pedro Souza,Concluída,Pix,23/12/2026,fernanda.alves898@email.com,11999990898
899,Diego Martins,44.0,Campinas,SP,Versys 650,Kawasaki,Trail,2024,"R$ 51.382,00",Moto Center Campinas,Campinas,João Silva,Agendada,Pix,19/10/2026,diego.martins899@email.com,11999990899
900,Amanda Rodrigues,64.0,Valinhos,SP,Versys 650,Kawasaki,Trail,2024,"R$ 50.087,00",Moto Center Valinhos,Valinhos,Carlos Santos,Cancelada,Cartão,17/01/2026,amanda.rodrigues900@email.com,11999990900
901,Juliana Costa,59.0,Valinhos,SP,CB 650R,Honda,Naked,2024,"R$ 55.772,00",Moto Center Valinhos,Valinhos,Carlos Santos,Concluída,Cartão,06/05/2026,juliana.costa901@email.com,11999990901
902,Diego Martins,45.0,Jundiai,SP,MT-03,Yamaha,Naked,2024,"R$ 30.312,00",Moto Center Jundiaí,Jundiai,Pedro Souza,Cancelada,Financiamento,04/02/2026,diego.martins902@email.com,11999990902
903,Marcos Pereira,29.0,Jundiai,SP,PCX 160,Honda,Scooter,2025,"R$ 18.551,00",Moto Center Jundiaí,Jundiai,João Silva,Concluída,Financiamento,02/05/2026,marcos.pereira903@email.com,11999990903
904,Mariana Silva,42.0,Vinhedo,SP,PCX 160,Honda,Scooter,2025,"R$ 20.366,00",Moto Center Vinhedo,Vinhedo,Pedro Souza,Concluída,Financiamento,26/02/2026,mariana.silva904@email.com,11999990904
905,Pedro Oliveira,55.0,Valinhos,SP,Versys 650,Kawasaki,Trail,2024,"R$ 51.401,00",Moto Center Valinhos,Valinhos,Pedro Souza,Cancelada,Financiamento,04/09/2026,pedro.oliveira905@email.com,11999990905
906,João Santos,73.0,Valinhos,SP,CB 500F,Honda,Naked,2024,"R$ 42.156,00",Moto Center Valinhos,Valinhos,João Silva,Cancelada,Pix,12/05/2026,joão.santos906@email.com,11999990906
907,Amanda Rodrigues,32.0,Campinas,SP,MT-03,Yamaha,Naked,2024,"R$ 34.422,00",Moto Center Campinas,Campinas,Maria Oliveira,Concluída,Financiamento,03/09/2026,amanda.rodrigues907@email.com,11999990907
908,Renata Costa,41.0,Vinhedo,SP,CB 650R,Honda,Naked,2024,"R$ 54.462,00",Moto Center Vinhedo,Vinhedo,Pedro Souza,Agendada,Pix,03/06/2026,renata.costa908@email.com,11999990908
909,Juliana Costa,35.0,Campinas,SP,CB 500F,Honda,Naked,2024,"R$ 42.053,00",Moto Center Campinas,Campinas,Pedro Souza,Concluída,Financiamento,28/09/2026,juliana.costa909@email.com,11999990909
910,João Santos,22.0,Campinas,SP,Versys 650,Kawasaki,Trail,2024,"R$ 48.857,00",Moto Center Campinas,Campinas,Maria Oliveira,Cancelada,Pix,10/02/2026,joão.santos910@email.com,11999990910
911,Juliana Costa,45.0,Valinhos,SP,CB 650R,Honda,Naked,2024,"R$ 51.873,00",Moto Center Valinhos,Valinhos,Maria Oliveira,Agendada,Cartão,09/04/2026,juliana.costa911@email.com,11999990911
912,Ana Souza,56.0,Jundiai,SP,Versys 650,Kawasaki,Trail,2024,"R$ 48.967,00",Moto Center Jundiaí,Jundiai,João Silva,Cancelada,Cartão,19/12/2026,ana.souza912@email.com,11999990912
913,Thiago Alves,34.0,Jundiai,SP,CB 650R,Honda,Naked,2024,"R$ 51.736,00",Moto Center Jundiaí,Jundiai,Pedro Souza,Concluída,Cartão,11/03/2026,thiago.alves913@email.com,11999990913
914,Ana Souza,61.0,Campinas,SP,Versys 650,Kawasaki,Trail,2024,"R$ 49.972,00",Moto Center Campinas,Campinas,Carlos Santos,Cancelada,Financiamento,04/03/2026,ana.souza914@email.com,11999990914
915,Lucas Ferreira,66.0,Valinhos,SP,Versys 650,Kawasaki,Trail,2024,"R$ 47.220,00",Moto Center Valinhos,Valinhos,Maria Oliveira,Agendada,Financiamento,13/10/2026,lucas.ferreira915@email.com,11999990915
916,Fernanda Alves,70.0,Vinhedo,SP,MT-03,Yamaha,Naked,2024,"R$ 30.600,00",Moto Center Vinhedo,Vinhedo,Pedro Souza,Agendada,Cartão,21/10/2026,fernanda.alves916@email.com,11999990916
917,Diego Martins,20.0,Campinas,SP,MT-07,Yamaha,Naked,2024,"R$ 48.783,00",Moto Center Campinas,Campinas,João Silva,Cancelada,Cartão,27/12/2026,diego.martins917@email.com,11999990917
918,Thiago Alves,21.0,Jundiai,SP,MT-07,Yamaha,Naked,2024,"R$ 52.803,00",Moto Center Jundiaí,Jundiai,Pedro Souza,Agendada,Pix,12/12/2026,thiago.alves918@email.com,11999990918
919,João Santos,29.0,Jundiai,SP,MT-03,Yamaha,Naked,2024,"R$ 32.358,00",Moto Center Jundiaí,Jundiai,Pedro Souza,Concluída,Cartão,10/03/2026,joão.santos919@email.com,11999990919
920,Lucas Ferreira,33.0,Jundiai,SP,MT-03,Yamaha,Naked,2024,"R$ 34.896,00",Moto Center Jundiaí,Jundiai,Carlos Santos,Cancelada,Cartão,18/02/2026,lucas.ferreira920@email.com,11999990920
921,João Santos,45.0,Campinas,SP,Versys 650,Kawasaki,Trail,2024,"R$ 47.541,00",Moto Center Campinas,Campinas,Carlos Santos,Cancelada,Pix,05/12/2026,joão.santos921@email.com,11999990921
922,Fernanda Alves,33.0,Vinhedo,SP,MT-03,Yamaha,Naked,2024,"R$ 31.513,00",Moto Center Vinhedo,Vinhedo,Carlos Santos,Agendada,Pix,28/04/2026,fernanda.alves922@email.com,11999990922
923,Carlos Mendes,28.0,Jundiai,SP,PCX 160,Honda,Scooter,2025,"R$ 20.378,00",Moto Center Jundiaí,Jundiai,Maria Oliveira,Agendada,Financiamento,24/10/2026,carlos.mendes923@email.com,11999990923
924,Renata Costa,22.0,Jundiai,SP,MT-03,Yamaha,Naked,2024,"R$ 32.690,00",Moto Center Jundiaí,Jundiai,Maria Oliveira,Concluída,Cartão,19/09/2026,renata.costa924@email.com,11999990924
925,Carlos Mendes,65.0,Vinhedo,SP,PCX 160,Honda,Scooter,2025,"R$ 21.075,00",Moto Center Vinhedo,Vinhedo,Maria Oliveira,Concluída,Pix,28/09/2026,carlos.mendes925@email.com,11999990925
926,Renata Costa,42.0,Valinhos,SP,MT-03,Yamaha,Naked,2024,"R$ 29.870,00",Moto Center Valinhos,Valinhos,Carlos Santos,Cancelada,Cartão,03/06/2026,renata.costa926@email.com,11999990926
927,Ana Souza,66.0,Jundiai,SP,MT-03,Yamaha,Naked,2024,"R$ 32.648,00",Moto Center Jundiaí,Jundiai,Carlos Santos,Concluída,Financiamento,09/05/2026,ana.souza927@email.com,11999990927
928,Carolina Gomes,46.0,Vinhedo,SP,CB 500F,Honda,Naked,2024,"R$ 43.611,00",Moto Center Vinhedo,Vinhedo,João Silva,Concluída,Pix,24/10/2026,carolina.gomes928@email.com,11999990928
929,Mariana Silva,52.0,Campinas,SP,Ninja 400,Kawasaki,Esportiva,2023,"R$ 37.323,00",Moto Center Campinas,Campinas,Maria Oliveira,Cancelada,Cartão,06/12/2026,mariana.silva929@email.com,11999990929
930,Lucas Ferreira,67.0,Vinhedo,SP,PCX 160,Honda,Scooter,2025,"R$ 19.156,00",Moto Center Vinhedo,Vinhedo,Pedro Souza,Cancelada,Cartão,03/12/2026,lucas.ferreira930@email.com,11999990930
931,Carlos Mendes,75.0,Jundiai,SP,Versys 650,Kawasaki,Trail,2024,"R$ 49.110,00",Moto Center Jundiaí,Jundiai,Pedro Souza,Concluída,Cartão,24/04/2026,carlos.mendes931@email.com,11999990931
932,Pedro Oliveira,57.0,Jundiai,SP,CB 650R,Honda,Naked,2024,"R$ 54.923,00",Moto Center Jundiaí,Jundiai,Carlos Santos,Agendada,Cartão,18/12/2026,pedro.oliveira932@email.com,11999990932
933,Carolina Gomes,59.0,Jundiai,SP,PCX 160,Honda,Scooter,2025,"R$ 23.405,00",Moto Center Jundiaí,Jundiai,Maria Oliveira,Agendada,Financiamento,28/10/2026,carolina.gomes933@email.com,11999990933
934,Amanda Rodrigues,35.0,Vinhedo,SP,PCX 160,Honda,Scooter,2025,"R$ 21.629,00",Moto Center Vinhedo,Vinhedo,Maria Oliveira,Agendada,Pix,13/07/2026,amanda.rodrigues934@email.com,11999990934
935,Juliana Costa,47.0,Campinas,SP,CB 500F,Honda,Naked,2024,"R$ 45.097,00",Moto Center Campinas,Campinas,João Silva,Cancelada,Pix,06/01/2026,juliana.costa935@email.com,11999990935
936,Pedro Oliveira,60.0,Valinhos,SP,Versys 650,Kawasaki,Trail,2024,"R$ 51.588,00",Moto Center Valinhos,Valinhos,Pedro Souza,Cancelada,Cartão,27/01/2026,pedro.oliveira936@email.com,11999990936
937,Mariana Silva,23.0,Valinhos,SP,MT-07,Yamaha,Naked,2024,"R$ 50.512,00",Moto Center Valinhos,Valinhos,Pedro Souza,Agendada,Pix,15/06/2026,mariana.silva937@email.com,11999990937
938,Fernanda Alves,44.0,Valinhos,SP,CB 500F,Honda,Naked,2024,"R$ 44.194,00",Moto Center Valinhos,Valinhos,Pedro Souza,Concluída,Financiamento,09/01/2026,fernanda.alves938@email.com,11999990938
939,Pedro Oliveira,48.0,Vinhedo,SP,Versys 650,Kawasaki,Trail,2024,"R$ 51.316,00",Moto Center Vinhedo,Vinhedo,Carlos Santos,Agendada,Financiamento,03/02/2026,pedro.oliveira939@email.com,11999990939
940,Bruno Lima,19.0,Vinhedo,SP,MT-03,Yamaha,Naked,2024,"R$ 35.105,00",Moto Center Vinhedo,Vinhedo,Carlos Santos,Cancelada,Cartão,19/06/2026,bruno.lima940@email.com,11999990940
941,Ana Souza,47.0,Campinas,SP,Versys 650,Kawasaki,Trail,2024,"R$ 48.517,00",Moto Center Campinas,Campinas,João Silva,Agendada,Pix,23/10/2026,ana.souza941@email.com,11999990941
942,Renata Costa,52.0,Jundiai,SP,MT-07,Yamaha,Naked,2024,"R$ 48.091,00",Moto Center Jundiaí,Jundiai,João Silva,Concluída,Financiamento,10/08/2026,renata.costa942@email.com,11999990942
943,Thiago Alves,23.0,Valinhos,SP,MT-07,Yamaha,Naked,2024,"R$ 49.425,00",Moto Center Valinhos,Valinhos,Maria Oliveira,Concluída,Cartão,26/02/2026,thiago.alves943@email.com,11999990943
944,Renata Costa,32.0,Campinas,SP,MT-07,Yamaha,Naked,2024,"R$ 50.092,00",Moto Center Campinas,Campinas,Maria Oliveira,Concluída,Cartão,26/02/2026,renata.costa944@email.com,11999990944
945,Pedro Oliveira,,Campinas,SP,MT-03,Yamaha,Naked,2024,"R$ 33.423,00",Moto Center Campinas,Campinas,Maria Oliveira,Agendada,Pix,22/07/2026,pedro.oliveira945@email.com,11999990945
946,Mariana Silva,69.0,Valinhos,SP,Ninja 400,Kawasaki,Esportiva,2023,"R$ 37.482,00",Moto Center Valinhos,Valinhos,Pedro Souza,Agendada,Cartão,21/07/2026,mariana.silva946@email.com,11999990946
947,Mariana Silva,71.0,Vinhedo,SP,Versys 650,Kawasaki,Trail,2024,"R$ 52.514,00",Moto Center Vinhedo,Vinhedo,Maria Oliveira,Concluída,Financiamento,25/05/2026,mariana.silva947@email.com,11999990947
948,Juliana Costa,68.0,Valinhos,SP,MT-07,Yamaha,Naked,2024,"R$ 51.573,00",Moto Center Valinhos,Valinhos,Carlos Santos,Cancelada,Cartão,01/06/2026,juliana.costa948@email.com,11999990948
949,Juliana Costa,,Vinhedo,SP,Ninja 400,Kawasaki,Esportiva,2023,"R$ 37.268,00",Moto Center Vinhedo,Vinhedo,Maria Oliveira,Concluída,Cartão,04/07/2026,juliana.costa949@email.com,11999990949
950,João Santos,43.0,Campinas,SP,CB 500F,Honda,Naked,2024,"R$ 44.708,00",Moto Center Campinas,Campinas,Pedro Souza,Agendada,Financiamento,17/06/2026,joão.santos950@email.com,11999990950
951,Diego Martins,69.0,Jundiai,SP,Ninja 400,Kawasaki,Esportiva,2023,"R$ 34.014,00",Moto Center Jundiaí,Jundiai,João Silva,Concluída,Pix,24/10/2026,diego.martins951@email.com,11999990951
952,Marcos Pereira,47.0,Vinhedo,SP,Ninja 400,Kawasaki,Esportiva,2023,"R$ 34.186,00",Moto Center Vinhedo,Vinhedo,Carlos Santos,Agendada,Financiamento,02/05/2026,marcos.pereira952@email.com,11999990952
953,Juliana Costa,39.0,Jundiai,SP,PCX 160,Honda,Scooter,2025,"R$ 23.899,00",Moto Center Jundiaí,Jundiai,João Silva,Cancelada,Financiamento,25/05/2026,juliana.costa953@email.com,11999990953
954,Bruno Lima,24.0,Vinhedo,SP,PCX 160,Honda,Scooter,2025,"R$ 22.475,00",Moto Center Vinhedo,Vinhedo,Maria Oliveira,Cancelada,Pix,23/12/2026,bruno.lima954@email.com,11999990954
955,Diego Martins,50.0,Campinas,SP,Ninja 400,Kawasaki,Esportiva,2023,"R$ 35.281,00",Moto Center Campinas,Campinas,Pedro Souza,Agendada,Cartão,10/03/2026,diego.martins955@email.com,11999990955
956,Marcos Pereira,63.0,Campinas,SP,CB 500F,Honda,Naked,2024,"R$ 40.309,00",Moto Center Campinas,Campinas,Carlos Santos,Concluída,Cartão,16/10/2026,marcos.pereira956@email.com,11999990956
957,Diego Martins,53.0,Jundiai,SP,CB 500F,Honda,Naked,2024,"R$ 44.604,00",Moto Center Jundiaí,Jundiai,Carlos Santos,Concluída,Financiamento,27/04/2026,diego.martins957@email.com,11999990957
958,Diego Martins,52.0,Campinas,SP,Versys 650,Kawasaki,Trail,2024,"R$ 48.811,00",Moto Center Campinas,Campinas,Maria Oliveira,Cancelada,Pix,08/05/2026,diego.martins958@email.com,11999990958
959,Carlos Mendes,31.0,Jundiai,SP,Ninja 400,Kawasaki,Esportiva,2023,"R$ 34.323,00",Moto Center Jundiaí,Jundiai,João Silva,Agendada,Cartão,01/04/2026,carlos.mendes959@email.com,11999990959
960,Renata Costa,37.0,Valinhos,SP,CB 500F,Honda,Naked,2024,"R$ 45.345,00",Moto Center Valinhos,Valinhos,João Silva,Concluída,Financiamento,08/07/2026,renata.costa960@email.com,11999990960
961,Diego Martins,24.0,Valinhos,SP,Versys 650,Kawasaki,Trail,2024,"R$ 50.624,00",Moto Center Valinhos,Valinhos,Carlos Santos,Agendada,Financiamento,10/09/2026,diego.martins961@email.com,11999990961
962,Lucas Ferreira,73.0,Valinhos,SP,PCX 160,Honda,Scooter,2025,"R$ 22.087,00",Moto Center Valinhos,Valinhos,João Silva,Agendada,Pix,17/01/2026,lucas.ferreira962@email.com,11999990962
963,Fernanda Alves,24.0,Valinhos,SP,Versys 650,Kawasaki,Trail,2024,"R$ 51.634,00",Moto Center Valinhos,Valinhos,Maria Oliveira,Agendada,Financiamento,11/01/2026,fernanda.alves963@email.com,11999990963
964,Marcos Pereira,18.0,Jundiai,SP,PCX 160,Honda,Scooter,2025,"R$ 18.786,00",Moto Center Jundiaí,Jundiai,Pedro Souza,Cancelada,Financiamento,14/11/2026,marcos.pereira964@email.com,11999990964
965,Fernanda Alves,26.0,Valinhos,SP,Ninja 400,Kawasaki,Esportiva,2023,"R$ 36.092,00",Moto Center Valinhos,Valinhos,Maria Oliveira,Cancelada,Financiamento,15/08/2026,fernanda.alves965@email.com,11999990965
966,Mariana Silva,55.0,Jundiai,SP,CB 500F,Honda,Naked,2024,"R$ 42.407,00",Moto Center Jundiaí,Jundiai,Maria Oliveira,Agendada,Cartão,05/08/2026,mariana.silva966@email.com,11999990966
967,Amanda Rodrigues,57.0,Campinas,SP,PCX 160,Honda,Scooter,2025,"R$ 19.425,00",Moto Center Campinas,Campinas,Carlos Santos,Agendada,Pix,14/05/2026,amanda.rodrigues967@email.com,11999990967
968,João Santos,50.0,Jundiai,SP,Versys 650,Kawasaki,Trail,2024,"R$ 47.169,00",Moto Center Jundiaí,Jundiai,Carlos Santos,Cancelada,Pix,06/10/2026,joão.santos968@email.com,11999990968
969,Marcos Pereira,20.0,Jundiai,SP,MT-03,Yamaha,Naked,2024,"R$ 29.606,00",Moto Center Jundiaí,Jundiai,Maria Oliveira,Cancelada,Cartão,04/09/2026,marcos.pereira969@email.com,11999990969
970,Mariana Silva,56.0,Jundiai,SP,PCX 160,Honda,Scooter,2025,"R$ 18.841,00",Moto Center Jundiaí,Jundiai,João Silva,Agendada,Cartão,06/08/2026,mariana.silva970@email.com,11999990970
971,Marcos Pereira,42.0,Vinhedo,SP,MT-07,Yamaha,Naked,2024,"R$ 51.648,00",Moto Center Vinhedo,Vinhedo,Maria Oliveira,Agendada,Cartão,12/04/2026,marcos.pereira971@email.com,11999990971
972,Marcos Pereira,51.0,Vinhedo,SP,PCX 160,Honda,Scooter,2025,"R$ 23.947,00",Moto Center Vinhedo,Vinhedo,Carlos Santos,Concluída,Cartão,05/06/2026,marcos.pereira972@email.com,11999990972
973,Marcos Pereira,39.0,Campinas,SP,Ninja 400,Kawasaki,Esportiva,2023,"R$ 35.532,00",Moto Center Campinas,Campinas,Maria Oliveira,Agendada,Cartão,05/03/2026,marcos.pereira973@email.com,11999990973
974,Carolina Gomes,26.0,Valinhos,SP,Ninja 400,Kawasaki,Esportiva,2023,"R$ 33.263,00",Moto Center Valinhos,Valinhos,Maria Oliveira,Agendada,Financiamento,11/12/2026,carolina.gomes974@email.com,11999990974
975,Thiago Alves,22.0,Vinhedo,SP,MT-07,Yamaha,Naked,2024,"R$ 51.075,00",Moto Center Vinhedo,Vinhedo,Pedro Souza,Agendada,Pix,07/02/2026,thiago.alves975@email.com,11999990975
976,Lucas Ferreira,45.0,Vinhedo,SP,Versys 650,Kawasaki,Trail,2024,"R$ 49.507,00",Moto Center Vinhedo,Vinhedo,João Silva,Cancelada,Pix,17/03/2026,lucas.ferreira976@email.com,11999990976
977,João Santos,75.0,Valinhos,SP,PCX 160,Honda,Scooter,2025,"R$ 22.327,00",Moto Center Valinhos,Valinhos,João Silva,Concluída,Pix,03/06/2026,joão.santos977@email.com,11999990977
978,Pedro Oliveira,,Valinhos,SP,Versys 650,Kawasaki,Trail,2024,"R$ 48.253,00",Moto Center Valinhos,Valinhos,Pedro Souza,Cancelada,Financiamento,11/08/2026,pedro.oliveira978@email.com,11999990978
979,Marcos Pereira,58.0,Valinhos,SP,Ninja 400,Kawasaki,Esportiva,2023,"R$ 35.534,00",Moto Center Valinhos,Valinhos,João Silva,Agendada,Pix,28/04/2026,marcos.pereira979@email.com,11999990979
980,Carolina Gomes,33.0,Vinhedo,SP,CB 500F,Honda,Naked,2024,"R$ 45.495,00",Moto Center Vinhedo,Vinhedo,João Silva,Agendada,Financiamento,15/12/2026,carolina.gomes980@email.com,11999990980
981,Amanda Rodrigues,58.0,Vinhedo,SP,Versys 650,Kawasaki,Trail,2024,"R$ 48.080,00",Moto Center Vinhedo,Vinhedo,João Silva,Cancelada,Pix,11/11/2026,amanda.rodrigues981@email.com,11999990981
982,Pedro Oliveira,29.0,Jundiai,SP,MT-03,Yamaha,Naked,2024,"R$ 31.374,00",Moto Center Jundiaí,Jundiai,Carlos Santos,Cancelada,Pix,27/05/2026,pedro.oliveira982@email.com,11999990982
983,Lucas Ferreira,33.0,Vinhedo,SP,PCX 160,Honda,Scooter,2025,"R$ 20.837,00",Moto Center Vinhedo,Vinhedo,João Silva,Cancelada,Cartão,20/11/2026,lucas.ferreira983@email.com,11999990983
984,Carolina Gomes,54.0,Valinhos,SP,CB 650R,Honda,Naked,2024,"R$ 55.574,00",Moto Center Valinhos,Valinhos,Carlos Santos,Agendada,Cartão,08/06/2026,carolina.gomes984@email.com,11999990984
985,Fernanda Alves,33.0,Jundiai,SP,Versys 650,Kawasaki,Trail,2024,"R$ 50.620,00",Moto Center Jundiaí,Jundiai,João Silva,Cancelada,Pix,27/09/2026,fernanda.alves985@email.com,11999990985
986,Marcos Pereira,48.0,Jundiai,SP,MT-07,Yamaha,Naked,2024,"R$ 47.753,00",Moto Center Jundiaí,Jundiai,Carlos Santos,Cancelada,Cartão,14/10/2026,marcos.pereira986@email.com,11999990986
987,Bruno Lima,18.0,Valinhos,SP,PCX 160,Honda,Scooter,2025,"R$ 20.356,00",Moto Center Valinhos,Valinhos,João Silva,Concluída,Cartão,03/01/2026,bruno.lima987@email.com,11999990987
988,João Santos,61.0,Campinas,SP,Versys 650,Kawasaki,Trail,2024,"R$ 47.173,00",Moto Center Campinas,Campinas,Maria Oliveira,Cancelada,Financiamento,17/07/2026,joão.santos988@email.com,11999990988
989,Renata Costa,51.0,Campinas,SP,MT-03,Yamaha,Naked,2024,"R$ 32.378,00",Moto Center Campinas,Campinas,João Silva,Concluída,Pix,25/09/2026,renata.costa989@email.com,11999990989
990,Amanda Rodrigues,55.0,Vinhedo,SP,MT-03,Yamaha,Naked,2024,"R$ 33.565,00",Moto Center Vinhedo,Vinhedo,Carlos Santos,Cancelada,Pix,28/04/2026,amanda.rodrigues990@email.com,11999990990
991,Ana Souza,58.0,Valinhos,SP,CB 500F,Honda,Naked,2024,"R$ 45.399,00",Moto Center Valinhos,Valinhos,Maria Oliveira,Cancelada,Cartão,01/12/2026,ana.souza991@email.com,11999990991
992,Ana Souza,,Campinas,SP,Ninja 400,Kawasaki,Esportiva,2023,"R$ 35.687,00",Moto Center Campinas,Campinas,Maria Oliveira,Cancelada,Cartão,17/03/2026,ana.souza992@email.com,11999990992
993,Diego Martins,57.0,Vinhedo,SP,CB 500F,Honda,Naked,2024,"R$ 43.609,00",Moto Center Vinhedo,Vinhedo,João Silva,Agendada,Pix,09/04/2026,diego.martins993@email.com,11999990993
994,Thiago Alves,56.0,Jundiai,SP,MT-03,Yamaha,Naked,2024,"R$ 33.769,00",Moto Center Jundiaí,Jundiai,Maria Oliveira,Cancelada,Cartão,15/05/2026,thiago.alves994@email.com,11999990994
995,Juliana Costa,34.0,Valinhos,SP,PCX 160,Honda,Scooter,2025,"R$ 24.208,00",Moto Center Valinhos,Valinhos,Maria Oliveira,Cancelada,Pix,11/07/2026,juliana.costa995@email.com,11999990995
996,Bruno Lima,57.0,Vinhedo,SP,Ninja 400,Kawasaki,Esportiva,2023,"R$ 34.101,00",Moto Center Vinhedo,Vinhedo,Pedro Souza,Concluída,Pix,18/01/2026,bruno.lima996@email.com,11999990996
997,Carolina Gomes,74.0,Jundiai,SP,MT-03,Yamaha,Naked,2024,"R$ 30.736,00",Moto Center Jundiaí,Jundiai,Maria Oliveira,Cancelada,Financiamento,23/10/2026,carolina.gomes997@email.com,11999990997
998,Mariana Silva,25.0,Jundiai,SP,MT-03,Yamaha,Naked,2024,"R$ 30.145,00",Moto Center Jundiaí,Jundiai,Maria Oliveira,Agendada,Pix,25/03/2026,mariana.silva998@email.com,11999990998
999,Diego Martins,57.0,Vinhedo,SP,MT-07,Yamaha,Naked,2024,"R$ 50.896,00",Moto Center Vinhedo,Vinhedo,Pedro Souza,Concluída,Financiamento,11/08/2026,diego.martins999@email.com,11999990999
1000,Amanda Rodrigues,57.0,Jundiai,SP,PCX 160,Honda,Scooter,2025,"R$ 21.507,00",Moto Center Jundiaí,Jundiai,Pedro Souza,Concluída,Pix,20/01/2026,amanda.rodrigues1000@email.com,11999991000
1001,Carolina Gomes,49.0,Campinas,SP,MT-07,Yamaha,Naked,2024,"R$ 49.581,00",Moto Center Campinas,Campinas,Maria Oliveira,Concluída,Financiamento,24/05/2026,carolina.gomes1001@email.com,11999991001
1002,Amanda Rodrigues,63.0,Vinhedo,SP,MT-07,Yamaha,Naked,2024,"R$ 51.260,00",Moto Center Vinhedo,Vinhedo,João Silva,Concluída,Financiamento,28/03/2026,amanda.rodrigues1002@email.com,11999991002
1003,Carlos Mendes,,Campinas,SP,MT-03,Yamaha,Naked,2024,"R$ 34.171,00",Moto Center Campinas,Campinas,Maria Oliveira,Agendada,Cartão,03/11/2026,carlos.mendes1003@email.com,11999991003
1004,Renata Costa,18.0,Campinas,SP,Versys 650,Kawasaki,Trail,2024,"R$ 51.042,00",Moto Center Campinas,Campinas,Pedro Souza,Concluída,Financiamento,06/02/2026,renata.costa1004@email.com,11999991004
1005,Renata Costa,48.0,Vinhedo,SP,MT-07,Yamaha,Naked,2024,"R$ 52.887,00",Moto Center Vinhedo,Vinhedo,Pedro Souza,Cancelada,Financiamento,16/02/2026,renata.costa1005@email.com,11999991005
1006,Juliana Costa,40.0,Jundiai,SP,MT-07,Yamaha,Naked,2024,"R$ 48.202,00",Moto Center Jundiaí,Jundiai,Carlos Santos,Agendada,Cartão,24/11/2026,juliana.costa1006@email.com,11999991006
1007,Ana Souza,28.0,Campinas,SP,Ninja 400,Kawasaki,Esportiva,2023,"R$ 33.690,00",Moto Center Campinas,Campinas,Maria Oliveira,Agendada,Cartão,16/08/2026,ana.souza1007@email.com,11999991007
1008,Amanda Rodrigues,38.0,Valinhos,SP,MT-03,Yamaha,Naked,2024,"R$ 33.970,00",Moto Center Valinhos,Valinhos,João Silva,Concluída,Pix,26/06/2026,amanda.rodrigues1008@email.com,11999991008
1009,Carolina Gomes,66.0,Valinhos,SP,MT-03,Yamaha,Naked,2024,"R$ 29.856,00",Moto Center Valinhos,Valinhos,Pedro Souza,Cancelada,Financiamento,15/02/2026,carolina.gomes1009@email.com,11999991009
1010,Lucas Ferreira,33.0,Valinhos,SP,Versys 650,Kawasaki,Trail,2024,"R$ 51.417,00",Moto Center Valinhos,Valinhos,Maria Oliveira,Concluída,Cartão,02/04/2026,lucas.ferreira1010@email.com,11999991010
1011,Fernanda Alves,49.0,Vinhedo,SP,MT-03,Yamaha,Naked,2024,"R$ 29.746,00",Moto Center Vinhedo,Vinhedo,Carlos Santos,Agendada,Pix,22/06/2026,fernanda.alves1011@email.com,11999991011
1012,Amanda Rodrigues,34.0,Campinas,SP,CB 500F,Honda,Naked,2024,"R$ 44.172,00",Moto Center Campinas,Campinas,João Silva,Cancelada,Pix,13/07/2026,amanda.rodrigues1012@email.com,11999991012
1013,Lucas Ferreira,71.0,Campinas,SP,CB 650R,Honda,Naked,2024,"R$ 50.628,00",Moto Center Campinas,Campinas,Pedro Souza,Agendada,Cartão,06/10/2026,lucas.ferreira1013@email.com,11999991013
1014,João Santos,51.0,Jundiai,SP,CB 650R,Honda,Naked,2024,"R$ 50.988,00",Moto Center Jundiaí,Jundiai,Maria Oliveira,Concluída,Pix,26/04/2026,joão.santos1014@email.com,11999991014
1015,Renata Costa,64.0,Jundiai,SP,MT-03,Yamaha,Naked,2024,"R$ 30.127,00",Moto Center Jundiaí,Jundiai,Carlos Santos,Concluída,Cartão,13/08/2026,renata.costa1015@email.com,11999991015
1016,João Santos,56.0,Jundiai,SP,PCX 160,Honda,Scooter,2025,"R$ 23.276,00",Moto Center Jundiaí,Jundiai,Maria Oliveira,Agendada,Pix,19/06/2026,joão.santos1016@email.com,11999991016
1017,Renata Costa,33.0,Valinhos,SP,MT-07,Yamaha,Naked,2024,"R$ 48.792,00",Moto Center Valinhos,Valinhos,Pedro Souza,Cancelada,Financiamento,17/07/2026,renata.costa1017@email.com,11999991017
1018,Ana Souza,39.0,Campinas,SP,Versys 650,Kawasaki,Trail,2024,"R$ 49.614,00",Moto Center Campinas,Campinas,João Silva,Agendada,Pix,28/08/2026,ana.souza1018@email.com,11999991018
1019,Bruno Lima,36.0,Vinhedo,SP,Ninja 400,Kawasaki,Esportiva,2023,"R$ 36.850,00",Moto Center Vinhedo,Vinhedo,João Silva,Cancelada,Financiamento,12/10/2026,bruno.lima1019@email.com,11999991019
1020,Amanda Rodrigues,57.0,Campinas,SP,MT-03,Yamaha,Naked,2024,"R$ 29.937,00",Moto Center Campinas,Campinas,Pedro Souza,Concluída,Financiamento,13/09/2026,amanda.rodrigues1020@email.com,11999991020
1021,Mariana Silva,38.0,Vinhedo,SP,MT-03,Yamaha,Naked,2024,"R$ 34.864,00",Moto Center Vinhedo,Vinhedo,Carlos Santos,Cancelada,Cartão,11/06/2026,mariana.silva1021@email.com,11999991021
1022,Juliana Costa,56.0,Valinhos,SP,CB 500F,Honda,Naked,2024,"R$ 45.177,00",Moto Center Valinhos,Valinhos,Carlos Santos,Agendada,Cartão,16/02/2026,juliana.costa1022@email.com,11999991022
1023,Carolina Gomes,18.0,Campinas,SP,PCX 160,Honda,Scooter,2025,"R$ 21.325,00",Moto Center Campinas,Campinas,João Silva,Cancelada,Financiamento,11/12/2026,carolina.gomes1023@email.com,11999991023
1024,Renata Costa,63.0,Campinas,SP,Versys 650,Kawasaki,Trail,2024,"R$ 51.216,00",Moto Center Campinas,Campinas,Pedro Souza,Agendada,Cartão,08/06/2026,renata.costa1024@email.com,11999991024
1025,Fernanda Alves,49.0,Jundiai,SP,MT-03,Yamaha,Naked,2024,"R$ 30.415,00",Moto Center Jundiaí,Jundiai,Pedro Souza,Agendada,Financiamento,05/12/2026,fernanda.alves1025@email.com,11999991025
1026,Lucas Ferreira,43.0,Jundiai,SP,MT-03,Yamaha,Naked,2024,"R$ 35.063,00",Moto Center Jundiaí,Jundiai,Carlos Santos,Concluída,Cartão,16/06/2026,lucas.ferreira1026@email.com,11999991026
1027,Bruno Lima,66.0,Valinhos,SP,Versys 650,Kawasaki,Trail,2024,"R$ 51.946,00",Moto Center Valinhos,Valinhos,João Silva,Concluída,Financiamento,16/07/2026,bruno.lima1027@email.com,11999991027
1028,Diego Martins,65.0,Vinhedo,SP,PCX 160,Honda,Scooter,2025,"R$ 22.094,00",Moto Center Vinhedo,Vinhedo,Pedro Souza,Agendada,Financiamento,04/04/2026,diego.martins1028@email.com,11999991028
1029,Bruno Lima,47.0,Vinhedo,SP,Ninja 400,Kawasaki,Esportiva,2023,"R$ 37.189,00",Moto Center Vinhedo,Vinhedo,Carlos Santos,Cancelada,Financiamento,06/05/2026,bruno.lima1029@email.com,11999991029
1030,Carolina Gomes,29.0,Jundiai,SP,MT-07,Yamaha,Naked,2024,"R$ 48.108,00",Moto Center Jundiaí,Jundiai,Maria Oliveira,Agendada,Cartão,03/07/2026,carolina.gomes1030@email.com,11999991030
1031,Carlos Mendes,70.0,Vinhedo,SP,CB 500F,Honda,Naked,2024,"R$ 41.442,00",Moto Center Vinhedo,Vinhedo,Maria Oliveira,Cancelada,Cartão,13/04/2026,carlos.mendes1031@email.com,11999991031
1032,Pedro Oliveira,43.0,Campinas,SP,Versys 650,Kawasaki,Trail,2024,"R$ 51.454,00",Moto Center Campinas,Campinas,Pedro Souza,Cancelada,Cartão,07/12/2026,pedro.oliveira1032@email.com,11999991032
1033,Mariana Silva,69.0,Campinas,SP,CB 650R,Honda,Naked,2024,"R$ 55.269,00",Moto Center Campinas,Campinas,Pedro Souza,Concluída,Financiamento,15/02/2026,mariana.silva1033@email.com,11999991033
1034,Diego Martins,,Vinhedo,SP,CB 500F,Honda,Naked,2024,"R$ 45.208,00",Moto Center Vinhedo,Vinhedo,João Silva,Agendada,Financiamento,08/07/2026,diego.martins1034@email.com,11999991034
1035,Carlos Mendes,65.0,Vinhedo,SP,CB 500F,Honda,Naked,2024,"R$ 39.748,00",Moto Center Vinhedo,Vinhedo,João Silva,Cancelada,Cartão,28/02/2026,carlos.mendes1035@email.com,11999991035
1036,João Santos,53.0,Vinhedo,SP,Versys 650,Kawasaki,Trail,2024,"R$ 48.975,00",Moto Center Vinhedo,Vinhedo,Carlos Santos,Concluída,Financiamento,10/05/2026,joão.santos1036@email.com,11999991036
1037,Ana Souza,39.0,Vinhedo,SP,MT-03,Yamaha,Naked,2024,"R$ 32.073,00",Moto Center Vinhedo,Vinhedo,Pedro Souza,Cancelada,Pix,05/08/2026,ana.souza1037@email.com,11999991037
1038,Carlos Mendes,61.0,Jundiai,SP,MT-07,Yamaha,Naked,2024,"R$ 49.271,00",Moto Center Jundiaí,Jundiai,João Silva,Concluída,Cartão,13/05/2026,carlos.mendes1038@email.com,11999991038
1039,Pedro Oliveira,,Campinas,SP,CB 500F,Honda,Naked,2024,"R$ 43.797,00",Moto Center Campinas,Campinas,Carlos Santos,Concluída,Pix,26/06/2026,pedro.oliveira1039@email.com,11999991039
1040,Amanda Rodrigues,70.0,Valinhos,SP,MT-03,Yamaha,Naked,2024,"R$ 30.751,00",Moto Center Valinhos,Valinhos,Pedro Souza,Cancelada,Pix,09/06/2026,amanda.rodrigues1040@email.com,11999991040
1041,Mariana Silva,29.0,Campinas,SP,MT-03,Yamaha,Naked,2024,"R$ 34.809,00",Moto Center Campinas,Campinas,Pedro Souza,Concluída,Pix,03/03/2026,mariana.silva1041@email.com,11999991041
1042,Carolina Gomes,57.0,Valinhos,SP,Versys 650,Kawasaki,Trail,2024,"R$ 47.347,00",Moto Center Valinhos,Valinhos,João Silva,Concluída,Cartão,22/01/2026,carolina.gomes1042@email.com,11999991042
1043,Marcos Pereira,73.0,Campinas,SP,MT-07,Yamaha,Naked,2024,"R$ 49.423,00",Moto Center Campinas,Campinas,Maria Oliveira,Concluída,Cartão,17/09/2026,marcos.pereira1043@email.com,11999991043
1044,Mariana Silva,49.0,Vinhedo,SP,Ninja 400,Kawasaki,Esportiva,2023,"R$ 37.680,00",Moto Center Vinhedo,Vinhedo,Pedro Souza,Cancelada,Financiamento,01/11/2026,mariana.silva1044@email.com,11999991044
1045,Thiago Alves,70.0,Jundiai,SP,Versys 650,Kawasaki,Trail,2024,"R$ 46.928,00",Moto Center Jundiaí,Jundiai,Carlos Santos,Concluída,Cartão,15/06/2026,thiago.alves1045@email.com,11999991045
1046,Diego Martins,46.0,Jundiai,SP,Ninja 400,Kawasaki,Esportiva,2023,"R$ 35.837,00",Moto Center Jundiaí,Jundiai,João Silva,Cancelada,Pix,03/11/2026,diego.martins1046@email.com,11999991046
1047,João Santos,40.0,Jundiai,SP,PCX 160,Honda,Scooter,2025,"R$ 23.057,00",Moto Center Jundiaí,Jundiai,Pedro Souza,Agendada,Cartão,05/07/2026,joão.santos1047@email.com,11999991047
1048,Carlos Mendes,51.0,Jundiai,SP,Versys 650,Kawasaki,Trail,2024,"R$ 48.880,00",Moto Center Jundiaí,Jundiai,João Silva,Cancelada,Pix,08/05/2026,carlos.mendes1048@email.com,11999991048
1049,Lucas Ferreira,19.0,Campinas,SP,Ninja 400,Kawasaki,Esportiva,2023,"R$ 37.911,00",Moto Center Campinas,Campinas,Maria Oliveira,Cancelada,Pix,28/05/2026,lucas.ferreira1049@email.com,11999991049
1050,Marcos Pereira,23.0,Campinas,SP,Versys 650,Kawasaki,Trail,2024,"R$ 47.809,00",Moto Center Campinas,Campinas,Carlos Santos,Concluída,Financiamento,06/09/2026,marcos.pereira1050@email.com,11999991050
1051,João Santos,51.0,Valinhos,SP,Ninja 400,Kawasaki,Esportiva,2023,"R$ 36.228,00",Moto Center Valinhos,Valinhos,Pedro Souza,Agendada,Financiamento,28/12/2026,joão.santos1051@email.com,11999991051
1052,Juliana Costa,34.0,Campinas,SP,PCX 160,Honda,Scooter,2025,"R$ 23.668,00",Moto Center Campinas,Campinas,Carlos Santos,Cancelada,Financiamento,23/09/2026,juliana.costa1052@email.com,11999991052
1053,Lucas Ferreira,,Valinhos,SP,PCX 160,Honda,Scooter,2025,"R$ 23.600,00",Moto Center Valinhos,Valinhos,Pedro Souza,Concluída,Pix,14/12/2026,lucas.ferreira1053@email.com,11999991053
1054,Ana Souza,48.0,Vinhedo,SP,CB 650R,Honda,Naked,2024,"R$ 53.085,00",Moto Center Vinhedo,Vinhedo,João Silva,Cancelada,Cartão,07/03/2026,ana.souza1054@email.com,11999991054
1055,Juliana Costa,25.0,Vinhedo,SP,MT-07,Yamaha,Naked,2024,"R$ 50.451,00",Moto Center Vinhedo,Vinhedo,João Silva,Cancelada,Cartão,26/01/2026,juliana.costa1055@email.com,11999991055
1056,Marcos Pereira,69.0,Jundiai,SP,Ninja 400,Kawasaki,Esportiva,2023,"R$ 35.430,00",Moto Center Jundiaí,Jundiai,Maria Oliveira,Agendada,Cartão,22/05/2026,marcos.pereira1056@email.com,11999991056
1057,Marcos Pereira,72.0,Vinhedo,SP,PCX 160,Honda,Scooter,2025,"R$ 18.660,00",Moto Center Vinhedo,Vinhedo,Maria Oliveira,Cancelada,Cartão,21/01/2026,marcos.pereira1057@email.com,11999991057
1058,Pedro Oliveira,38.0,Vinhedo,SP,MT-03,Yamaha,Naked,2024,"R$ 30.784,00",Moto Center Vinhedo,Vinhedo,Maria Oliveira,Concluída,Cartão,03/12/2026,pedro.oliveira1058@email.com,11999991058
1059,Fernanda Alves,47.0,Campinas,SP,CB 500F,Honda,Naked,2024,"R$ 42.833,00",Moto Center Campinas,Campinas,Carlos Santos,Concluída,Financiamento,06/06/2026,fernanda.alves1059@email.com,11999991059
1060,Ana Souza,44.0,Campinas,SP,CB 650R,Honda,Naked,2024,"R$ 50.504,00",Moto Center Campinas,Campinas,Maria Oliveira,Agendada,Financiamento,21/05/2026,ana.souza1060@email.com,11999991060
1061,Marcos Pereira,31.0,Jundiai,SP,PCX 160,Honda,Scooter,2025,"R$ 20.039,00",Moto Center Jundiaí,Jundiai,Carlos Santos,Agendada,Cartão,13/05/2026,marcos.pereira1061@email.com,11999991061
1062,Ana Souza,41.0,Jundiai,SP,CB 500F,Honda,Naked,2024,"R$ 42.450,00",Moto Center Jundiaí,Jundiai,Carlos Santos,Cancelada,Pix,10/12/2026,ana.souza1062@email.com,11999991062
1063,Lucas Ferreira,19.0,Valinhos,SP,Ninja 400,Kawasaki,Esportiva,2023,"R$ 37.469,00",Moto Center Valinhos,Valinhos,Maria Oliveira,Cancelada,Financiamento,25/11/2026,lucas.ferreira1063@email.com,11999991063
1064,Bruno Lima,46.0,Valinhos,SP,Versys 650,Kawasaki,Trail,2024,"R$ 52.534,00",Moto Center Valinhos,Valinhos,João Silva,Cancelada,Financiamento,20/08/2026,bruno.lima1064@email.com,11999991064
1065,João Santos,32.0,Jundiai,SP,MT-03,Yamaha,Naked,2024,"R$ 31.890,00",Moto Center Jundiaí,Jundiai,Maria Oliveira,Agendada,Pix,27/11/2026,joão.santos1065@email.com,11999991065
1066,Pedro Oliveira,32.0,Campinas,SP,CB 650R,Honda,Naked,2024,"R$ 55.102,00",Moto Center Campinas,Campinas,Maria Oliveira,Concluída,Financiamento,20/12/2026,pedro.oliveira1066@email.com,11999991066
1067,Thiago Alves,46.0,Vinhedo,SP,PCX 160,Honda,Scooter,2025,"R$ 22.420,00",Moto Center Vinhedo,Vinhedo,Maria Oliveira,Concluída,Pix,11/04/2026,thiago.alves1067@email.com,11999991067
1068,Thiago Alves,55.0,Campinas,SP,CB 650R,Honda,Naked,2024,"R$ 55.133,00",Moto Center Campinas,Campinas,Pedro Souza,Agendada,Financiamento,16/11/2026,thiago.alves1068@email.com,11999991068
1069,Amanda Rodrigues,18.0,Jundiai,SP,CB 650R,Honda,Naked,2024,"R$ 50.113,00",Moto Center Jundiaí,Jundiai,Pedro Souza,Cancelada,Financiamento,19/12/2026,amanda.rodrigues1069@email.com,11999991069
1070,Mariana Silva,61.0,Valinhos,SP,PCX 160,Honda,Scooter,2025,"R$ 23.372,00",Moto Center Valinhos,Valinhos,Pedro Souza,Concluída,Financiamento,14/04/2026,mariana.silva1070@email.com,11999991070
1071,Lucas Ferreira,60.0,Jundiai,SP,MT-07,Yamaha,Naked,2024,"R$ 50.321,00",Moto Center Jundiaí,Jundiai,João Silva,Cancelada,Pix,16/11/2026,lucas.ferreira1071@email.com,11999991071
1072,Pedro Oliveira,46.0,Campinas,SP,MT-07,Yamaha,Naked,2024,"R$ 49.679,00",Moto Center Campinas,Campinas,Maria Oliveira,Agendada,Pix,15/04/2026,pedro.oliveira1072@email.com,11999991072
1073,Juliana Costa,67.0,Jundiai,SP,Ninja 400,Kawasaki,Esportiva,2023,"R$ 36.953,00",Moto Center Jundiaí,Jundiai,Maria Oliveira,Concluída,Cartão,05/10/2026,juliana.costa1073@email.com,11999991073
1074,Marcos Pereira,49.0,Campinas,SP,CB 500F,Honda,Naked,2024,"R$ 45.149,00",Moto Center Campinas,Campinas,Maria Oliveira,Cancelada,Cartão,03/04/2026,marcos.pereira1074@email.com,11999991074
1075,Pedro Oliveira,,Jundiai,SP,MT-03,Yamaha,Naked,2024,"R$ 33.168,00",Moto Center Jundiaí,Jundiai,Maria Oliveira,Cancelada,Financiamento,06/09/2026,pedro.oliveira1075@email.com,11999991075
1076,Mariana Silva,54.0,Valinhos,SP,PCX 160,Honda,Scooter,2025,"R$ 21.712,00",Moto Center Valinhos,Valinhos,João Silva,Concluída,Cartão,06/10/2026,mariana.silva1076@email.com,11999991076
1077,Marcos Pereira,22.0,Valinhos,SP,CB 500F,Honda,Naked,2024,"R$ 42.485,00",Moto Center Valinhos,Valinhos,Pedro Souza,Agendada,Pix,22/06/2026,marcos.pereira1077@email.com,11999991077
1078,Thiago Alves,54.0,Campinas,SP,Ninja 400,Kawasaki,Esportiva,2023,"R$ 38.652,00",Moto Center Campinas,Campinas,Carlos Santos,Agendada,Cartão,26/10/2026,thiago.alves1078@email.com,11999991078
1079,Diego Martins,47.0,Vinhedo,SP,MT-07,Yamaha,Naked,2024,"R$ 50.277,00",Moto Center Vinhedo,Vinhedo,Carlos Santos,Agendada,Pix,17/05/2026,diego.martins1079@email.com,11999991079
1080,João Santos,74.0,Vinhedo,SP,MT-03,Yamaha,Naked,2024,"R$ 33.772,00",Moto Center Vinhedo,Vinhedo,João Silva,Concluída,Pix,17/12/2026,joão.santos1080@email.com,11999991080
1081,Renata Costa,34.0,Vinhedo,SP,MT-07,Yamaha,Naked,2024,"R$ 49.839,00",Moto Center Vinhedo,Vinhedo,Carlos Santos,Concluída,Financiamento,07/10/2026,renata.costa1081@email.com,11999991081
1082,Ana Souza,66.0,Vinhedo,SP,CB 650R,Honda,Naked,2024,"R$ 52.745,00",Moto Center Vinhedo,Vinhedo,João Silva,Concluída,Financiamento,13/08/2026,ana.souza1082@email.com,11999991082
1083,Renata Costa,70.0,Campinas,SP,CB 650R,Honda,Naked,2024,"R$ 50.082,00",Moto Center Campinas,Campinas,João Silva,Agendada,Financiamento,26/03/2026,renata.costa1083@email.com,11999991083
1084,Pedro Oliveira,68.0,Vinhedo,SP,MT-03,Yamaha,Naked,2024,"R$ 32.052,00",Moto Center Vinhedo,Vinhedo,Pedro Souza,Agendada,Pix,19/10/2026,pedro.oliveira1084@email.com,11999991084
1085,Carlos Mendes,67.0,Vinhedo,SP,Versys 650,Kawasaki,Trail,2024,"R$ 47.810,00",Moto Center Vinhedo,Vinhedo,João Silva,Cancelada,Financiamento,21/12/2026,carlos.mendes1085@email.com,11999991085
1086,Fernanda Alves,36.0,Jundiai,SP,Versys 650,Kawasaki,Trail,2024,"R$ 51.768,00",Moto Center Jundiaí,Jundiai,João Silva,Concluída,Financiamento,20/11/2026,fernanda.alves1086@email.com,11999991086
1087,João Santos,66.0,Valinhos,SP,MT-07,Yamaha,Naked,2024,"R$ 50.281,00",Moto Center Valinhos,Valinhos,João Silva,Cancelada,Cartão,20/01/2026,joão.santos1087@email.com,11999991087
1088,Carolina Gomes,52.0,Campinas,SP,Versys 650,Kawasaki,Trail,2024,"R$ 47.446,00",Moto Center Campinas,Campinas,Carlos Santos,Cancelada,Cartão,08/01/2026,carolina.gomes1088@email.com,11999991088
1089,Diego Martins,74.0,Valinhos,SP,Versys 650,Kawasaki,Trail,2024,"R$ 50.520,00",Moto Center Valinhos,Valinhos,Carlos Santos,Cancelada,Financiamento,19/06/2026,diego.martins1089@email.com,11999991089
1090,Ana Souza,36.0,Campinas,SP,MT-03,Yamaha,Naked,2024,"R$ 34.203,00",Moto Center Campinas,Campinas,Maria Oliveira,Agendada,Cartão,19/02/2026,ana.souza1090@email.com,11999991090
1091,Thiago Alves,48.0,Valinhos,SP,MT-03,Yamaha,Naked,2024,"R$ 33.037,00",Moto Center Valinhos,Valinhos,Carlos Santos,Cancelada,Pix,07/10/2026,thiago.alves1091@email.com,11999991091
1092,Diego Martins,23.0,Campinas,SP,PCX 160,Honda,Scooter,2025,"R$ 20.223,00",Moto Center Campinas,Campinas,João Silva,Cancelada,Cartão,25/11/2026,diego.martins1092@email.com,11999991092
1093,Ana Souza,44.0,Vinhedo,SP,Ninja 400,Kawasaki,Esportiva,2023,"R$ 36.539,00",Moto Center Vinhedo,Vinhedo,Maria Oliveira,Concluída,Financiamento,27/11/2026,ana.souza1093@email.com,11999991093
1094,Fernanda Alves,21.0,Valinhos,SP,CB 650R,Honda,Naked,2024,"R$ 51.489,00",Moto Center Valinhos,Valinhos,Carlos Santos,Agendada,Pix,07/04/2026,fernanda.alves1094@email.com,11999991094
1095,Amanda Rodrigues,34.0,Campinas,SP,MT-03,Yamaha,Naked,2024,"R$ 31.908,00",Moto Center Campinas,Campinas,Carlos Santos,Concluída,Pix,10/04/2026,amanda.rodrigues1095@email.com,11999991095
1096,Juliana Costa,54.0,Vinhedo,SP,PCX 160,Honda,Scooter,2025,"R$ 21.192,00",Moto Center Vinhedo,Vinhedo,Maria Oliveira,Cancelada,Pix,02/07/2026,juliana.costa1096@email.com,11999991096
1097,Marcos Pereira,22.0,Campinas,SP,PCX 160,Honda,Scooter,2025,"R$ 21.951,00",Moto Center Campinas,Campinas,João Silva,Cancelada,Financiamento,03/03/2026,marcos.pereira1097@email.com,11999991097
1098,João Santos,74.0,Valinhos,SP,CB 650R,Honda,Naked,2024,"R$ 55.160,00",Moto Center Valinhos,Valinhos,Maria Oliveira,Cancelada,Pix,16/12/2026,joão.santos1098@email.com,11999991098
1099,Amanda Rodrigues,52.0,Vinhedo,SP,PCX 160,Honda,Scooter,2025,"R$ 20.442,00",Moto Center Vinhedo,Vinhedo,Maria Oliveira,Concluída,Pix,20/12/2026,amanda.rodrigues1099@email.com,11999991099
1100,Carlos Mendes,19.0,Valinhos,SP,MT-07,Yamaha,Naked,2024,"R$ 51.760,00",Moto Center Valinhos,Valinhos,Maria Oliveira,Cancelada,Cartão,22/09/2026,carlos.mendes1100@email.com,11999991100
1101,Mariana Silva,75.0,Campinas,SP,CB 500F,Honda,Naked,2024,"R$ 41.994,00",Moto Center Campinas,Campinas,Carlos Santos,Cancelada,Pix,04/12/2026,mariana.silva1101@email.com,11999991101
1102,Juliana Costa,51.0,Campinas,SP,MT-07,Yamaha,Naked,2024,"R$ 52.299,00",Moto Center Campinas,Campinas,Pedro Souza,Agendada,Financiamento,06/01/2026,juliana.costa1102@email.com,11999991102
1103,Fernanda Alves,54.0,Vinhedo,SP,Versys 650,Kawasaki,Trail,2024,"R$ 47.049,00",Moto Center Vinhedo,Vinhedo,João Silva,Agendada,Financiamento,18/06/2026,fernanda.alves1103@email.com,11999991103
1104,João Santos,64.0,Campinas,SP,CB 500F,Honda,Naked,2024,"R$ 44.366,00",Moto Center Campinas,Campinas,Pedro Souza,Agendada,Financiamento,02/02/2026,joão.santos1104@email.com,11999991104
1105,Bruno Lima,59.0,Vinhedo,SP,Ninja 400,Kawasaki,Esportiva,2023,"R$ 33.345,00",Moto Center Vinhedo,Vinhedo,Maria Oliveira,Concluída,Pix,21/03/2026,bruno.lima1105@email.com,11999991105
1106,Fernanda Alves,31.0,Campinas,SP,CB 500F,Honda,Naked,2024,"R$ 42.610,00",Moto Center Campinas,Campinas,Maria Oliveira,Agendada,Cartão,25/06/2026,fernanda.alves1106@email.com,11999991106
1107,Juliana Costa,73.0,Jundiai,SP,Ninja 400,Kawasaki,Esportiva,2023,"R$ 36.626,00",Moto Center Jundiaí,Jundiai,Pedro Souza,Cancelada,Financiamento,26/02/2026,juliana.costa1107@email.com,11999991107
1108,Marcos Pereira,46.0,Jundiai,SP,CB 650R,Honda,Naked,2024,"R$ 55.021,00",Moto Center Jundiaí,Jundiai,Maria Oliveira,Agendada,Pix,25/08/2026,marcos.pereira1108@email.com,11999991108
1109,Bruno Lima,49.0,Campinas,SP,Ninja 400,Kawasaki,Esportiva,2023,"R$ 37.197,00",Moto Center Campinas,Campinas,João Silva,Concluída,Financiamento,06/09/2026,bruno.lima1109@email.com,11999991109
1110,Amanda Rodrigues,74.0,Valinhos,SP,Ninja 400,Kawasaki,Esportiva,2023,"R$ 37.731,00",Moto Center Valinhos,Valinhos,Maria Oliveira,Concluída,Cartão,04/06/2026,amanda.rodrigues1110@email.com,11999991110
1111,Ana Souza,30.0,Vinhedo,SP,MT-03,Yamaha,Naked,2024,"R$ 31.436,00",Moto Center Vinhedo,Vinhedo,Pedro Souza,Cancelada,Cartão,05/08/2026,ana.souza1111@email.com,11999991111
1112,Mariana Silva,48.0,Valinhos,SP,PCX 160,Honda,Scooter,2025,"R$ 20.090,00",Moto Center Valinhos,Valinhos,Pedro Souza,Cancelada,Financiamento,10/06/2026,mariana.silva1112@email.com,11999991112
1113,Carolina Gomes,44.0,Vinhedo,SP,MT-07,Yamaha,Naked,2024,"R$ 47.311,00",Moto Center Vinhedo,Vinhedo,Maria Oliveira,Cancelada,Pix,18/04/2026,carolina.gomes1113@email.com,11999991113
1114,Bruno Lima,67.0,Jundiai,SP,CB 650R,Honda,Naked,2024,"R$ 50.037,00",Moto Center Jundiaí,Jundiai,Maria Oliveira,Concluída,Cartão,14/10/2026,bruno.lima1114@email.com,11999991114
1115,Carolina Gomes,43.0,Valinhos,SP,MT-03,Yamaha,Naked,2024,"R$ 29.676,00",Moto Center Valinhos,Valinhos,Maria Oliveira,Agendada,Cartão,08/08/2026,carolina.gomes1115@email.com,11999991115
1116,Pedro Oliveira,57.0,Campinas,SP,CB 500F,Honda,Naked,2024,"R$ 41.401,00",Moto Center Campinas,Campinas,Maria Oliveira,Concluída,Financiamento,07/09/2026,pedro.oliveira1116@email.com,11999991116
1117,Mariana Silva,52.0,Valinhos,SP,MT-03,Yamaha,Naked,2024,"R$ 30.684,00",Moto Center Valinhos,Valinhos,Pedro Souza,Agendada,Cartão,05/11/2026,mariana.silva1117@email.com,11999991117
1118,Mariana Silva,60.0,Valinhos,SP,MT-03,Yamaha,Naked,2024,"R$ 31.508,00",Moto Center Valinhos,Valinhos,Maria Oliveira,Cancelada,Pix,01/12/2026,mariana.silva1118@email.com,11999991118
1119,Mariana Silva,62.0,Vinhedo,SP,Ninja 400,Kawasaki,Esportiva,2023,"R$ 37.273,00",Moto Center Vinhedo,Vinhedo,João Silva,Agendada,Pix,06/05/2026,mariana.silva1119@email.com,11999991119
1120,Thiago Alves,42.0,Valinhos,SP,MT-07,Yamaha,Naked,2024,"R$ 48.265,00",Moto Center Valinhos,Valinhos,Maria Oliveira,Agendada,Pix,24/06/2026,thiago.alves1120@email.com,11999991120
1121,Mariana Silva,71.0,Campinas,SP,CB 500F,Honda,Naked,2024,"R$ 45.274,00",Moto Center Campinas,Campinas,Carlos Santos,Agendada,Financiamento,03/12/2026,mariana.silva1121@email.com,11999991121
1122,Carolina Gomes,19.0,Valinhos,SP,CB 500F,Honda,Naked,2024,"R$ 43.909,00",Moto Center Valinhos,Valinhos,João Silva,Agendada,Financiamento,25/03/2026,carolina.gomes1122@email.com,11999991122
1123,João Santos,,Campinas,SP,Ninja 400,Kawasaki,Esportiva,2023,"R$ 36.668,00",Moto Center Campinas,Campinas,Carlos Santos,Concluída,Financiamento,11/12/2026,joão.santos1123@email.com,11999991123
1124,Renata Costa,54.0,Campinas,SP,PCX 160,Honda,Scooter,2025,"R$ 23.601,00",Moto Center Campinas,Campinas,João Silva,Concluída,Cartão,19/11/2026,renata.costa1124@email.com,11999991124
1125,Bruno Lima,42.0,Jundiai,SP,Ninja 400,Kawasaki,Esportiva,2023,"R$ 33.255,00",Moto Center Jundiaí,Jundiai,Maria Oliveira,Agendada,Cartão,01/04/2026,bruno.lima1125@email.com,11999991125
1126,Thiago Alves,52.0,Campinas,SP,Ninja 400,Kawasaki,Esportiva,2023,"R$ 36.062,00",Moto Center Campinas,Campinas,Pedro Souza,Agendada,Cartão,20/04/2026,thiago.alves1126@email.com,11999991126
1127,Carlos Mendes,23.0,Valinhos,SP,CB 500F,Honda,Naked,2024,"R$ 43.683,00",Moto Center Valinhos,Valinhos,Carlos Santos,Cancelada,Pix,26/12/2026,carlos.mendes1127@email.com,11999991127
1128,Pedro Oliveira,50.0,Jundiai,SP,Ninja 400,Kawasaki,Esportiva,2023,"R$ 36.146,00",Moto Center Jundiaí,Jundiai,Carlos Santos,Cancelada,Financiamento,05/02/2026,pedro.oliveira1128@email.com,11999991128
1129,Fernanda Alves,32.0,Valinhos,SP,PCX 160,Honda,Scooter,2025,"R$ 18.757,00",Moto Center Valinhos,Valinhos,Maria Oliveira,Agendada,Pix,10/11/2026,fernanda.alves1129@email.com,11999991129
1130,Renata Costa,67.0,Campinas,SP,CB 650R,Honda,Naked,2024,"R$ 55.957,00",Moto Center Campinas,Campinas,Maria Oliveira,Agendada,Cartão,21/05/2026,renata.costa1130@email.com,11999991130
1131,Mariana Silva,21.0,Jundiai,SP,CB 650R,Honda,Naked,2024,"R$ 51.068,00",Moto Center Jundiaí,Jundiai,Maria Oliveira,Cancelada,Cartão,20/05/2026,mariana.silva1131@email.com,11999991131
1132,Pedro Oliveira,62.0,Jundiai,SP,CB 650R,Honda,Naked,2024,"R$ 50.286,00",Moto Center Jundiaí,Jundiai,Maria Oliveira,Agendada,Financiamento,04/09/2026,pedro.oliveira1132@email.com,11999991132
1133,Diego Martins,57.0,Vinhedo,SP,Versys 650,Kawasaki,Trail,2024,"R$ 48.982,00",Moto Center Vinhedo,Vinhedo,Carlos Santos,Concluída,Cartão,26/10/2026,diego.martins1133@email.com,11999991133
1134,Carlos Mendes,21.0,Vinhedo,SP,PCX 160,Honda,Scooter,2025,"R$ 22.531,00",Moto Center Vinhedo,Vinhedo,Carlos Santos,Cancelada,Cartão,02/09/2026,carlos.mendes1134@email.com,11999991134
1135,Mariana Silva,45.0,Valinhos,SP,Versys 650,Kawasaki,Trail,2024,"R$ 48.756,00",Moto Center Valinhos,Valinhos,Pedro Souza,Concluída,Cartão,01/02/2026,mariana.silva1135@email.com,11999991135
1136,Mariana Silva,53.0,Campinas,SP,MT-07,Yamaha,Naked,2024,"R$ 51.710,00",Moto Center Campinas,Campinas,Pedro Souza,Agendada,Pix,17/12/2026,mariana.silva1136@email.com,11999991136
1137,Amanda Rodrigues,71.0,Valinhos,SP,MT-03,Yamaha,Naked,2024,"R$ 34.137,00",Moto Center Valinhos,Valinhos,Pedro Souza,Agendada,Pix,15/10/2026,amanda.rodrigues1137@email.com,11999991137
1138,João Santos,24.0,Vinhedo,SP,CB 650R,Honda,Naked,2024,"R$ 54.907,00",Moto Center Vinhedo,Vinhedo,João Silva,Concluída,Pix,08/06/2026,joão.santos1138@email.com,11999991138
1139,João Santos,40.0,Vinhedo,SP,CB 650R,Honda,Naked,2024,"R$ 55.326,00",Moto Center Vinhedo,Vinhedo,Pedro Souza,Agendada,Cartão,26/06/2026,joão.santos1139@email.com,11999991139
1140,João Santos,47.0,Valinhos,SP,MT-03,Yamaha,Naked,2024,"R$ 34.764,00",Moto Center Valinhos,Valinhos,João Silva,Concluída,Pix,28/10/2026,joão.santos1140@email.com,11999991140
1141,Fernanda Alves,49.0,Vinhedo,SP,MT-07,Yamaha,Naked,2024,"R$ 50.705,00",Moto Center Vinhedo,Vinhedo,Pedro Souza,Cancelada,Pix,04/01/2026,fernanda.alves1141@email.com,11999991141
1142,Marcos Pereira,21.0,Jundiai,SP,CB 650R,Honda,Naked,2024,"R$ 50.482,00",Moto Center Jundiaí,Jundiai,João Silva,Concluída,Financiamento,21/12/2026,marcos.pereira1142@email.com,11999991142
1143,Carlos Mendes,42.0,Valinhos,SP,MT-07,Yamaha,Naked,2024,"R$ 48.112,00",Moto Center Valinhos,Valinhos,Pedro Souza,Cancelada,Pix,06/09/2026,carlos.mendes1143@email.com,11999991143
1144,João Santos,73.0,Jundiai,SP,CB 650R,Honda,Naked,2024,"R$ 51.306,00",Moto Center Jundiaí,Jundiai,Maria Oliveira,Agendada,Financiamento,12/10/2026,joão.santos1144@email.com,11999991144
1145,Lucas Ferreira,71.0,Campinas,SP,CB 650R,Honda,Naked,2024,"R$ 52.056,00",Moto Center Campinas,Campinas,Carlos Santos,Concluída,Financiamento,17/04/2026,lucas.ferreira1145@email.com,11999991145
1146,Carlos Mendes,70.0,Jundiai,SP,PCX 160,Honda,Scooter,2025,"R$ 19.981,00",Moto Center Jundiaí,Jundiai,Carlos Santos,Concluída,Pix,26/09/2026,carlos.mendes1146@email.com,11999991146
1147,Renata Costa,35.0,Campinas,SP,PCX 160,Honda,Scooter,2025,"R$ 20.853,00",Moto Center Campinas,Campinas,João Silva,Agendada,Cartão,01/05/2026,renata.costa1147@email.com,11999991147
1148,Juliana Costa,52.0,Valinhos,SP,PCX 160,Honda,Scooter,2025,"R$ 19.752,00",Moto Center Valinhos,Valinhos,Maria Oliveira,Concluída,Cartão,09/12/2026,juliana.costa1148@email.com,11999991148
1149,Lucas Ferreira,35.0,Campinas,SP,PCX 160,Honda,Scooter,2025,"R$ 23.944,00",Moto Center Campinas,Campinas,Pedro Souza,Cancelada,Cartão,23/01/2026,lucas.ferreira1149@email.com,11999991149
1150,Thiago Alves,45.0,Valinhos,SP,CB 500F,Honda,Naked,2024,"R$ 42.907,00",Moto Center Valinhos,Valinhos,João Silva,Agendada,Financiamento,17/05/2026,thiago.alves1150@email.com,11999991150
1151,Thiago Alves,46.0,Campinas,SP,MT-07,Yamaha,Naked,2024,"R$ 48.003,00",Moto Center Campinas,Campinas,Maria Oliveira,Concluída,Cartão,12/12/2026,thiago.alves1151@email.com,11999991151
1152,Pedro Oliveira,51.0,Campinas,SP,MT-03,Yamaha,Naked,2024,"R$ 33.559,00",Moto Center Campinas,Campinas,Carlos Santos,Concluída,Pix,03/05/2026,pedro.oliveira1152@email.com,11999991152
1153,Marcos Pereira,44.0,Campinas,SP,Versys 650,Kawasaki,Trail,2024,"R$ 50.610,00",Moto Center Campinas,Campinas,João Silva,Cancelada,Pix,02/07/2026,marcos.pereira1153@email.com,11999991153
1154,Ana Souza,46.0,Valinhos,SP,CB 650R,Honda,Naked,2024,"R$ 54.194,00",Moto Center Valinhos,Valinhos,João Silva,Concluída,Financiamento,23/04/2026,ana.souza1154@email.com,11999991154
1155,Amanda Rodrigues,30.0,Jundiai,SP,CB 650R,Honda,Naked,2024,"R$ 55.075,00",Moto Center Jundiaí,Jundiai,Maria Oliveira,Concluída,Financiamento,24/07/2026,amanda.rodrigues1155@email.com,11999991155
1156,Renata Costa,25.0,Vinhedo,SP,Ninja 400,Kawasaki,Esportiva,2023,"R$ 38.598,00",Moto Center Vinhedo,Vinhedo,Pedro Souza,Cancelada,Cartão,16/09/2026,renata.costa1156@email.com,11999991156
1157,Carlos Mendes,57.0,Valinhos,SP,Ninja 400,Kawasaki,Esportiva,2023,"R$ 35.724,00",Moto Center Valinhos,Valinhos,Carlos Santos,Concluída,Pix,22/01/2026,carlos.mendes1157@email.com,11999991157
1158,Diego Martins,54.0,Campinas,SP,MT-03,Yamaha,Naked,2024,"R$ 29.869,00",Moto Center Campinas,Campinas,Maria Oliveira,Cancelada,Financiamento,26/07/2026,diego.martins1158@email.com,11999991158
1159,Fernanda Alves,55.0,Campinas,SP,CB 650R,Honda,Naked,2024,"R$ 51.452,00",Moto Center Campinas,Campinas,Pedro Souza,Cancelada,Financiamento,05/12/2026,fernanda.alves1159@email.com,11999991159
1160,Juliana Costa,53.0,Vinhedo,SP,PCX 160,Honda,Scooter,2025,"R$ 23.220,00",Moto Center Vinhedo,Vinhedo,João Silva,Cancelada,Cartão,18/09/2026,juliana.costa1160@email.com,11999991160
1161,Pedro Oliveira,45.0,Valinhos,SP,PCX 160,Honda,Scooter,2025,"R$ 22.790,00",Moto Center Valinhos,Valinhos,João Silva,Concluída,Cartão,11/06/2026,pedro.oliveira1161@email.com,11999991161
1162,Renata Costa,35.0,Vinhedo,SP,PCX 160,Honda,Scooter,2025,"R$ 20.907,00",Moto Center Vinhedo,Vinhedo,Pedro Souza,Agendada,Financiamento,26/01/2026,renata.costa1162@email.com,11999991162
1163,Thiago Alves,62.0,Valinhos,SP,MT-03,Yamaha,Naked,2024,"R$ 35.143,00",Moto Center Valinhos,Valinhos,Carlos Santos,Cancelada,Financiamento,27/10/2026,thiago.alves1163@email.com,11999991163
1164,Fernanda Alves,26.0,Jundiai,SP,CB 650R,Honda,Naked,2024,"R$ 50.651,00",Moto Center Jundiaí,Jundiai,João Silva,Agendada,Cartão,20/07/2026,fernanda.alves1164@email.com,11999991164
1165,Carlos Mendes,51.0,Campinas,SP,CB 650R,Honda,Naked,2024,"R$ 53.190,00",Moto Center Campinas,Campinas,Carlos Santos,Concluída,Financiamento,24/01/2026,carlos.mendes1165@email.com,11999991165
1166,Fernanda Alves,18.0,Valinhos,SP,Ninja 400,Kawasaki,Esportiva,2023,"R$ 38.002,00",Moto Center Valinhos,Valinhos,João Silva,Cancelada,Cartão,12/03/2026,fernanda.alves1166@email.com,11999991166
1167,Carolina Gomes,60.0,Campinas,SP,CB 500F,Honda,Naked,2024,"R$ 42.542,00",Moto Center Campinas,Campinas,Pedro Souza,Cancelada,Cartão,27/04/2026,carolina.gomes1167@email.com,11999991167
1168,Carolina Gomes,,Campinas,SP,CB 650R,Honda,Naked,2024,"R$ 50.987,00",Moto Center Campinas,Campinas,Pedro Souza,Agendada,Cartão,23/01/2026,carolina.gomes1168@email.com,11999991168
1169,João Santos,34.0,Vinhedo,SP,CB 650R,Honda,Naked,2024,"R$ 53.948,00",Moto Center Vinhedo,Vinhedo,Pedro Souza,Agendada,Cartão,05/02/2026,joão.santos1169@email.com,11999991169
1170,Renata Costa,56.0,Jundiai,SP,CB 650R,Honda,Naked,2024,"R$ 53.590,00",Moto Center Jundiaí,Jundiai,Maria Oliveira,Cancelada,Financiamento,20/07/2026,renata.costa1170@email.com,11999991170
1171,Diego Martins,49.0,Valinhos,SP,MT-03,Yamaha,Naked,2024,"R$ 35.187,00",Moto Center Valinhos,Valinhos,João Silva,Concluída,Pix,19/01/2026,diego.martins1171@email.com,11999991171
1172,Marcos Pereira,34.0,Valinhos,SP,Ninja 400,Kawasaki,Esportiva,2023,"R$ 34.630,00",Moto Center Valinhos,Valinhos,Maria Oliveira,Cancelada,Financiamento,06/09/2026,marcos.pereira1172@email.com,11999991172
1173,Renata Costa,31.0,Valinhos,SP,Versys 650,Kawasaki,Trail,2024,"R$ 51.243,00",Moto Center Valinhos,Valinhos,João Silva,Cancelada,Cartão,07/02/2026,renata.costa1173@email.com,11999991173
1174,Carlos Mendes,28.0,Vinhedo,SP,CB 500F,Honda,Naked,2024,"R$ 44.012,00",Moto Center Vinhedo,Vinhedo,Carlos Santos,Concluída,Pix,05/12/2026,carlos.mendes1174@email.com,11999991174
1175,Amanda Rodrigues,46.0,Campinas,SP,MT-03,Yamaha,Naked,2024,"R$ 34.429,00",Moto Center Campinas,Campinas,Maria Oliveira,Concluída,Financiamento,04/09/2026,amanda.rodrigues1175@email.com,11999991175
1176,Carolina Gomes,53.0,Valinhos,SP,CB 500F,Honda,Naked,2024,"R$ 41.844,00",Moto Center Valinhos,Valinhos,Carlos Santos,Concluída,Cartão,04/12/2026,carolina.gomes1176@email.com,11999991176
1177,Carolina Gomes,59.0,Valinhos,SP,Versys 650,Kawasaki,Trail,2024,"R$ 52.427,00",Moto Center Valinhos,Valinhos,Maria Oliveira,Agendada,Pix,14/06/2026,carolina.gomes1177@email.com,11999991177
1178,Diego Martins,72.0,Campinas,SP,Ninja 400,Kawasaki,Esportiva,2023,"R$ 36.923,00",Moto Center Campinas,Campinas,Carlos Santos,Cancelada,Pix,27/05/2026,diego.martins1178@email.com,11999991178
1179,Pedro Oliveira,35.0,Jundiai,SP,MT-03,Yamaha,Naked,2024,"R$ 33.242,00",Moto Center Jundiaí,Jundiai,Maria Oliveira,Concluída,Pix,13/11/2026,pedro.oliveira1179@email.com,11999991179
1180,Carolina Gomes,67.0,Campinas,SP,PCX 160,Honda,Scooter,2025,"R$ 20.195,00",Moto Center Campinas,Campinas,João Silva,Agendada,Financiamento,24/04/2026,carolina.gomes1180@email.com,11999991180
1181,Marcos Pereira,23.0,Jundiai,SP,Ninja 400,Kawasaki,Esportiva,2023,"R$ 34.286,00",Moto Center Jundiaí,Jundiai,Carlos Santos,Agendada,Financiamento,03/08/2026,marcos.pereira1181@email.com,11999991181
1182,Fernanda Alves,75.0,Valinhos,SP,MT-07,Yamaha,Naked,2024,"R$ 51.141,00",Moto Center Valinhos,Valinhos,João Silva,Cancelada,Financiamento,21/12/2026,fernanda.alves1182@email.com,11999991182
1183,João Santos,18.0,Campinas,SP,Ninja 400,Kawasaki,Esportiva,2023,"R$ 33.598,00",Moto Center Campinas,Campinas,Maria Oliveira,Concluída,Financiamento,03/09/2026,joão.santos1183@email.com,11999991183
1184,Diego Martins,22.0,Vinhedo,SP,CB 650R,Honda,Naked,2024,"R$ 50.661,00",Moto Center Vinhedo,Vinhedo,Pedro Souza,Concluída,Financiamento,22/03/2026,diego.martins1184@email.com,11999991184
1185,Lucas Ferreira,29.0,Campinas,SP,MT-07,Yamaha,Naked,2024,"R$ 48.836,00",Moto Center Campinas,Campinas,Pedro Souza,Agendada,Pix,07/04/2026,lucas.ferreira1185@email.com,11999991185
1186,Mariana Silva,36.0,Vinhedo,SP,PCX 160,Honda,Scooter,2025,"R$ 22.143,00",Moto Center Vinhedo,Vinhedo,João Silva,Concluída,Cartão,08/07/2026,mariana.silva1186@email.com,11999991186
1187,Thiago Alves,33.0,Valinhos,SP,PCX 160,Honda,Scooter,2025,"R$ 20.674,00",Moto Center Valinhos,Valinhos,Pedro Souza,Concluída,Cartão,24/06/2026,thiago.alves1187@email.com,11999991187
1188,Marcos Pereira,,Jundiai,SP,Ninja 400,Kawasaki,Esportiva,2023,"R$ 35.228,00",Moto Center Jundiaí,Jundiai,Maria Oliveira,Concluída,Financiamento,02/06/2026,marcos.pereira1188@email.com,11999991188
1189,Juliana Costa,41.0,Campinas,SP,MT-03,Yamaha,Naked,2024,"R$ 30.325,00",Moto Center Campinas,Campinas,Maria Oliveira,Agendada,Pix,17/02/2026,juliana.costa1189@email.com,11999991189
1190,Fernanda Alves,72.0,Vinhedo,SP,MT-07,Yamaha,Naked,2024,"R$ 50.506,00",Moto Center Vinhedo,Vinhedo,João Silva,Agendada,Pix,01/01/2026,fernanda.alves1190@email.com,11999991190
1191,Mariana Silva,24.0,Campinas,SP,Ninja 400,Kawasaki,Esportiva,2023,"R$ 35.156,00",Moto Center Campinas,Campinas,Pedro Souza,Concluída,Pix,28/07/2026,mariana.silva1191@email.com,11999991191
1192,João Santos,43.0,Campinas,SP,Ninja 400,Kawasaki,Esportiva,2023,"R$ 37.677,00",Moto Center Campinas,Campinas,Maria Oliveira,Cancelada,Cartão,17/01/2026,joão.santos1192@email.com,11999991192
1193,Carlos Mendes,44.0,Jundiai,SP,PCX 160,Honda,Scooter,2025,"R$ 20.117,00",Moto Center Jundiaí,Jundiai,Pedro Souza,Cancelada,Financiamento,15/06/2026,carlos.mendes1193@email.com,11999991193
1194,Mariana Silva,55.0,Jundiai,SP,Ninja 400,Kawasaki,Esportiva,2023,"R$ 38.679,00",Moto Center Jundiaí,Jundiai,João Silva,Cancelada,Pix,27/11/2026,mariana.silva1194@email.com,11999991194
1195,Carlos Mendes,22.0,Jundiai,SP,MT-03,Yamaha,Naked,2024,"R$ 30.820,00",Moto Center Jundiaí,Jundiai,Carlos Santos,Concluída,Financiamento,21/06/2026,carlos.mendes1195@email.com,11999991195
1196,Carlos Mendes,42.0,Jundiai,SP,Ninja 400,Kawasaki,Esportiva,2023,"R$ 33.490,00",Moto Center Jundiaí,Jundiai,Carlos Santos,Concluída,Pix,25/01/2026,carlos.mendes1196@email.com,11999991196
1197,Pedro Oliveira,60.0,Jundiai,SP,CB 500F,Honda,Naked,2024,"R$ 41.485,00",Moto Center Jundiaí,Jundiai,Pedro Souza,Cancelada,Pix,06/05/2026,pedro.oliveira1197@email.com,11999991197
1198,Lucas Ferreira,64.0,Campinas,SP,MT-07,Yamaha,Naked,2024,"R$ 47.885,00",Moto Center Campinas,Campinas,Maria Oliveira,Agendada,Pix,26/04/2026,lucas.ferreira1198@email.com,11999991198
1199,João Santos,41.0,Vinhedo,SP,CB 650R,Honda,Naked,2024,"R$ 53.057,00",Moto Center Vinhedo,Vinhedo,Maria Oliveira,Agendada,Cartão,09/05/2026,joão.santos1199@email.com,11999991199
1200,Renata Costa,19.0,Campinas,SP,CB 650R,Honda,Naked,2024,"R$ 53.768,00",Moto Center Campinas,Campinas,Pedro Souza,Cancelada,Cartão,26/09/2026,renata.costa1200@email.com,11999991200
1201,João Santos,40.0,Campinas,SP,Versys 650,Kawasaki,Trail,2024,"R$ 52.215,00",Moto Center Campinas,Campinas,Maria Oliveira,Cancelada,Pix,23/12/2026,joão.santos1201@email.com,11999991201
1202,Amanda Rodrigues,19.0,Campinas,SP,CB 650R,Honda,Naked,2024,"R$ 53.323,00",Moto Center Campinas,Campinas,João Silva,Concluída,Pix,18/06/2026,amanda.rodrigues1202@email.com,11999991202
1203,Fernanda Alves,53.0,Valinhos,SP,Versys 650,Kawasaki,Trail,2024,"R$ 49.129,00",Moto Center Valinhos,Valinhos,João Silva,Concluída,Pix,19/12/2026,fernanda.alves1203@email.com,11999991203
1204,João Santos,37.0,Jundiai,SP,CB 650R,Honda,Naked,2024,"R$ 50.913,00",Moto Center Jundiaí,Jundiai,Pedro Souza,Concluída,Financiamento,26/07/2026,joão.santos1204@email.com,11999991204
1205,Marcos Pereira,33.0,Vinhedo,SP,MT-07,Yamaha,Naked,2024,"R$ 52.096,00",Moto Center Vinhedo,Vinhedo,Pedro Souza,Concluída,Cartão,04/06/2026,marcos.pereira1205@email.com,11999991205
1206,Ana Souza,60.0,Jundiai,SP,Versys 650,Kawasaki,Trail,2024,"R$ 50.472,00",Moto Center Jundiaí,Jundiai,Carlos Santos,Agendada,Financiamento,21/02/2026,ana.souza1206@email.com,11999991206
1207,Carlos Mendes,28.0,Valinhos,SP,MT-07,Yamaha,Naked,2024,"R$ 47.531,00",Moto Center Valinhos,Valinhos,Maria Oliveira,Agendada,Pix,24/06/2026,carlos.mendes1207@email.com,11999991207
1208,Carolina Gomes,42.0,Jundiai,SP,MT-03,Yamaha,Naked,2024,"R$ 29.694,00",Moto Center Jundiaí,Jundiai,João Silva,Cancelada,Cartão,14/12/2026,carolina.gomes1208@email.com,11999991208
1209,Marcos Pereira,40.0,Campinas,SP,Ninja 400,Kawasaki,Esportiva,2023,"R$ 35.053,00",Moto Center Campinas,Campinas,Maria Oliveira,Agendada,Cartão,13/04/2026,marcos.pereira1209@email.com,11999991209
1210,Renata Costa,45.0,Vinhedo,SP,MT-03,Yamaha,Naked,2024,"R$ 31.084,00",Moto Center Vinhedo,Vinhedo,Carlos Santos,Concluída,Cartão,02/11/2026,renata.costa1210@email.com,11999991210
1211,Amanda Rodrigues,55.0,Valinhos,SP,MT-03,Yamaha,Naked,2024,"R$ 31.009,00",Moto Center Valinhos,Valinhos,Maria Oliveira,Concluída,Pix,18/07/2026,amanda.rodrigues1211@email.com,11999991211
1212,Fernanda Alves,62.0,Vinhedo,SP,MT-07,Yamaha,Naked,2024,"R$ 49.960,00",Moto Center Vinhedo,Vinhedo,Pedro Souza,Cancelada,Financiamento,25/08/2026,fernanda.alves1212@email.com,11999991212
1213,João Santos,29.0,Vinhedo,SP,MT-07,Yamaha,Naked,2024,"R$ 51.348,00",Moto Center Vinhedo,Vinhedo,João Silva,Agendada,Pix,21/11/2026,joão.santos1213@email.com,11999991213
1214,Marcos Pereira,54.0,Jundiai,SP,MT-07,Yamaha,Naked,2024,"R$ 49.836,00",Moto Center Jundiaí,Jundiai,Maria Oliveira,Cancelada,Pix,21/06/2026,marcos.pereira1214@email.com,11999991214
1215,Juliana Costa,61.0,Jundiai,SP,PCX 160,Honda,Scooter,2025,"R$ 22.593,00",Moto Center Jundiaí,Jundiai,João Silva,Concluída,Financiamento,12/04/2026,juliana.costa1215@email.com,11999991215
1216,João Santos,56.0,Campinas,SP,CB 650R,Honda,Naked,2024,"R$ 50.556,00",Moto Center Campinas,Campinas,João Silva,Agendada,Cartão,24/03/2026,joão.santos1216@email.com,11999991216
1217,Thiago Alves,36.0,Jundiai,SP,Versys 650,Kawasaki,Trail,2024,"R$ 48.499,00",Moto Center Jundiaí,Jundiai,Carlos Santos,Cancelada,Financiamento,24/03/2026,thiago.alves1217@email.com,11999991217
1218,Ana Souza,72.0,Jundiai,SP,Ninja 400,Kawasaki,Esportiva,2023,"R$ 37.264,00",Moto Center Jundiaí,Jundiai,Pedro Souza,Concluída,Financiamento,14/11/2026,ana.souza1218@email.com,11999991218
1219,Ana Souza,53.0,Campinas,SP,CB 500F,Honda,Naked,2024,"R$ 45.311,00",Moto Center Campinas,Campinas,João Silva,Concluída,Pix,20/01/2026,ana.souza1219@email.com,11999991219
1220,Mariana Silva,37.0,Valinhos,SP,MT-07,Yamaha,Naked,2024,"R$ 49.443,00",Moto Center Valinhos,Valinhos,João Silva,Concluída,Financiamento,05/12/2026,mariana.silva1220@email.com,11999991220
1221,Diego Martins,22.0,Vinhedo,SP,MT-07,Yamaha,Naked,2024,"R$ 48.191,00",Moto Center Vinhedo,Vinhedo,Maria Oliveira,Cancelada,Pix,25/03/2026,diego.martins1221@email.com,11999991221
1222,Marcos Pereira,34.0,Vinhedo,SP,PCX 160,Honda,Scooter,2025,"R$ 23.045,00",Moto Center Vinhedo,Vinhedo,Carlos Santos,Agendada,Pix,10/04/2026,marcos.pereira1222@email.com,11999991222
1223,Juliana Costa,29.0,Valinhos,SP,MT-07,Yamaha,Naked,2024,"R$ 48.262,00",Moto Center Valinhos,Valinhos,Carlos Santos,Agendada,Pix,27/02/2026,juliana.costa1223@email.com,11999991223
1224,Carlos Mendes,65.0,Jundiai,SP,MT-03,Yamaha,Naked,2024,"R$ 31.591,00",Moto Center Jundiaí,Jundiai,Pedro Souza,Agendada,Pix,18/07/2026,carlos.mendes1224@email.com,11999991224
1225,Carolina Gomes,24.0,Campinas,SP,Versys 650,Kawasaki,Trail,2024,"R$ 50.218,00",Moto Center Campinas,Campinas,Maria Oliveira,Agendada,Pix,26/03/2026,carolina.gomes1225@email.com,11999991225
1226,Fernanda Alves,25.0,Valinhos,SP,MT-03,Yamaha,Naked,2024,"R$ 34.547,00",Moto Center Valinhos,Valinhos,Carlos Santos,Agendada,Financiamento,23/10/2026,fernanda.alves1226@email.com,11999991226
1227,Carlos Mendes,28.0,Valinhos,SP,MT-03,Yamaha,Naked,2024,"R$ 34.532,00",Moto Center Valinhos,Valinhos,Carlos Santos,Cancelada,Pix,21/12/2026,carlos.mendes1227@email.com,11999991227
1228,Bruno Lima,26.0,Vinhedo,SP,CB 650R,Honda,Naked,2024,"R$ 54.713,00",Moto Center Vinhedo,Vinhedo,Pedro Souza,Concluída,Cartão,14/05/2026,bruno.lima1228@email.com,11999991228
1229,Thiago Alves,34.0,Campinas,SP,MT-03,Yamaha,Naked,2024,"R$ 34.645,00",Moto Center Campinas,Campinas,Pedro Souza,Agendada,Financiamento,02/02/2026,thiago.alves1229@email.com,11999991229
1230,Marcos Pereira,19.0,Valinhos,SP,CB 500F,Honda,Naked,2024,"R$ 43.661,00",Moto Center Valinhos,Valinhos,Maria Oliveira,Cancelada,Cartão,03/10/2026,marcos.pereira1230@email.com,11999991230
1231,Bruno Lima,42.0,Jundiai,SP,Ninja 400,Kawasaki,Esportiva,2023,"R$ 33.260,00",Moto Center Jundiaí,Jundiai,Pedro Souza,Concluída,Cartão,28/05/2026,bruno.lima1231@email.com,11999991231
1232,Juliana Costa,25.0,Valinhos,SP,Versys 650,Kawasaki,Trail,2024,"R$ 47.794,00",Moto Center Valinhos,Valinhos,Carlos Santos,Agendada,Financiamento,28/04/2026,juliana.costa1232@email.com,11999991232
1233,Pedro Oliveira,40.0,Valinhos,SP,CB 650R,Honda,Naked,2024,"R$ 53.197,00",Moto Center Valinhos,Valinhos,Maria Oliveira,Cancelada,Pix,09/03/2026,pedro.oliveira1233@email.com,11999991233
1234,Fernanda Alves,36.0,Jundiai,SP,MT-03,Yamaha,Naked,2024,"R$ 33.663,00",Moto Center Jundiaí,Jundiai,Carlos Santos,Concluída,Financiamento,28/08/2026,fernanda.alves1234@email.com,11999991234
1235,Diego Martins,34.0,Jundiai,SP,MT-07,Yamaha,Naked,2024,"R$ 49.410,00",Moto Center Jundiaí,Jundiai,Pedro Souza,Cancelada,Cartão,10/09/2026,diego.martins1235@email.com,11999991235
1236,Amanda Rodrigues,20.0,Campinas,SP,MT-07,Yamaha,Naked,2024,"R$ 51.019,00",Moto Center Campinas,Campinas,Carlos Santos,Cancelada,Pix,06/11/2026,amanda.rodrigues1236@email.com,11999991236
1237,Carolina Gomes,56.0,Vinhedo,SP,CB 650R,Honda,Naked,2024,"R$ 53.788,00",Moto Center Vinhedo,Vinhedo,Maria Oliveira,Agendada,Pix,20/04/2026,carolina.gomes1237@email.com,11999991237
1238,Renata Costa,18.0,Valinhos,SP,Ninja 400,Kawasaki,Esportiva,2023,"R$ 33.042,00",Moto Center Valinhos,Valinhos,Carlos Santos,Concluída,Cartão,07/07/2026,renata.costa1238@email.com,11999991238
1239,Mariana Silva,44.0,Valinhos,SP,MT-03,Yamaha,Naked,2024,"R$ 31.642,00",Moto Center Valinhos,Valinhos,Carlos Santos,Concluída,Pix,21/10/2026,mariana.silva1239@email.com,11999991239
1240,Diego Martins,27.0,Campinas,SP,CB 650R,Honda,Naked,2024,"R$ 51.296,00",Moto Center Campinas,Campinas,Maria Oliveira,Agendada,Financiamento,19/05/2026,diego.martins1240@email.com,11999991240
1241,Lucas Ferreira,63.0,Valinhos,SP,CB 650R,Honda,Naked,2024,"R$ 53.760,00",Moto Center Valinhos,Valinhos,Pedro Souza,Concluída,Financiamento,27/12/2026,lucas.ferreira1241@email.com,11999991241
1242,João Santos,31.0,Vinhedo,SP,MT-07,Yamaha,Naked,2024,"R$ 49.225,00",Moto Center Vinhedo,Vinhedo,Pedro Souza,Cancelada,Financiamento,12/06/2026,joão.santos1242@email.com,11999991242
1243,Marcos Pereira,70.0,Vinhedo,SP,PCX 160,Honda,Scooter,2025,"R$ 22.656,00",Moto Center Vinhedo,Vinhedo,Pedro Souza,Concluída,Pix,27/02/2026,marcos.pereira1243@email.com,11999991243
1244,Carlos Mendes,20.0,Valinhos,SP,Versys 650,Kawasaki,Trail,2024,"R$ 50.055,00",Moto Center Valinhos,Valinhos,João Silva,Concluída,Financiamento,06/08/2026,carlos.mendes1244@email.com,11999991244
1245,Fernanda Alves,46.0,Jundiai,SP,Ninja 400,Kawasaki,Esportiva,2023,"R$ 38.366,00",Moto Center Jundiaí,Jundiai,Pedro Souza,Cancelada,Pix,26/01/2026,fernanda.alves1245@email.com,11999991245
1246,João Santos,58.0,Valinhos,SP,Ninja 400,Kawasaki,Esportiva,2023,"R$ 38.068,00",Moto Center Valinhos,Valinhos,Pedro Souza,Cancelada,Financiamento,18/09/2026,joão.santos1246@email.com,11999991246
1247,João Santos,41.0,Vinhedo,SP,Ninja 400,Kawasaki,Esportiva,2023,"R$ 34.568,00",Moto Center Vinhedo,Vinhedo,Maria Oliveira,Concluída,Pix,22/05/2026,joão.santos1247@email.com,11999991247
1248,Carlos Mendes,42.0,Valinhos,SP,Versys 650,Kawasaki,Trail,2024,"R$ 50.980,00",Moto Center Valinhos,Valinhos,Carlos Santos,Cancelada,Pix,18/09/2026,carlos.mendes1248@email.com,11999991248
1249,Carlos Mendes,28.0,Vinhedo,SP,PCX 160,Honda,Scooter,2025,"R$ 20.907,00",Moto Center Vinhedo,Vinhedo,Carlos Santos,Agendada,Cartão,26/04/2026,carlos.mendes1249@email.com,11999991249
1250,Renata Costa,65.0,Vinhedo,SP,PCX 160,Honda,Scooter,2025,"R$ 23.793,00",Moto Center Vinhedo,Vinhedo,Maria Oliveira,Cancelada,Pix,19/11/2026,renata.costa1250@email.com,11999991250
1251,Carlos Mendes,42.0,Jundiai,SP,Ninja 400,Kawasaki,Esportiva,2023,"R$ 35.016,00",Moto Center Jundiaí,Jundiai,João Silva,Agendada,Cartão,01/10/2026,carlos.mendes1251@email.com,11999991251
1252,Bruno Lima,37.0,Campinas,SP,MT-03,Yamaha,Naked,2024,"R$ 31.525,00",Moto Center Campinas,Campinas,João Silva,Cancelada,Financiamento,24/01/2026,bruno.lima1252@email.com,11999991252
1253,Marcos Pereira,38.0,Vinhedo,SP,MT-03,Yamaha,Naked,2024,"R$ 34.697,00",Moto Center Vinhedo,Vinhedo,Pedro Souza,Concluída,Cartão,24/03/2026,marcos.pereira1253@email.com,11999991253
1254,João Santos,63.0,Valinhos,SP,CB 500F,Honda,Naked,2024,"R$ 42.956,00",Moto Center Valinhos,Valinhos,João Silva,Agendada,Pix,10/01/2026,joão.santos1254@email.com,11999991254
1255,Pedro Oliveira,53.0,Jundiai,SP,Ninja 400,Kawasaki,Esportiva,2023,"R$ 33.601,00",Moto Center Jundiaí,Jundiai,Pedro Souza,Agendada,Cartão,08/11/2026,pedro.oliveira1255@email.com,11999991255
1256,Fernanda Alves,72.0,Jundiai,SP,Versys 650,Kawasaki,Trail,2024,"R$ 48.351,00",Moto Center Jundiaí,Jundiai,Maria Oliveira,Cancelada,Pix,05/05/2026,fernanda.alves1256@email.com,11999991256
1257,Thiago Alves,57.0,Valinhos,SP,Versys 650,Kawasaki,Trail,2024,"R$ 47.659,00",Moto Center Valinhos,Valinhos,Maria Oliveira,Concluída,Pix,07/01/2026,thiago.alves1257@email.com,11999991257
1258,João Santos,59.0,Vinhedo,SP,MT-03,Yamaha,Naked,2024,"R$ 34.134,00",Moto Center Vinhedo,Vinhedo,João Silva,Concluída,Financiamento,18/03/2026,joão.santos1258@email.com,11999991258
1259,Ana Souza,39.0,Valinhos,SP,MT-07,Yamaha,Naked,2024,"R$ 52.350,00",Moto Center Valinhos,Valinhos,Pedro Souza,Cancelada,Pix,06/06/2026,ana.souza1259@email.com,11999991259
1260,Carlos Mendes,64.0,Jundiai,SP,MT-03,Yamaha,Naked,2024,"R$ 33.304,00",Moto Center Jundiaí,Jundiai,Maria Oliveira,Cancelada,Financiamento,10/04/2026,carlos.mendes1260@email.com,11999991260
1261,Pedro Oliveira,57.0,Campinas,SP,PCX 160,Honda,Scooter,2025,"R$ 21.382,00",Moto Center Campinas,Campinas,Carlos Santos,Cancelada,Financiamento,28/07/2026,pedro.oliveira1261@email.com,11999991261
1262,Bruno Lima,54.0,Jundiai,SP,MT-03,Yamaha,Naked,2024,"R$ 32.625,00",Moto Center Jundiaí,Jundiai,Carlos Santos,Agendada,Cartão,21/04/2026,bruno.lima1262@email.com,11999991262
1263,Mariana Silva,21.0,Vinhedo,SP,MT-07,Yamaha,Naked,2024,"R$ 52.245,00",Moto Center Vinhedo,Vinhedo,Carlos Santos,Concluída,Pix,15/01/2026,mariana.silva1263@email.com,11999991263
1264,Marcos Pereira,31.0,Vinhedo,SP,MT-07,Yamaha,Naked,2024,"R$ 47.903,00",Moto Center Vinhedo,Vinhedo,João Silva,Agendada,Pix,18/11/2026,marcos.pereira1264@email.com,11999991264
1265,Pedro Oliveira,62.0,Jundiai,SP,CB 500F,Honda,Naked,2024,"R$ 40.306,00",Moto Center Jundiaí,Jundiai,Maria Oliveira,Concluída,Financiamento,02/03/2026,pedro.oliveira1265@email.com,11999991265
1266,Diego Martins,58.0,Jundiai,SP,PCX 160,Honda,Scooter,2025,"R$ 18.708,00",Moto Center Jundiaí,Jundiai,João Silva,Cancelada,Cartão,21/12/2026,diego.martins1266@email.com,11999991266
1267,Carolina Gomes,33.0,Jundiai,SP,CB 650R,Honda,Naked,2024,"R$ 52.248,00",Moto Center Jundiaí,Jundiai,Carlos Santos,Concluída,Pix,03/11/2026,carolina.gomes1267@email.com,11999991267
1268,Mariana Silva,46.0,Jundiai,SP,MT-03,Yamaha,Naked,2024,"R$ 34.890,00",Moto Center Jundiaí,Jundiai,Maria Oliveira,Cancelada,Financiamento,14/11/2026,mariana.silva1268@email.com,11999991268
1269,Amanda Rodrigues,50.0,Valinhos,SP,Ninja 400,Kawasaki,Esportiva,2023,"R$ 33.284,00",Moto Center Valinhos,Valinhos,João Silva,Cancelada,Financiamento,12/03/2026,amanda.rodrigues1269@email.com,11999991269
1270,João Santos,32.0,Vinhedo,SP,MT-07,Yamaha,Naked,2024,"R$ 49.871,00",Moto Center Vinhedo,Vinhedo,Pedro Souza,Cancelada,Pix,07/10/2026,joão.santos1270@email.com,11999991270
1271,Carolina Gomes,21.0,Campinas,SP,MT-07,Yamaha,Naked,2024,"R$ 49.581,00",Moto Center Campinas,Campinas,Pedro Souza,Cancelada,Financiamento,15/06/2026,carolina.gomes1271@email.com,11999991271
1272,Amanda Rodrigues,68.0,Vinhedo,SP,MT-03,Yamaha,Naked,2024,"R$ 31.537,00",Moto Center Vinhedo,Vinhedo,Pedro Souza,Cancelada,Pix,05/11/2026,amanda.rodrigues1272@email.com,11999991272
1273,Bruno Lima,26.0,Valinhos,SP,Versys 650,Kawasaki,Trail,2024,"R$ 49.209,00",Moto Center Valinhos,Valinhos,Pedro Souza,Cancelada,Cartão,10/05/2026,bruno.lima1273@email.com,11999991273
1274,Mariana Silva,71.0,Valinhos,SP,PCX 160,Honda,Scooter,2025,"R$ 19.202,00",Moto Center Valinhos,Valinhos,Carlos Santos,Cancelada,Pix,27/12/2026,mariana.silva1274@email.com,11999991274
1275,Carolina Gomes,62.0,Valinhos,SP,MT-03,Yamaha,Naked,2024,"R$ 30.629,00",Moto Center Valinhos,Valinhos,João Silva,Cancelada,Pix,05/07/2026,carolina.gomes1275@email.com,11999991275
1276,João Santos,24.0,Jundiai,SP,CB 500F,Honda,Naked,2024,"R$ 43.326,00",Moto Center Jundiaí,Jundiai,João Silva,Cancelada,Pix,26/07/2026,joão.santos1276@email.com,11999991276
1277,Mariana Silva,45.0,Valinhos,SP,MT-07,Yamaha,Naked,2024,"R$ 48.566,00",Moto Center Valinhos,Valinhos,Maria Oliveira,Cancelada,Financiamento,04/11/2026,mariana.silva1277@email.com,11999991277
1278,Diego Martins,69.0,Campinas,SP,CB 500F,Honda,Naked,2024,"R$ 45.259,00",Moto Center Campinas,Campinas,Maria Oliveira,Concluída,Financiamento,18/06/2026,diego.martins1278@email.com,11999991278
1279,Lucas Ferreira,33.0,Jundiai,SP,CB 500F,Honda,Naked,2024,"R$ 42.362,00",Moto Center Jundiaí,Jundiai,Carlos Santos,Cancelada,Cartão,21/03/2026,lucas.ferreira1279@email.com,11999991279
1280,Amanda Rodrigues,59.0,Jundiai,SP,Versys 650,Kawasaki,Trail,2024,"R$ 47.339,00",Moto Center Jundiaí,Jundiai,Maria Oliveira,Cancelada,Financiamento,20/12/2026,amanda.rodrigues1280@email.com,11999991280
1281,João Santos,40.0,Campinas,SP,MT-03,Yamaha,Naked,2024,"R$ 31.923,00",Moto Center Campinas,Campinas,João Silva,Cancelada,Cartão,08/11/2026,joão.santos1281@email.com,11999991281
1282,Lucas Ferreira,,Campinas,SP,CB 500F,Honda,Naked,2024,"R$ 42.486,00",Moto Center Campinas,Campinas,Maria Oliveira,Agendada,Pix,06/01/2026,lucas.ferreira1282@email.com,11999991282
1283,Juliana Costa,67.0,Valinhos,SP,Ninja 400,Kawasaki,Esportiva,2023,"R$ 35.657,00",Moto Center Valinhos,Valinhos,João Silva,Agendada,Financiamento,10/08/2026,juliana.costa1283@email.com,11999991283
1284,Renata Costa,46.0,Campinas,SP,Ninja 400,Kawasaki,Esportiva,2023,"R$ 33.563,00",Moto Center Campinas,Campinas,João Silva,Agendada,Pix,22/12/2026,renata.costa1284@email.com,11999991284
1285,Lucas Ferreira,74.0,Campinas,SP,Versys 650,Kawasaki,Trail,2024,"R$ 50.301,00",Moto Center Campinas,Campinas,João Silva,Concluída,Financiamento,27/08/2026,lucas.ferreira1285@email.com,11999991285
1286,Carlos Mendes,62.0,Jundiai,SP,Ninja 400,Kawasaki,Esportiva,2023,"R$ 37.371,00",Moto Center Jundiaí,Jundiai,Pedro Souza,Cancelada,Cartão,12/07/2026,carlos.mendes1286@email.com,11999991286
1287,Bruno Lima,72.0,Vinhedo,SP,Versys 650,Kawasaki,Trail,2024,"R$ 50.315,00",Moto Center Vinhedo,Vinhedo,João Silva,Agendada,Pix,21/10/2026,bruno.lima1287@email.com,11999991287
1288,Pedro Oliveira,33.0,Jundiai,SP,Ninja 400,Kawasaki,Esportiva,2023,"R$ 34.129,00",Moto Center Jundiaí,Jundiai,Carlos Santos,Agendada,Financiamento,22/01/2026,pedro.oliveira1288@email.com,11999991288
1289,Pedro Oliveira,53.0,Vinhedo,SP,Ninja 400,Kawasaki,Esportiva,2023,"R$ 36.490,00",Moto Center Vinhedo,Vinhedo,João Silva,Cancelada,Cartão,25/05/2026,pedro.oliveira1289@email.com,11999991289
1290,Diego Martins,56.0,Vinhedo,SP,Ninja 400,Kawasaki,Esportiva,2023,"R$ 34.133,00",Moto Center Vinhedo,Vinhedo,Carlos Santos,Agendada,Cartão,04/08/2026,diego.martins1290@email.com,11999991290
1291,Bruno Lima,72.0,Vinhedo,SP,PCX 160,Honda,Scooter,2025,"R$ 24.203,00",Moto Center Vinhedo,Vinhedo,Carlos Santos,Concluída,Financiamento,01/03/2026,bruno.lima1291@email.com,11999991291
1292,Marcos Pereira,47.0,Vinhedo,SP,MT-07,Yamaha,Naked,2024,"R$ 51.549,00",Moto Center Vinhedo,Vinhedo,Pedro Souza,Agendada,Financiamento,02/11/2026,marcos.pereira1292@email.com,11999991292
1293,Fernanda Alves,56.0,Jundiai,SP,MT-03,Yamaha,Naked,2024,"R$ 34.314,00",Moto Center Jundiaí,Jundiai,João Silva,Cancelada,Financiamento,21/05/2026,fernanda.alves1293@email.com,11999991293
1294,Ana Souza,40.0,Vinhedo,SP,CB 650R,Honda,Naked,2024,"R$ 50.610,00",Moto Center Vinhedo,Vinhedo,Pedro Souza,Cancelada,Cartão,02/12/2026,ana.souza1294@email.com,11999991294
1295,Ana Souza,53.0,Jundiai,SP,Versys 650,Kawasaki,Trail,2024,"R$ 52.821,00",Moto Center Jundiaí,Jundiai,Pedro Souza,Agendada,Financiamento,13/06/2026,ana.souza1295@email.com,11999991295
1296,Diego Martins,70.0,Campinas,SP,Ninja 400,Kawasaki,Esportiva,2023,"R$ 37.191,00",Moto Center Campinas,Campinas,Maria Oliveira,Agendada,Pix,10/04/2026,diego.martins1296@email.com,11999991296
1297,Amanda Rodrigues,75.0,Valinhos,SP,CB 500F,Honda,Naked,2024,"R$ 42.047,00",Moto Center Valinhos,Valinhos,Carlos Santos,Agendada,Financiamento,14/01/2026,amanda.rodrigues1297@email.com,11999991297
1298,Carlos Mendes,64.0,Jundiai,SP,PCX 160,Honda,Scooter,2025,"R$ 23.887,00",Moto Center Jundiaí,Jundiai,Maria Oliveira,Concluída,Financiamento,13/12/2026,carlos.mendes1298@email.com,11999991298
1299,João Santos,29.0,Jundiai,SP,Ninja 400,Kawasaki,Esportiva,2023,"R$ 33.342,00",Moto Center Jundiaí,Jundiai,Carlos Santos,Agendada,Pix,08/12/2026,joão.santos1299@email.com,11999991299
1300,Amanda Rodrigues,69.0,Valinhos,SP,MT-03,Yamaha,Naked,2024,"R$ 29.732,00",Moto Center Valinhos,Valinhos,Carlos Santos,Agendada,Pix,15/12/2026,amanda.rodrigues1300@email.com,11999991300
1301,João Santos,38.0,Jundiai,SP,MT-07,Yamaha,Naked,2024,"R$ 48.448,00",Moto Center Jundiaí,Jundiai,João Silva,Concluída,Pix,27/03/2026,joão.santos1301@email.com,11999991301
1302,Renata Costa,55.0,Vinhedo,SP,PCX 160,Honda,Scooter,2025,"R$ 23.792,00",Moto Center Vinhedo,Vinhedo,Pedro Souza,Agendada,Pix,15/02/2026,renata.costa1302@email.com,11999991302
1303,Juliana Costa,62.0,Valinhos,SP,Versys 650,Kawasaki,Trail,2024,"R$ 47.691,00",Moto Center Valinhos,Valinhos,Carlos Santos,Agendada,Pix,09/07/2026,juliana.costa1303@email.com,11999991303
1304,Mariana Silva,49.0,Valinhos,SP,MT-07,Yamaha,Naked,2024,"R$ 49.302,00",Moto Center Valinhos,Valinhos,Pedro Souza,Agendada,Cartão,02/11/2026,mariana.silva1304@email.com,11999991304
1305,Marcos Pereira,41.0,Valinhos,SP,MT-03,Yamaha,Naked,2024,"R$ 32.895,00",Moto Center Valinhos,Valinhos,João Silva,Concluída,Financiamento,16/07/2026,marcos.pereira1305@email.com,11999991305
1306,Amanda Rodrigues,47.0,Campinas,SP,MT-03,Yamaha,Naked,2024,"R$ 32.764,00",Moto Center Campinas,Campinas,João Silva,Concluída,Cartão,19/11/2026,amanda.rodrigues1306@email.com,11999991306
1307,Ana Souza,61.0,Vinhedo,SP,MT-07,Yamaha,Naked,2024,"R$ 50.867,00",Moto Center Vinhedo,Vinhedo,João Silva,Cancelada,Financiamento,23/06/2026,ana.souza1307@email.com,11999991307
1308,Ana Souza,46.0,Campinas,SP,CB 500F,Honda,Naked,2024,"R$ 42.215,00",Moto Center Campinas,Campinas,Pedro Souza,Cancelada,Pix,14/08/2026,ana.souza1308@email.com,11999991308
1309,Pedro Oliveira,57.0,Campinas,SP,MT-07,Yamaha,Naked,2024,"R$ 49.932,00",Moto Center Campinas,Campinas,João Silva,Cancelada,Pix,04/09/2026,pedro.oliveira1309@email.com,11999991309
1310,Juliana Costa,57.0,Campinas,SP,CB 500F,Honda,Naked,2024,"R$ 45.340,00",Moto Center Campinas,Campinas,Carlos Santos,Concluída,Cartão,20/04/2026,juliana.costa1310@email.com,11999991310
1311,Lucas Ferreira,33.0,Campinas,SP,CB 650R,Honda,Naked,2024,"R$ 50.373,00",Moto Center Campinas,Campinas,Carlos Santos,Concluída,Pix,21/08/2026,lucas.ferreira1311@email.com,11999991311
1312,Fernanda Alves,39.0,Jundiai,SP,Ninja 400,Kawasaki,Esportiva,2023,"R$ 34.140,00",Moto Center Jundiaí,Jundiai,João Silva,Concluída,Cartão,28/08/2026,fernanda.alves1312@email.com,11999991312
1313,Diego Martins,24.0,Jundiai,SP,CB 650R,Honda,Naked,2024,"R$ 50.801,00",Moto Center Jundiaí,Jundiai,João Silva,Agendada,Pix,09/01/2026,diego.martins1313@email.com,11999991313
1314,Carolina Gomes,53.0,Valinhos,SP,PCX 160,Honda,Scooter,2025,"R$ 20.678,00",Moto Center Valinhos,Valinhos,Carlos Santos,Cancelada,Cartão,01/04/2026,carolina.gomes1314@email.com,11999991314
1315,Bruno Lima,31.0,Valinhos,SP,MT-03,Yamaha,Naked,2024,"R$ 33.777,00",Moto Center Valinhos,Valinhos,Maria Oliveira,Cancelada,Cartão,10/10/2026,bruno.lima1315@email.com,11999991315
1316,Pedro Oliveira,39.0,Jundiai,SP,Ninja 400,Kawasaki,Esportiva,2023,"R$ 35.595,00",Moto Center Jundiaí,Jundiai,João Silva,Cancelada,Cartão,10/02/2026,pedro.oliveira1316@email.com,11999991316
1317,Lucas Ferreira,68.0,Campinas,SP,Ninja 400,Kawasaki,Esportiva,2023,"R$ 37.472,00",Moto Center Campinas,Campinas,Carlos Santos,Cancelada,Financiamento,07/08/2026,lucas.ferreira1317@email.com,11999991317
1318,Juliana Costa,42.0,Valinhos,SP,CB 500F,Honda,Naked,2024,"R$ 39.525,00",Moto Center Valinhos,Valinhos,João Silva,Cancelada,Cartão,23/06/2026,juliana.costa1318@email.com,11999991318
1319,Pedro Oliveira,63.0,Jundiai,SP,CB 500F,Honda,Naked,2024,"R$ 43.449,00",Moto Center Jundiaí,Jundiai,Pedro Souza,Agendada,Pix,05/06/2026,pedro.oliveira1319@email.com,11999991319
1320,Carolina Gomes,63.0,Campinas,SP,MT-07,Yamaha,Naked,2024,"R$ 52.889,00",Moto Center Campinas,Campinas,Maria Oliveira,Concluída,Financiamento,03/05/2026,carolina.gomes1320@email.com,11999991320
1321,Bruno Lima,44.0,Campinas,SP,MT-03,Yamaha,Naked,2024,"R$ 30.124,00",Moto Center Campinas,Campinas,João Silva,Agendada,Cartão,06/08/2026,bruno.lima1321@email.com,11999991321
1322,Diego Martins,71.0,Campinas,SP,PCX 160,Honda,Scooter,2025,"R$ 19.368,00",Moto Center Campinas,Campinas,Pedro Souza,Concluída,Financiamento,17/01/2026,diego.martins1322@email.com,11999991322
1323,Ana Souza,51.0,Valinhos,SP,PCX 160,Honda,Scooter,2025,"R$ 20.721,00",Moto Center Valinhos,Valinhos,João Silva,Cancelada,Financiamento,07/09/2026,ana.souza1323@email.com,11999991323
1324,Juliana Costa,62.0,Campinas,SP,CB 500F,Honda,Naked,2024,"R$ 40.185,00",Moto Center Campinas,Campinas,João Silva,Agendada,Pix,21/07/2026,juliana.costa1324@email.com,11999991324
1325,Mariana Silva,64.0,Valinhos,SP,PCX 160,Honda,Scooter,2025,"R$ 21.282,00",Moto Center Valinhos,Valinhos,João Silva,Agendada,Pix,19/02/2026,mariana.silva1325@email.com,11999991325
1326,Juliana Costa,28.0,Valinhos,SP,CB 650R,Honda,Naked,2024,"R$ 53.774,00",Moto Center Valinhos,Valinhos,Carlos Santos,Agendada,Cartão,16/01/2026,juliana.costa1326@email.com,11999991326
1327,Carolina Gomes,35.0,Valinhos,SP,Versys 650,Kawasaki,Trail,2024,"R$ 51.412,00",Moto Center Valinhos,Valinhos,João Silva,Concluída,Pix,11/08/2026,carolina.gomes1327@email.com,11999991327
1328,Diego Martins,33.0,Valinhos,SP,CB 650R,Honda,Naked,2024,"R$ 55.574,00",Moto Center Valinhos,Valinhos,Carlos Santos,Concluída,Financiamento,27/02/2026,diego.martins1328@email.com,11999991328
1329,Mariana Silva,39.0,Vinhedo,SP,CB 650R,Honda,Naked,2024,"R$ 53.515,00",Moto Center Vinhedo,Vinhedo,João Silva,Agendada,Cartão,07/05/2026,mariana.silva1329@email.com,11999991329
1330,João Santos,35.0,Vinhedo,SP,Ninja 400,Kawasaki,Esportiva,2023,"R$ 35.609,00",Moto Center Vinhedo,Vinhedo,Carlos Santos,Agendada,Cartão,04/05/2026,joão.santos1330@email.com,11999991330
1331,João Santos,67.0,Valinhos,SP,PCX 160,Honda,Scooter,2025,"R$ 18.725,00",Moto Center Valinhos,Valinhos,Maria Oliveira,Concluída,Financiamento,13/07/2026,joão.santos1331@email.com,11999991331
1332,Juliana Costa,33.0,Vinhedo,SP,Ninja 400,Kawasaki,Esportiva,2023,"R$ 35.920,00",Moto Center Vinhedo,Vinhedo,Maria Oliveira,Cancelada,Financiamento,24/10/2026,juliana.costa1332@email.com,11999991332
1333,Carolina Gomes,55.0,Valinhos,SP,CB 650R,Honda,Naked,2024,"R$ 50.081,00",Moto Center Valinhos,Valinhos,Maria Oliveira,Agendada,Financiamento,21/08/2026,carolina.gomes1333@email.com,11999991333
1334,Juliana Costa,45.0,Campinas,SP,MT-03,Yamaha,Naked,2024,"R$ 31.452,00",Moto Center Campinas,Campinas,Carlos Santos,Cancelada,Pix,15/05/2026,juliana.costa1334@email.com,11999991334
1335,Mariana Silva,48.0,Campinas,SP,MT-07,Yamaha,Naked,2024,"R$ 47.956,00",Moto Center Campinas,Campinas,Carlos Santos,Concluída,Cartão,22/02/2026,mariana.silva1335@email.com,11999991335
1336,Ana Souza,34.0,Campinas,SP,PCX 160,Honda,Scooter,2025,"R$ 23.919,00",Moto Center Campinas,Campinas,João Silva,Cancelada,Cartão,07/03/2026,ana.souza1336@email.com,11999991336
1337,Ana Souza,64.0,Campinas,SP,CB 650R,Honda,Naked,2024,"R$ 50.971,00",Moto Center Campinas,Campinas,Maria Oliveira,Concluída,Financiamento,24/08/2026,ana.souza1337@email.com,11999991337
1338,Renata Costa,67.0,Vinhedo,SP,MT-07,Yamaha,Naked,2024,"R$ 52.599,00",Moto Center Vinhedo,Vinhedo,Carlos Santos,Cancelada,Financiamento,28/03/2026,renata.costa1338@email.com,11999991338
1339,Diego Martins,67.0,Campinas,SP,MT-07,Yamaha,Naked,2024,"R$ 48.062,00",Moto Center Campinas,Campinas,Maria Oliveira,Concluída,Pix,11/07/2026,diego.martins1339@email.com,11999991339
1340,Marcos Pereira,70.0,Campinas,SP,Ninja 400,Kawasaki,Esportiva,2023,"R$ 36.199,00",Moto Center Campinas,Campinas,João Silva,Cancelada,Pix,02/08/2026,marcos.pereira1340@email.com,11999991340
1341,Carlos Mendes,32.0,Vinhedo,SP,MT-03,Yamaha,Naked,2024,"R$ 34.453,00",Moto Center Vinhedo,Vinhedo,Pedro Souza,Concluída,Financiamento,22/08/2026,carlos.mendes1341@email.com,11999991341
1342,Lucas Ferreira,73.0,Valinhos,SP,MT-03,Yamaha,Naked,2024,"R$ 30.622,00",Moto Center Valinhos,Valinhos,Carlos Santos,Agendada,Cartão,15/05/2026,lucas.ferreira1342@email.com,11999991342
1343,Mariana Silva,31.0,Valinhos,SP,CB 650R,Honda,Naked,2024,"R$ 53.198,00",Moto Center Valinhos,Valinhos,Maria Oliveira,Concluída,Pix,15/11/2026,mariana.silva1343@email.com,11999991343
1344,Lucas Ferreira,58.0,Vinhedo,SP,CB 500F,Honda,Naked,2024,"R$ 45.406,00",Moto Center Vinhedo,Vinhedo,Pedro Souza,Concluída,Cartão,23/06/2026,lucas.ferreira1344@email.com,11999991344
1345,Carolina Gomes,,Valinhos,SP,MT-03,Yamaha,Naked,2024,"R$ 33.011,00",Moto Center Valinhos,Valinhos,Carlos Santos,Cancelada,Cartão,09/03/2026,carolina.gomes1345@email.com,11999991345
1346,Marcos Pereira,65.0,Jundiai,SP,Versys 650,Kawasaki,Trail,2024,"R$ 50.625,00",Moto Center Jundiaí,Jundiai,Maria Oliveira,Concluída,Financiamento,21/12/2026,marcos.pereira1346@email.com,11999991346
1347,Lucas Ferreira,26.0,Vinhedo,SP,CB 650R,Honda,Naked,2024,"R$ 50.719,00",Moto Center Vinhedo,Vinhedo,Carlos Santos,Agendada,Financiamento,27/12/2026,lucas.ferreira1347@email.com,11999991347
1348,Ana Souza,43.0,Jundiai,SP,Versys 650,Kawasaki,Trail,2024,"R$ 50.226,00",Moto Center Jundiaí,Jundiai,Carlos Santos,Cancelada,Financiamento,11/02/2026,ana.souza1348@email.com,11999991348
1349,Renata Costa,26.0,Vinhedo,SP,MT-03,Yamaha,Naked,2024,"R$ 32.292,00",Moto Center Vinhedo,Vinhedo,João Silva,Concluída,Pix,06/05/2026,renata.costa1349@email.com,11999991349
1350,Thiago Alves,46.0,Valinhos,SP,MT-07,Yamaha,Naked,2024,"R$ 51.565,00",Moto Center Valinhos,Valinhos,Pedro Souza,Cancelada,Pix,08/09/2026,thiago.alves1350@email.com,11999991350
1351,Amanda Rodrigues,62.0,Campinas,SP,CB 500F,Honda,Naked,2024,"R$ 45.036,00",Moto Center Campinas,Campinas,Maria Oliveira,Cancelada,Pix,09/08/2026,amanda.rodrigues1351@email.com,11999991351
1352,Thiago Alves,56.0,Campinas,SP,CB 500F,Honda,Naked,2024,"R$ 41.269,00",Moto Center Campinas,Campinas,Maria Oliveira,Concluída,Financiamento,03/06/2026,thiago.alves1352@email.com,11999991352
1353,Juliana Costa,48.0,Jundiai,SP,PCX 160,Honda,Scooter,2025,"R$ 23.944,00",Moto Center Jundiaí,Jundiai,João Silva,Agendada,Financiamento,28/02/2026,juliana.costa1353@email.com,11999991353
1354,Renata Costa,49.0,Campinas,SP,MT-07,Yamaha,Naked,2024,"R$ 49.000,00",Moto Center Campinas,Campinas,João Silva,Agendada,Cartão,14/12/2026,renata.costa1354@email.com,11999991354
1355,Diego Martins,71.0,Jundiai,SP,MT-03,Yamaha,Naked,2024,"R$ 35.188,00",Moto Center Jundiaí,Jundiai,João Silva,Cancelada,Cartão,11/06/2026,diego.martins1355@email.com,11999991355
1356,Fernanda Alves,19.0,Campinas,SP,PCX 160,Honda,Scooter,2025,"R$ 21.183,00",Moto Center Campinas,Campinas,Carlos Santos,Concluída,Financiamento,17/10/2026,fernanda.alves1356@email.com,11999991356
1357,Fernanda Alves,35.0,Campinas,SP,CB 650R,Honda,Naked,2024,"R$ 51.625,00",Moto Center Campinas,Campinas,Carlos Santos,Concluída,Pix,20/01/2026,fernanda.alves1357@email.com,11999991357
1358,Ana Souza,29.0,Campinas,SP,MT-03,Yamaha,Naked,2024,"R$ 32.442,00",Moto Center Campinas,Campinas,Carlos Santos,Cancelada,Financiamento,09/01/2026,ana.souza1358@email.com,11999991358
1359,João Santos,56.0,Vinhedo,SP,CB 500F,Honda,Naked,2024,"R$ 45.177,00",Moto Center Vinhedo,Vinhedo,Pedro Souza,Agendada,Financiamento,13/05/2026,joão.santos1359@email.com,11999991359
1360,Carlos Mendes,40.0,Valinhos,SP,MT-03,Yamaha,Naked,2024,"R$ 32.435,00",Moto Center Valinhos,Valinhos,Pedro Souza,Concluída,Financiamento,15/01/2026,carlos.mendes1360@email.com,11999991360
1361,Carolina Gomes,18.0,Jundiai,SP,Ninja 400,Kawasaki,Esportiva,2023,"R$ 38.341,00",Moto Center Jundiaí,Jundiai,João Silva,Concluída,Pix,15/03/2026,carolina.gomes1361@email.com,11999991361
1362,Diego Martins,41.0,Jundiai,SP,CB 650R,Honda,Naked,2024,"R$ 50.252,00",Moto Center Jundiaí,Jundiai,Carlos Santos,Cancelada,Cartão,05/03/2026,diego.martins1362@email.com,11999991362
1363,Juliana Costa,45.0,Valinhos,SP,Versys 650,Kawasaki,Trail,2024,"R$ 49.409,00",Moto Center Valinhos,Valinhos,Maria Oliveira,Concluída,Cartão,26/02/2026,juliana.costa1363@email.com,11999991363
1364,Juliana Costa,74.0,Campinas,SP,MT-07,Yamaha,Naked,2024,"R$ 48.234,00",Moto Center Campinas,Campinas,Carlos Santos,Concluída,Financiamento,25/12/2026,juliana.costa1364@email.com,11999991364
1365,Renata Costa,53.0,Valinhos,SP,MT-07,Yamaha,Naked,2024,"R$ 49.453,00",Moto Center Valinhos,Valinhos,Carlos Santos,Cancelada,Financiamento,04/05/2026,renata.costa1365@email.com,11999991365
1366,Juliana Costa,61.0,Valinhos,SP,Ninja 400,Kawasaki,Esportiva,2023,"R$ 36.705,00",Moto Center Valinhos,Valinhos,João Silva,Agendada,Pix,20/02/2026,juliana.costa1366@email.com,11999991366
1367,Pedro Oliveira,30.0,Campinas,SP,CB 650R,Honda,Naked,2024,"R$ 50.565,00",Moto Center Campinas,Campinas,Pedro Souza,Cancelada,Cartão,11/04/2026,pedro.oliveira1367@email.com,11999991367
1368,Ana Souza,19.0,Vinhedo,SP,Versys 650,Kawasaki,Trail,2024,"R$ 49.732,00",Moto Center Vinhedo,Vinhedo,João Silva,Concluída,Pix,10/12/2026,ana.souza1368@email.com,11999991368
1369,Renata Costa,63.0,Valinhos,SP,PCX 160,Honda,Scooter,2025,"R$ 23.122,00",Moto Center Valinhos,Valinhos,Pedro Souza,Cancelada,Cartão,05/12/2026,renata.costa1369@email.com,11999991369
1370,Mariana Silva,63.0,Campinas,SP,CB 650R,Honda,Naked,2024,"R$ 50.713,00",Moto Center Campinas,Campinas,Pedro Souza,Agendada,Financiamento,17/01/2026,mariana.silva1370@email.com,11999991370
1371,Renata Costa,19.0,Valinhos,SP,MT-03,Yamaha,Naked,2024,"R$ 30.229,00",Moto Center Valinhos,Valinhos,João Silva,Agendada,Cartão,10/01/2026,renata.costa1371@email.com,11999991371
1372,Carolina Gomes,49.0,Vinhedo,SP,MT-03,Yamaha,Naked,2024,"R$ 29.614,00",Moto Center Vinhedo,Vinhedo,João Silva,Concluída,Cartão,18/02/2026,carolina.gomes1372@email.com,11999991372
1373,Thiago Alves,47.0,Vinhedo,SP,PCX 160,Honda,Scooter,2025,"R$ 18.866,00",Moto Center Vinhedo,Vinhedo,João Silva,Concluída,Financiamento,09/03/2026,thiago.alves1373@email.com,11999991373
1374,Bruno Lima,28.0,Jundiai,SP,PCX 160,Honda,Scooter,2025,"R$ 23.732,00",Moto Center Jundiaí,Jundiai,Maria Oliveira,Concluída,Cartão,01/05/2026,bruno.lima1374@email.com,11999991374
1375,João Santos,63.0,Vinhedo,SP,Versys 650,Kawasaki,Trail,2024,"R$ 48.915,00",Moto Center Vinhedo,Vinhedo,Carlos Santos,Concluída,Pix,26/10/2026,joão.santos1375@email.com,11999991375
1376,Lucas Ferreira,44.0,Vinhedo,SP,PCX 160,Honda,Scooter,2025,"R$ 22.209,00",Moto Center Vinhedo,Vinhedo,Pedro Souza,Cancelada,Cartão,19/05/2026,lucas.ferreira1376@email.com,11999991376
1377,Juliana Costa,43.0,Vinhedo,SP,CB 500F,Honda,Naked,2024,"R$ 43.026,00",Moto Center Vinhedo,Vinhedo,Maria Oliveira,Concluída,Pix,08/12/2026,juliana.costa1377@email.com,11999991377
1378,Bruno Lima,44.0,Valinhos,SP,PCX 160,Honda,Scooter,2025,"R$ 23.468,00",Moto Center Valinhos,Valinhos,Maria Oliveira,Concluída,Pix,06/07/2026,bruno.lima1378@email.com,11999991378
1379,Bruno Lima,56.0,Jundiai,SP,Ninja 400,Kawasaki,Esportiva,2023,"R$ 33.130,00",Moto Center Jundiaí,Jundiai,Pedro Souza,Agendada,Cartão,19/12/2026,bruno.lima1379@email.com,11999991379
1380,Mariana Silva,44.0,Vinhedo,SP,Ninja 400,Kawasaki,Esportiva,2023,"R$ 37.770,00",Moto Center Vinhedo,Vinhedo,Carlos Santos,Agendada,Cartão,10/05/2026,mariana.silva1380@email.com,11999991380
1381,Pedro Oliveira,52.0,Jundiai,SP,Ninja 400,Kawasaki,Esportiva,2023,"R$ 37.327,00",Moto Center Jundiaí,Jundiai,Carlos Santos,Agendada,Financiamento,14/09/2026,pedro.oliveira1381@email.com,11999991381
1382,Diego Martins,32.0,Valinhos,SP,Ninja 400,Kawasaki,Esportiva,2023,"R$ 35.425,00",Moto Center Valinhos,Valinhos,João Silva,Concluída,Pix,22/02/2026,diego.martins1382@email.com,11999991382
1383,Bruno Lima,69.0,Vinhedo,SP,Versys 650,Kawasaki,Trail,2024,"R$ 48.470,00",Moto Center Vinhedo,Vinhedo,João Silva,Cancelada,Cartão,13/11/2026,bruno.lima1383@email.com,11999991383
1384,Ana Souza,19.0,Vinhedo,SP,CB 500F,Honda,Naked,2024,"R$ 40.212,00",Moto Center Vinhedo,Vinhedo,João Silva,Concluída,Financiamento,02/01/2026,ana.souza1384@email.com,11999991384
1385,Lucas Ferreira,53.0,Jundiai,SP,MT-07,Yamaha,Naked,2024,"R$ 52.502,00",Moto Center Jundiaí,Jundiai,Pedro Souza,Agendada,Pix,06/10/2026,lucas.ferreira1385@email.com,11999991385
1386,Mariana Silva,18.0,Valinhos,SP,Versys 650,Kawasaki,Trail,2024,"R$ 52.691,00",Moto Center Valinhos,Valinhos,Maria Oliveira,Agendada,Pix,20/09/2026,mariana.silva1386@email.com,11999991386
1387,Ana Souza,20.0,Valinhos,SP,CB 500F,Honda,Naked,2024,"R$ 41.627,00",Moto Center Valinhos,Valinhos,Pedro Souza,Agendada,Cartão,11/06/2026,ana.souza1387@email.com,11999991387
1388,Diego Martins,48.0,Vinhedo,SP,CB 500F,Honda,Naked,2024,"R$ 45.400,00",Moto Center Vinhedo,Vinhedo,João Silva,Agendada,Cartão,13/12/2026,diego.martins1388@email.com,11999991388
1389,Carolina Gomes,32.0,Campinas,SP,CB 500F,Honda,Naked,2024,"R$ 40.879,00",Moto Center Campinas,Campinas,João Silva,Cancelada,Cartão,07/06/2026,carolina.gomes1389@email.com,11999991389
1390,Mariana Silva,57.0,Valinhos,SP,MT-03,Yamaha,Naked,2024,"R$ 32.867,00",Moto Center Valinhos,Valinhos,Carlos Santos,Concluída,Cartão,24/09/2026,mariana.silva1390@email.com,11999991390
1391,Bruno Lima,38.0,Jundiai,SP,MT-07,Yamaha,Naked,2024,"R$ 52.566,00",Moto Center Jundiaí,Jundiai,João Silva,Agendada,Pix,28/06/2026,bruno.lima1391@email.com,11999991391
1392,Lucas Ferreira,70.0,Valinhos,SP,MT-07,Yamaha,Naked,2024,"R$ 51.380,00",Moto Center Valinhos,Valinhos,Pedro Souza,Agendada,Cartão,13/07/2026,lucas.ferreira1392@email.com,11999991392
1393,Fernanda Alves,25.0,Valinhos,SP,CB 650R,Honda,Naked,2024,"R$ 51.988,00",Moto Center Valinhos,Valinhos,João Silva,Concluída,Cartão,06/05/2026,fernanda.alves1393@email.com,11999991393
1394,Mariana Silva,64.0,Campinas,SP,PCX 160,Honda,Scooter,2025,"R$ 20.447,00",Moto Center Campinas,Campinas,Pedro Souza,Concluída,Pix,27/01/2026,mariana.silva1394@email.com,11999991394
1395,Diego Martins,55.0,Campinas,SP,MT-03,Yamaha,Naked,2024,"R$ 31.872,00",Moto Center Campinas,Campinas,Pedro Souza,Concluída,Pix,02/05/2026,diego.martins1395@email.com,11999991395
1396,Thiago Alves,,Jundiai,SP,PCX 160,Honda,Scooter,2025,"R$ 23.714,00",Moto Center Jundiaí,Jundiai,Maria Oliveira,Agendada,Pix,12/02/2026,thiago.alves1396@email.com,11999991396
1397,Fernanda Alves,47.0,Jundiai,SP,CB 500F,Honda,Naked,2024,"R$ 40.689,00",Moto Center Jundiaí,Jundiai,João Silva,Concluída,Pix,03/04/2026,fernanda.alves1397@email.com,11999991397
1398,Marcos Pereira,63.0,Valinhos,SP,CB 650R,Honda,Naked,2024,"R$ 52.795,00",Moto Center Valinhos,Valinhos,Maria Oliveira,Agendada,Pix,22/09/2026,marcos.pereira1398@email.com,11999991398
1399,Carlos Mendes,53.0,Vinhedo,SP,MT-03,Yamaha,Naked,2024,"R$ 34.544,00",Moto Center Vinhedo,Vinhedo,Pedro Souza,Cancelada,Pix,09/07/2026,carlos.mendes1399@email.com,11999991399
1400,Thiago Alves,29.0,Valinhos,SP,Versys 650,Kawasaki,Trail,2024,"R$ 51.160,00",Moto Center Valinhos,Valinhos,João Silva,Concluída,Pix,22/03/2026,thiago.alves1400@email.com,11999991400
1401,Thiago Alves,,Jundiai,SP,PCX 160,Honda,Scooter,2025,"R$ 20.471,00",Moto Center Jundiaí,Jundiai,Maria Oliveira,Cancelada,Pix,18/11/2026,thiago.alves1401@email.com,11999991401
1402,Carlos Mendes,18.0,Vinhedo,SP,Ninja 400,Kawasaki,Esportiva,2023,"R$ 37.168,00",Moto Center Vinhedo,Vinhedo,Pedro Souza,Concluída,Cartão,06/03/2026,carlos.mendes1402@email.com,11999991402
1403,Carolina Gomes,63.0,Campinas,SP,MT-07,Yamaha,Naked,2024,"R$ 50.925,00",Moto Center Campinas,Campinas,Maria Oliveira,Concluída,Cartão,12/05/2026,carolina.gomes1403@email.com,11999991403
1404,Juliana Costa,39.0,Campinas,SP,CB 650R,Honda,Naked,2024,"R$ 52.530,00",Moto Center Campinas,Campinas,João Silva,Agendada,Financiamento,27/09/2026,juliana.costa1404@email.com,11999991404
1405,Fernanda Alves,61.0,Jundiai,SP,MT-07,Yamaha,Naked,2024,"R$ 48.335,00",Moto Center Jundiaí,Jundiai,João Silva,Cancelada,Financiamento,18/02/2026,fernanda.alves1405@email.com,11999991405
1406,Juliana Costa,37.0,Jundiai,SP,Versys 650,Kawasaki,Trail,2024,"R$ 46.901,00",Moto Center Jundiaí,Jundiai,Pedro Souza,Concluída,Cartão,17/07/2026,juliana.costa1406@email.com,11999991406
1407,Bruno Lima,53.0,Jundiai,SP,Ninja 400,Kawasaki,Esportiva,2023,"R$ 37.526,00",Moto Center Jundiaí,Jundiai,Pedro Souza,Concluída,Cartão,22/09/2026,bruno.lima1407@email.com,11999991407
1408,Ana Souza,65.0,Jundiai,SP,Ninja 400,Kawasaki,Esportiva,2023,"R$ 35.304,00",Moto Center Jundiaí,Jundiai,Pedro Souza,Agendada,Financiamento,03/11/2026,ana.souza1408@email.com,11999991408
1409,Ana Souza,41.0,Campinas,SP,PCX 160,Honda,Scooter,2025,"R$ 21.581,00",Moto Center Campinas,Campinas,Pedro Souza,Concluída,Pix,22/09/2026,ana.souza1409@email.com,11999991409
1410,Marcos Pereira,41.0,Jundiai,SP,Ninja 400,Kawasaki,Esportiva,2023,"R$ 37.769,00",Moto Center Jundiaí,Jundiai,Carlos Santos,Concluída,Financiamento,02/04/2026,marcos.pereira1410@email.com,11999991410
1411,Renata Costa,59.0,Vinhedo,SP,MT-03,Yamaha,Naked,2024,"R$ 33.088,00",Moto Center Vinhedo,Vinhedo,Carlos Santos,Agendada,Pix,12/05/2026,renata.costa1411@email.com,11999991411
1412,Thiago Alves,47.0,Valinhos,SP,PCX 160,Honda,Scooter,2025,"R$ 21.778,00",Moto Center Valinhos,Valinhos,Maria Oliveira,Cancelada,Pix,14/06/2026,thiago.alves1412@email.com,11999991412
1413,Carlos Mendes,37.0,Vinhedo,SP,MT-03,Yamaha,Naked,2024,"R$ 29.539,00",Moto Center Vinhedo,Vinhedo,Carlos Santos,Agendada,Pix,10/09/2026,carlos.mendes1413@email.com,11999991413
1414,Renata Costa,41.0,Campinas,SP,CB 500F,Honda,Naked,2024,"R$ 40.100,00",Moto Center Campinas,Campinas,João Silva,Concluída,Cartão,15/08/2026,renata.costa1414@email.com,11999991414
1415,Fernanda Alves,36.0,Vinhedo,SP,MT-03,Yamaha,Naked,2024,"R$ 31.967,00",Moto Center Vinhedo,Vinhedo,João Silva,Cancelada,Pix,07/04/2026,fernanda.alves1415@email.com,11999991415
1416,Ana Souza,66.0,Valinhos,SP,Versys 650,Kawasaki,Trail,2024,"R$ 47.916,00",Moto Center Valinhos,Valinhos,Maria Oliveira,Agendada,Pix,20/11/2026,ana.souza1416@email.com,11999991416
1417,Carlos Mendes,44.0,Campinas,SP,CB 500F,Honda,Naked,2024,"R$ 44.527,00",Moto Center Campinas,Campinas,Pedro Souza,Cancelada,Pix,15/11/2026,carlos.mendes1417@email.com,11999991417
1418,Lucas Ferreira,18.0,Campinas,SP,CB 650R,Honda,Naked,2024,"R$ 53.955,00",Moto Center Campinas,Campinas,Carlos Santos,Cancelada,Financiamento,24/12/2026,lucas.ferreira1418@email.com,11999991418
1419,Juliana Costa,18.0,Valinhos,SP,Ninja 400,Kawasaki,Esportiva,2023,"R$ 37.018,00",Moto Center Valinhos,Valinhos,Carlos Santos,Concluída,Pix,28/03/2026,juliana.costa1419@email.com,11999991419
1420,Thiago Alves,33.0,Valinhos,SP,MT-07,Yamaha,Naked,2024,"R$ 51.069,00",Moto Center Valinhos,Valinhos,Pedro Souza,Cancelada,Cartão,04/06/2026,thiago.alves1420@email.com,11999991420
1421,Carlos Mendes,26.0,Valinhos,SP,PCX 160,Honda,Scooter,2025,"R$ 22.995,00",Moto Center Valinhos,Valinhos,João Silva,Cancelada,Financiamento,25/05/2026,carlos.mendes1421@email.com,11999991421
1422,Ana Souza,45.0,Campinas,SP,PCX 160,Honda,Scooter,2025,"R$ 22.528,00",Moto Center Campinas,Campinas,João Silva,Cancelada,Cartão,07/10/2026,ana.souza1422@email.com,11999991422
1423,Amanda Rodrigues,32.0,Valinhos,SP,PCX 160,Honda,Scooter,2025,"R$ 21.695,00",Moto Center Valinhos,Valinhos,Pedro Souza,Concluída,Financiamento,05/07/2026,amanda.rodrigues1423@email.com,11999991423
1424,Thiago Alves,,Campinas,SP,Ninja 400,Kawasaki,Esportiva,2023,"R$ 35.508,00",Moto Center Campinas,Campinas,Carlos Santos,Concluída,Cartão,06/02/2026,thiago.alves1424@email.com,11999991424
1425,Marcos Pereira,49.0,Valinhos,SP,Versys 650,Kawasaki,Trail,2024,"R$ 52.197,00",Moto Center Valinhos,Valinhos,Carlos Santos,Concluída,Pix,17/01/2026,marcos.pereira1425@email.com,11999991425
1426,Marcos Pereira,65.0,Vinhedo,SP,Versys 650,Kawasaki,Trail,2024,"R$ 47.273,00",Moto Center Vinhedo,Vinhedo,Carlos Santos,Concluída,Financiamento,16/03/2026,marcos.pereira1426@email.com,11999991426
1427,Marcos Pereira,43.0,Jundiai,SP,Ninja 400,Kawasaki,Esportiva,2023,"R$ 37.427,00",Moto Center Jundiaí,Jundiai,Maria Oliveira,Agendada,Cartão,03/11/2026,marcos.pereira1427@email.com,11999991427
1428,Renata Costa,41.0,Jundiai,SP,MT-07,Yamaha,Naked,2024,"R$ 51.667,00",Moto Center Jundiaí,Jundiai,Pedro Souza,Cancelada,Cartão,26/04/2026,renata.costa1428@email.com,11999991428
1429,Pedro Oliveira,44.0,Vinhedo,SP,CB 500F,Honda,Naked,2024,"R$ 41.412,00",Moto Center Vinhedo,Vinhedo,João Silva,Concluída,Cartão,09/04/2026,pedro.oliveira1429@email.com,11999991429
1430,Amanda Rodrigues,47.0,Valinhos,SP,MT-03,Yamaha,Naked,2024,"R$ 35.297,00",Moto Center Valinhos,Valinhos,Maria Oliveira,Agendada,Pix,25/08/2026,amanda.rodrigues1430@email.com,11999991430
1431,Lucas Ferreira,54.0,Campinas,SP,PCX 160,Honda,Scooter,2025,"R$ 23.897,00",Moto Center Campinas,Campinas,João Silva,Cancelada,Financiamento,24/09/2026,lucas.ferreira1431@email.com,11999991431
1432,Marcos Pereira,,Campinas,SP,CB 650R,Honda,Naked,2024,"R$ 54.399,00",Moto Center Campinas,Campinas,Maria Oliveira,Cancelada,Cartão,14/12/2026,marcos.pereira1432@email.com,11999991432
1433,Juliana Costa,71.0,Campinas,SP,CB 650R,Honda,Naked,2024,"R$ 55.532,00",Moto Center Campinas,Campinas,Pedro Souza,Agendada,Financiamento,18/12/2026,juliana.costa1433@email.com,11999991433
1434,Lucas Ferreira,60.0,Jundiai,SP,Versys 650,Kawasaki,Trail,2024,"R$ 51.798,00",Moto Center Jundiaí,Jundiai,João Silva,Concluída,Pix,09/04/2026,lucas.ferreira1434@email.com,11999991434
1435,Carolina Gomes,42.0,Jundiai,SP,PCX 160,Honda,Scooter,2025,"R$ 20.959,00",Moto Center Jundiaí,Jundiai,João Silva,Cancelada,Cartão,02/03/2026,carolina.gomes1435@email.com,11999991435
1436,João Santos,33.0,Valinhos,SP,MT-07,Yamaha,Naked,2024,"R$ 52.149,00",Moto Center Valinhos,Valinhos,Carlos Santos,Cancelada,Pix,08/07/2026,joão.santos1436@email.com,11999991436
1437,Amanda Rodrigues,38.0,Valinhos,SP,CB 650R,Honda,Naked,2024,"R$ 50.093,00",Moto Center Valinhos,Valinhos,Pedro Souza,Cancelada,Pix,02/05/2026,amanda.rodrigues1437@email.com,11999991437
1438,Bruno Lima,54.0,Valinhos,SP,Ninja 400,Kawasaki,Esportiva,2023,"R$ 33.733,00",Moto Center Valinhos,Valinhos,João Silva,Agendada,Financiamento,12/06/2026,bruno.lima1438@email.com,11999991438
1439,Carolina Gomes,41.0,Valinhos,SP,Versys 650,Kawasaki,Trail,2024,"R$ 52.245,00",Moto Center Valinhos,Valinhos,Carlos Santos,Agendada,Cartão,22/09/2026,carolina.gomes1439@email.com,11999991439
1440,Thiago Alves,49.0,Jundiai,SP,MT-03,Yamaha,Naked,2024,"R$ 31.942,00",Moto Center Jundiaí,Jundiai,Pedro Souza,Concluída,Financiamento,14/04/2026,thiago.alves1440@email.com,11999991440
1441,Amanda Rodrigues,43.0,Jundiai,SP,CB 650R,Honda,Naked,2024,"R$ 52.320,00",Moto Center Jundiaí,Jundiai,Maria Oliveira,Concluída,Financiamento,01/09/2026,amanda.rodrigues1441@email.com,11999991441
1442,Juliana Costa,75.0,Vinhedo,SP,MT-03,Yamaha,Naked,2024,"R$ 31.967,00",Moto Center Vinhedo,Vinhedo,Carlos Santos,Concluída,Pix,19/07/2026,juliana.costa1442@email.com,11999991442
1443,Carolina Gomes,44.0,Jundiai,SP,MT-07,Yamaha,Naked,2024,"R$ 48.148,00",Moto Center Jundiaí,Jundiai,João Silva,Cancelada,Cartão,09/06/2026,carolina.gomes1443@email.com,11999991443
1444,Thiago Alves,45.0,Vinhedo,SP,MT-03,Yamaha,Naked,2024,"R$ 32.791,00",Moto Center Vinhedo,Vinhedo,João Silva,Cancelada,Financiamento,23/12/2026,thiago.alves1444@email.com,11999991444
1445,Lucas Ferreira,73.0,Valinhos,SP,CB 500F,Honda,Naked,2024,"R$ 43.620,00",Moto Center Valinhos,Valinhos,Maria Oliveira,Concluída,Pix,09/05/2026,lucas.ferreira1445@email.com,11999991445
1446,Ana Souza,42.0,Valinhos,SP,CB 500F,Honda,Naked,2024,"R$ 44.637,00",Moto Center Valinhos,Valinhos,Maria Oliveira,Agendada,Financiamento,13/06/2026,ana.souza1446@email.com,11999991446
1447,Amanda Rodrigues,57.0,Vinhedo,SP,Ninja 400,Kawasaki,Esportiva,2023,"R$ 36.891,00",Moto Center Vinhedo,Vinhedo,Maria Oliveira,Cancelada,Pix,11/10/2026,amanda.rodrigues1447@email.com,11999991447
1448,Pedro Oliveira,75.0,Jundiai,SP,MT-03,Yamaha,Naked,2024,"R$ 29.547,00",Moto Center Jundiaí,Jundiai,Carlos Santos,Agendada,Pix,05/06/2026,pedro.oliveira1448@email.com,11999991448
1449,Thiago Alves,62.0,Vinhedo,SP,PCX 160,Honda,Scooter,2025,"R$ 19.442,00",Moto Center Vinhedo,Vinhedo,Carlos Santos,Agendada,Financiamento,05/10/2026,thiago.alves1449@email.com,11999991449
1450,Pedro Oliveira,70.0,Valinhos,SP,MT-07,Yamaha,Naked,2024,"R$ 51.621,00",Moto Center Valinhos,Valinhos,Pedro Souza,Agendada,Cartão,28/02/2026,pedro.oliveira1450@email.com,11999991450
1451,Pedro Oliveira,35.0,Vinhedo,SP,Ninja 400,Kawasaki,Esportiva,2023,"R$ 36.527,00",Moto Center Vinhedo,Vinhedo,Carlos Santos,Agendada,Cartão,04/12/2026,pedro.oliveira1451@email.com,11999991451
1452,Bruno Lima,50.0,Campinas,SP,MT-07,Yamaha,Naked,2024,"R$ 48.973,00",Moto Center Campinas,Campinas,João Silva,Concluída,Pix,25/03/2026,bruno.lima1452@email.com,11999991452
1453,Lucas Ferreira,55.0,Valinhos,SP,Versys 650,Kawasaki,Trail,2024,"R$ 49.054,00",Moto Center Valinhos,Valinhos,Carlos Santos,Agendada,Pix,14/11/2026,lucas.ferreira1453@email.com,11999991453
1454,Mariana Silva,68.0,Campinas,SP,CB 500F,Honda,Naked,2024,"R$ 44.216,00",Moto Center Campinas,Campinas,João Silva,Cancelada,Pix,16/07/2026,mariana.silva1454@email.com,11999991454
1455,Bruno Lima,21.0,Jundiai,SP,PCX 160,Honda,Scooter,2025,"R$ 23.679,00",Moto Center Jundiaí,Jundiai,Maria Oliveira,Cancelada,Pix,17/08/2026,bruno.lima1455@email.com,11999991455
1456,Thiago Alves,65.0,Valinhos,SP,MT-03,Yamaha,Naked,2024,"R$ 29.995,00",Moto Center Valinhos,Valinhos,João Silva,Agendada,Financiamento,12/01/2026,thiago.alves1456@email.com,11999991456
1457,Juliana Costa,,Valinhos,SP,MT-03,Yamaha,Naked,2024,"R$ 30.504,00",Moto Center Valinhos,Valinhos,Carlos Santos,Cancelada,Pix,11/04/2026,juliana.costa1457@email.com,11999991457
1458,Renata Costa,38.0,Valinhos,SP,CB 500F,Honda,Naked,2024,"R$ 41.228,00",Moto Center Valinhos,Valinhos,Carlos Santos,Cancelada,Financiamento,13/09/2026,renata.costa1458@email.com,11999991458
1459,Diego Martins,59.0,Jundiai,SP,MT-03,Yamaha,Naked,2024,"R$ 31.438,00",Moto Center Jundiaí,Jundiai,João Silva,Agendada,Pix,20/09/2026,diego.martins1459@email.com,11999991459
1460,Bruno Lima,63.0,Campinas,SP,MT-03,Yamaha,Naked,2024,"R$ 31.313,00",Moto Center Campinas,Campinas,Carlos Santos,Cancelada,Cartão,21/11/2026,bruno.lima1460@email.com,11999991460
1461,Renata Costa,57.0,Jundiai,SP,Ninja 400,Kawasaki,Esportiva,2023,"R$ 33.467,00",Moto Center Jundiaí,Jundiai,Pedro Souza,Agendada,Pix,25/02/2026,renata.costa1461@email.com,11999991461
1462,Amanda Rodrigues,20.0,Campinas,SP,Versys 650,Kawasaki,Trail,2024,"R$ 52.783,00",Moto Center Campinas,Campinas,João Silva,Concluída,Cartão,28/12/2026,amanda.rodrigues1462@email.com,11999991462
1463,Ana Souza,59.0,Campinas,SP,MT-03,Yamaha,Naked,2024,"R$ 31.888,00",Moto Center Campinas,Campinas,Carlos Santos,Agendada,Pix,13/03/2026,ana.souza1463@email.com,11999991463
1464,Diego Martins,58.0,Valinhos,SP,MT-03,Yamaha,Naked,2024,"R$ 30.451,00",Moto Center Valinhos,Valinhos,Maria Oliveira,Agendada,Pix,22/07/2026,diego.martins1464@email.com,11999991464
1465,Amanda Rodrigues,29.0,Vinhedo,SP,MT-03,Yamaha,Naked,2024,"R$ 31.896,00",Moto Center Vinhedo,Vinhedo,Maria Oliveira,Agendada,Pix,26/05/2026,amanda.rodrigues1465@email.com,11999991465
1466,Renata Costa,65.0,Campinas,SP,Versys 650,Kawasaki,Trail,2024,"R$ 52.256,00",Moto Center Campinas,Campinas,Carlos Santos,Cancelada,Pix,21/09/2026,renata.costa1466@email.com,11999991466
1467,Diego Martins,35.0,Vinhedo,SP,CB 500F,Honda,Naked,2024,"R$ 42.851,00",Moto Center Vinhedo,Vinhedo,Pedro Souza,Concluída,Cartão,05/03/2026,diego.martins1467@email.com,11999991467
1468,Fernanda Alves,71.0,Valinhos,SP,CB 650R,Honda,Naked,2024,"R$ 55.718,00",Moto Center Valinhos,Valinhos,Carlos Santos,Agendada,Cartão,22/08/2026,fernanda.alves1468@email.com,11999991468
1469,Thiago Alves,65.0,Campinas,SP,PCX 160,Honda,Scooter,2025,"R$ 23.126,00",Moto Center Campinas,Campinas,Pedro Souza,Concluída,Financiamento,20/05/2026,thiago.alves1469@email.com,11999991469
1470,Mariana Silva,49.0,Campinas,SP,Ninja 400,Kawasaki,Esportiva,2023,"R$ 35.141,00",Moto Center Campinas,Campinas,Pedro Souza,Agendada,Cartão,28/05/2026,mariana.silva1470@email.com,11999991470
1471,João Santos,34.0,Vinhedo,SP,MT-03,Yamaha,Naked,2024,"R$ 34.151,00",Moto Center Vinhedo,Vinhedo,Pedro Souza,Concluída,Cartão,17/09/2026,joão.santos1471@email.com,11999991471
1472,Renata Costa,75.0,Jundiai,SP,CB 650R,Honda,Naked,2024,"R$ 55.540,00",Moto Center Jundiaí,Jundiai,João Silva,Concluída,Financiamento,18/07/2026,renata.costa1472@email.com,11999991472
1473,Marcos Pereira,38.0,Vinhedo,SP,MT-03,Yamaha,Naked,2024,"R$ 30.300,00",Moto Center Vinhedo,Vinhedo,Pedro Souza,Concluída,Financiamento,22/01/2026,marcos.pereira1473@email.com,11999991473
1474,Bruno Lima,30.0,Jundiai,SP,Versys 650,Kawasaki,Trail,2024,"R$ 51.020,00",Moto Center Jundiaí,Jundiai,Pedro Souza,Cancelada,Pix,05/01/2026,bruno.lima1474@email.com,11999991474
1475,Thiago Alves,72.0,Vinhedo,SP,CB 650R,Honda,Naked,2024,"R$ 55.341,00",Moto Center Vinhedo,Vinhedo,Carlos Santos,Cancelada,Financiamento,18/04/2026,thiago.alves1475@email.com,11999991475
1476,Juliana Costa,27.0,Valinhos,SP,MT-07,Yamaha,Naked,2024,"R$ 48.431,00",Moto Center Valinhos,Valinhos,João Silva,Cancelada,Pix,09/03/2026,juliana.costa1476@email.com,11999991476
1477,Bruno Lima,53.0,Vinhedo,SP,CB 500F,Honda,Naked,2024,"R$ 43.512,00",Moto Center Vinhedo,Vinhedo,João Silva,Cancelada,Pix,16/09/2026,bruno.lima1477@email.com,11999991477
1478,Diego Martins,29.0,Campinas,SP,CB 500F,Honda,Naked,2024,"R$ 43.210,00",Moto Center Campinas,Campinas,João Silva,Concluída,Financiamento,01/09/2026,diego.martins1478@email.com,11999991478
1479,Diego Martins,47.0,Campinas,SP,Versys 650,Kawasaki,Trail,2024,"R$ 47.210,00",Moto Center Campinas,Campinas,Carlos Santos,Concluída,Cartão,08/07/2026,diego.martins1479@email.com,11999991479
1480,Renata Costa,53.0,Campinas,SP,Versys 650,Kawasaki,Trail,2024,"R$ 51.611,00",Moto Center Campinas,Campinas,Carlos Santos,Cancelada,Financiamento,16/07/2026,renata.costa1480@email.com,11999991480
1481,João Santos,20.0,Campinas,SP,PCX 160,Honda,Scooter,2025,"R$ 20.533,00",Moto Center Campinas,Campinas,Pedro Souza,Concluída,Pix,26/02/2026,joão.santos1481@email.com,11999991481
1482,Renata Costa,56.0,Vinhedo,SP,MT-07,Yamaha,Naked,2024,"R$ 47.187,00",Moto Center Vinhedo,Vinhedo,Carlos Santos,Cancelada,Pix,09/07/2026,renata.costa1482@email.com,11999991482
1483,Bruno Lima,41.0,Valinhos,SP,Versys 650,Kawasaki,Trail,2024,"R$ 47.560,00",Moto Center Valinhos,Valinhos,Carlos Santos,Agendada,Cartão,02/07/2026,bruno.lima1483@email.com,11999991483
1484,Diego Martins,41.0,Campinas,SP,MT-03,Yamaha,Naked,2024,"R$ 30.139,00",Moto Center Campinas,Campinas,Maria Oliveira,Concluída,Cartão,21/11/2026,diego.martins1484@email.com,11999991484
1485,Pedro Oliveira,42.0,Campinas,SP,PCX 160,Honda,Scooter,2025,"R$ 18.730,00",Moto Center Campinas,Campinas,Maria Oliveira,Concluída,Cartão,22/03/2026,pedro.oliveira1485@email.com,11999991485
1486,Fernanda Alves,60.0,Vinhedo,SP,MT-07,Yamaha,Naked,2024,"R$ 47.559,00",Moto Center Vinhedo,Vinhedo,Maria Oliveira,Cancelada,Cartão,01/03/2026,fernanda.alves1486@email.com,11999991486
1487,Bruno Lima,68.0,Vinhedo,SP,PCX 160,Honda,Scooter,2025,"R$ 22.691,00",Moto Center Vinhedo,Vinhedo,João Silva,Concluída,Pix,26/08/2026,bruno.lima1487@email.com,11999991487
1488,Carolina Gomes,58.0,Jundiai,SP,Ninja 400,Kawasaki,Esportiva,2023,"R$ 34.451,00",Moto Center Jundiaí,Jundiai,João Silva,Agendada,Cartão,02/05/2026,carolina.gomes1488@email.com,11999991488
1489,Renata Costa,24.0,Campinas,SP,Versys 650,Kawasaki,Trail,2024,"R$ 52.840,00",Moto Center Campinas,Campinas,Pedro Souza,Agendada,Cartão,25/11/2026,renata.costa1489@email.com,11999991489
1490,Marcos Pereira,75.0,Campinas,SP,MT-07,Yamaha,Naked,2024,"R$ 48.309,00",Moto Center Campinas,Campinas,Carlos Santos,Cancelada,Pix,23/08/2026,marcos.pereira1490@email.com,11999991490
1491,Marcos Pereira,44.0,Vinhedo,SP,Versys 650,Kawasaki,Trail,2024,"R$ 47.134,00",Moto Center Vinhedo,Vinhedo,Carlos Santos,Cancelada,Financiamento,03/05/2026,marcos.pereira1491@email.com,11999991491
1492,Carlos Mendes,71.0,Valinhos,SP,CB 500F,Honda,Naked,2024,"R$ 44.473,00",Moto Center Valinhos,Valinhos,Maria Oliveira,Cancelada,Pix,07/10/2026,carlos.mendes1492@email.com,11999991492
1493,Amanda Rodrigues,63.0,Campinas,SP,Versys 650,Kawasaki,Trail,2024,"R$ 49.664,00",Moto Center Campinas,Campinas,Pedro Souza,Agendada,Financiamento,24/12/2026,amanda.rodrigues1493@email.com,11999991493
1494,Carlos Mendes,21.0,Jundiai,SP,CB 500F,Honda,Naked,2024,"R$ 39.836,00",Moto Center Jundiaí,Jundiai,Pedro Souza,Agendada,Financiamento,06/08/2026,carlos.mendes1494@email.com,11999991494
1495,Fernanda Alves,31.0,Jundiai,SP,Ninja 400,Kawasaki,Esportiva,2023,"R$ 33.812,00",Moto Center Jundiaí,Jundiai,Maria Oliveira,Cancelada,Cartão,06/07/2026,fernanda.alves1495@email.com,11999991495
1496,Renata Costa,,Vinhedo,SP,CB 500F,Honda,Naked,2024,"R$ 43.509,00",Moto Center Vinhedo,Vinhedo,Maria Oliveira,Cancelada,Financiamento,02/06/2026,renata.costa1496@email.com,11999991496
1497,Bruno Lima,32.0,Vinhedo,SP,CB 650R,Honda,Naked,2024,"R$ 51.593,00",Moto Center Vinhedo,Vinhedo,Maria Oliveira,Cancelada,Cartão,20/06/2026,bruno.lima1497@email.com,11999991497
1498,Bruno Lima,75.0,Valinhos,SP,CB 650R,Honda,Naked,2024,"R$ 55.987,00",Moto Center Valinhos,Valinhos,Maria Oliveira,Cancelada,Cartão,06/09/2026,bruno.lima1498@email.com,11999991498
1499,Fernanda Alves,74.0,Jundiai,SP,MT-03,Yamaha,Naked,2024,"R$ 31.930,00",Moto Center Jundiaí,Jundiai,Pedro Souza,Concluída,Pix,09/02/2026,fernanda.alves1499@email.com,11999991499
1500,Pedro Oliveira,29.0,Vinhedo,SP,Ninja 400,Kawasaki,Esportiva,2023,"R$ 35.135,00",Moto Center Vinhedo,Vinhedo,Carlos Santos,Concluída,Pix,10/12/2026,pedro.oliveira1500@email.com,11999991500
1501,Lucas Ferreira,19.0,Jundiai,SP,PCX 160,Honda,Scooter,2025,"R$ 22.219,00",Moto Center Jundiaí,Jundiai,Carlos Santos,Agendada,Pix,04/06/2026,lucas.ferreira1501@email.com,11999991501
1502,Thiago Alves,47.0,Jundiai,SP,PCX 160,Honda,Scooter,2025,"R$ 22.598,00",Moto Center Jundiaí,Jundiai,João Silva,Concluída,Pix,21/07/2026,thiago.alves1502@email.com,11999991502
1503,Carlos Mendes,38.0,Valinhos,SP,MT-07,Yamaha,Naked,2024,"R$ 51.368,00",Moto Center Valinhos,Valinhos,Carlos Santos,Cancelada,Cartão,16/02/2026,carlos.mendes1503@email.com,11999991503
1504,Amanda Rodrigues,47.0,Campinas,SP,Ninja 400,Kawasaki,Esportiva,2023,"R$ 36.289,00",Moto Center Campinas,Campinas,João Silva,Concluída,Financiamento,04/11/2026,amanda.rodrigues1504@email.com,11999991504
1505,Marcos Pereira,35.0,Campinas,SP,MT-07,Yamaha,Naked,2024,"R$ 49.193,00",Moto Center Campinas,Campinas,Maria Oliveira,Agendada,Pix,12/09/2026,marcos.pereira1505@email.com,11999991505
1506,Juliana Costa,58.0,Campinas,SP,MT-03,Yamaha,Naked,2024,"R$ 34.120,00",Moto Center Campinas,Campinas,Maria Oliveira,Concluída,Financiamento,16/02/2026,juliana.costa1506@email.com,11999991506
1507,Bruno Lima,41.0,Campinas,SP,PCX 160,Honda,Scooter,2025,"R$ 24.238,00",Moto Center Campinas,Campinas,Carlos Santos,Concluída,Financiamento,15/12/2026,bruno.lima1507@email.com,11999991507
1508,Fernanda Alves,52.0,Vinhedo,SP,Ninja 400,Kawasaki,Esportiva,2023,"R$ 34.544,00",Moto Center Vinhedo,Vinhedo,Carlos Santos,Concluída,Pix,28/11/2026,fernanda.alves1508@email.com,11999991508
1509,Diego Martins,75.0,Jundiai,SP,MT-07,Yamaha,Naked,2024,"R$ 48.922,00",Moto Center Jundiaí,Jundiai,Pedro Souza,Concluída,Cartão,25/02/2026,diego.martins1509@email.com,11999991509
1510,Bruno Lima,61.0,Valinhos,SP,MT-07,Yamaha,Naked,2024,"R$ 48.993,00",Moto Center Valinhos,Valinhos,Maria Oliveira,Cancelada,Financiamento,11/12/2026,bruno.lima1510@email.com,11999991510
1511,Diego Martins,43.0,Valinhos,SP,MT-07,Yamaha,Naked,2024,"R$ 50.504,00",Moto Center Valinhos,Valinhos,Maria Oliveira,Agendada,Financiamento,20/08/2026,diego.martins1511@email.com,11999991511
1512,Bruno Lima,25.0,Campinas,SP,MT-07,Yamaha,Naked,2024,"R$ 51.035,00",Moto Center Campinas,Campinas,Maria Oliveira,Agendada,Pix,10/11/2026,bruno.lima1512@email.com,11999991512
1513,João Santos,31.0,Valinhos,SP,CB 650R,Honda,Naked,2024,"R$ 51.034,00",Moto Center Valinhos,Valinhos,João Silva,Cancelada,Financiamento,21/09/2026,joão.santos1513@email.com,11999991513
1514,Carolina Gomes,39.0,Vinhedo,SP,PCX 160,Honda,Scooter,2025,"R$ 22.113,00",Moto Center Vinhedo,Vinhedo,João Silva,Agendada,Cartão,26/11/2026,carolina.gomes1514@email.com,11999991514
1515,Carlos Mendes,32.0,Campinas,SP,PCX 160,Honda,Scooter,2025,"R$ 24.397,00",Moto Center Campinas,Campinas,João Silva,Cancelada,Cartão,16/04/2026,carlos.mendes1515@email.com,11999991515
1516,Lucas Ferreira,55.0,Jundiai,SP,Versys 650,Kawasaki,Trail,2024,"R$ 52.858,00",Moto Center Jundiaí,Jundiai,João Silva,Cancelada,Pix,22/02/2026,lucas.ferreira1516@email.com,11999991516
1517,João Santos,30.0,Valinhos,SP,Versys 650,Kawasaki,Trail,2024,"R$ 51.630,00",Moto Center Valinhos,Valinhos,Pedro Souza,Concluída,Cartão,05/09/2026,joão.santos1517@email.com,11999991517
1518,Juliana Costa,24.0,Campinas,SP,PCX 160,Honda,Scooter,2025,"R$ 24.494,00",Moto Center Campinas,Campinas,João Silva,Agendada,Pix,03/07/2026,juliana.costa1518@email.com,11999991518
1519,Marcos Pereira,23.0,Campinas,SP,CB 500F,Honda,Naked,2024,"R$ 41.264,00",Moto Center Campinas,Campinas,João Silva,Cancelada,Pix,08/10/2026,marcos.pereira1519@email.com,11999991519
1520,Lucas Ferreira,22.0,Jundiai,SP,PCX 160,Honda,Scooter,2025,"R$ 24.283,00",Moto Center Jundiaí,Jundiai,Carlos Santos,Concluída,Pix,04/01/2026,lucas.ferreira1520@email.com,11999991520
1521,Carolina Gomes,28.0,Valinhos,SP,MT-03,Yamaha,Naked,2024,"R$ 32.454,00",Moto Center Valinhos,Valinhos,João Silva,Cancelada,Pix,09/07/2026,carolina.gomes1521@email.com,11999991521
1522,Marcos Pereira,57.0,Campinas,SP,CB 650R,Honda,Naked,2024,"R$ 54.969,00",Moto Center Campinas,Campinas,Maria Oliveira,Concluída,Cartão,06/06/2026,marcos.pereira1522@email.com,11999991522
1523,Amanda Rodrigues,20.0,Vinhedo,SP,Ninja 400,Kawasaki,Esportiva,2023,"R$ 36.399,00",Moto Center Vinhedo,Vinhedo,Maria Oliveira,Concluída,Financiamento,25/04/2026,amanda.rodrigues1523@email.com,11999991523
1524,João Santos,22.0,Jundiai,SP,CB 650R,Honda,Naked,2024,"R$ 55.521,00",Moto Center Jundiaí,Jundiai,Maria Oliveira,Concluída,Financiamento,17/09/2026,joão.santos1524@email.com,11999991524
1525,Diego Martins,,Campinas,SP,CB 500F,Honda,Naked,2024,"R$ 40.328,00",Moto Center Campinas,Campinas,Pedro Souza,Concluída,Cartão,12/07/2026,diego.martins1525@email.com,11999991525
1526,Ana Souza,74.0,Jundiai,SP,PCX 160,Honda,Scooter,2025,"R$ 20.420,00",Moto Center Jundiaí,Jundiai,João Silva,Agendada,Pix,16/07/2026,ana.souza1526@email.com,11999991526
1527,Thiago Alves,25.0,Campinas,SP,CB 500F,Honda,Naked,2024,"R$ 41.724,00",Moto Center Campinas,Campinas,Pedro Souza,Concluída,Cartão,02/02/2026,thiago.alves1527@email.com,11999991527
1528,Thiago Alves,60.0,Campinas,SP,MT-03,Yamaha,Naked,2024,"R$ 33.988,00",Moto Center Campinas,Campinas,Pedro Souza,Agendada,Cartão,10/09/2026,thiago.alves1528@email.com,11999991528
1529,Carlos Mendes,21.0,Vinhedo,SP,PCX 160,Honda,Scooter,2025,"R$ 19.632,00",Moto Center Vinhedo,Vinhedo,Pedro Souza,Agendada,Cartão,14/09/2026,carlos.mendes1529@email.com,11999991529
1530,Renata Costa,66.0,Jundiai,SP,CB 500F,Honda,Naked,2024,"R$ 43.914,00",Moto Center Jundiaí,Jundiai,João Silva,Cancelada,Financiamento,15/10/2026,renata.costa1530@email.com,11999991530
1531,Mariana Silva,,Campinas,SP,Ninja 400,Kawasaki,Esportiva,2023,"R$ 38.383,00",Moto Center Campinas,Campinas,João Silva,Concluída,Cartão,25/08/2026,mariana.silva1531@email.com,11999991531
1532,Marcos Pereira,43.0,Valinhos,SP,Versys 650,Kawasaki,Trail,2024,"R$ 49.075,00",Moto Center Valinhos,Valinhos,Pedro Souza,Cancelada,Pix,11/07/2026,marcos.pereira1532@email.com,11999991532
1533,Pedro Oliveira,54.0,Jundiai,SP,CB 650R,Honda,Naked,2024,"R$ 54.272,00",Moto Center Jundiaí,Jundiai,Maria Oliveira,Agendada,Financiamento,27/10/2026,pedro.oliveira1533@email.com,11999991533
1534,Carlos Mendes,31.0,Valinhos,SP,MT-03,Yamaha,Naked,2024,"R$ 30.777,00",Moto Center Valinhos,Valinhos,João Silva,Cancelada,Cartão,14/07/2026,carlos.mendes1534@email.com,11999991534
1535,Amanda Rodrigues,71.0,Vinhedo,SP,Versys 650,Kawasaki,Trail,2024,"R$ 47.227,00",Moto Center Vinhedo,Vinhedo,Carlos Santos,Agendada,Cartão,06/12/2026,amanda.rodrigues1535@email.com,11999991535
1536,Fernanda Alves,39.0,Jundiai,SP,PCX 160,Honda,Scooter,2025,"R$ 23.935,00",Moto Center Jundiaí,Jundiai,Carlos Santos,Agendada,Pix,23/07/2026,fernanda.alves1536@email.com,11999991536
1537,Amanda Rodrigues,49.0,Vinhedo,SP,Versys 650,Kawasaki,Trail,2024,"R$ 52.432,00",Moto Center Vinhedo,Vinhedo,Carlos Santos,Agendada,Pix,09/05/2026,amanda.rodrigues1537@email.com,11999991537
1538,Marcos Pereira,25.0,Campinas,SP,CB 500F,Honda,Naked,2024,"R$ 43.469,00",Moto Center Campinas,Campinas,Maria Oliveira,Concluída,Pix,25/07/2026,marcos.pereira1538@email.com,11999991538
1539,Marcos Pereira,33.0,Vinhedo,SP,CB 650R,Honda,Naked,2024,"R$ 51.672,00",Moto Center Vinhedo,Vinhedo,Maria Oliveira,Concluída,Cartão,12/04/2026,marcos.pereira1539@email.com,11999991539
1540,Fernanda Alves,44.0,Campinas,SP,Versys 650,Kawasaki,Trail,2024,"R$ 47.780,00",Moto Center Campinas,Campinas,Maria Oliveira,Concluída,Cartão,19/02/2026,fernanda.alves1540@email.com,11999991540
1541,Amanda Rodrigues,51.0,Campinas,SP,CB 500F,Honda,Naked,2024,"R$ 41.956,00",Moto Center Campinas,Campinas,Pedro Souza,Cancelada,Pix,14/04/2026,amanda.rodrigues1541@email.com,11999991541
1542,Carolina Gomes,48.0,Valinhos,SP,Versys 650,Kawasaki,Trail,2024,"R$ 52.737,00",Moto Center Valinhos,Valinhos,João Silva,Concluída,Financiamento,08/02/2026,carolina.gomes1542@email.com,11999991542
1543,Bruno Lima,25.0,Campinas,SP,Versys 650,Kawasaki,Trail,2024,"R$ 52.284,00",Moto Center Campinas,Campinas,Pedro Souza,Concluída,Cartão,08/11/2026,bruno.lima1543@email.com,11999991543
1544,Diego Martins,39.0,Vinhedo,SP,Ninja 400,Kawasaki,Esportiva,2023,"R$ 37.319,00",Moto Center Vinhedo,Vinhedo,Carlos Santos,Agendada,Cartão,18/08/2026,diego.martins1544@email.com,11999991544
1545,Marcos Pereira,69.0,Jundiai,SP,MT-07,Yamaha,Naked,2024,"R$ 50.487,00",Moto Center Jundiaí,Jundiai,Pedro Souza,Agendada,Financiamento,16/10/2026,marcos.pereira1545@email.com,11999991545
1546,João Santos,57.0,Valinhos,SP,MT-07,Yamaha,Naked,2024,"R$ 47.442,00",Moto Center Valinhos,Valinhos,João Silva,Concluída,Cartão,27/12/2026,joão.santos1546@email.com,11999991546
1547,Lucas Ferreira,51.0,Jundiai,SP,MT-07,Yamaha,Naked,2024,"R$ 48.002,00",Moto Center Jundiaí,Jundiai,Pedro Souza,Concluída,Cartão,17/10/2026,lucas.ferreira1547@email.com,11999991547
1548,João Santos,45.0,Valinhos,SP,MT-07,Yamaha,Naked,2024,"R$ 47.305,00",Moto Center Valinhos,Valinhos,Maria Oliveira,Agendada,Cartão,21/05/2026,joão.santos1548@email.com,11999991548
1549,Amanda Rodrigues,53.0,Vinhedo,SP,MT-03,Yamaha,Naked,2024,"R$ 34.436,00",Moto Center Vinhedo,Vinhedo,Carlos Santos,Agendada,Cartão,08/08/2026,amanda.rodrigues1549@email.com,11999991549
1550,Carolina Gomes,,Jundiai,SP,Versys 650,Kawasaki,Trail,2024,"R$ 48.419,00",Moto Center Jundiaí,Jundiai,João Silva,Concluída,Financiamento,25/08/2026,carolina.gomes1550@email.com,11999991550
1551,João Santos,59.0,Valinhos,SP,MT-03,Yamaha,Naked,2024,"R$ 32.104,00",Moto Center Valinhos,Valinhos,João Silva,Agendada,Financiamento,15/10/2026,joão.santos1551@email.com,11999991551
1552,Diego Martins,18.0,Valinhos,SP,Versys 650,Kawasaki,Trail,2024,"R$ 52.611,00",Moto Center Valinhos,Valinhos,João Silva,Concluída,Pix,09/12/2026,diego.martins1552@email.com,11999991552
1553,Lucas Ferreira,48.0,Vinhedo,SP,MT-07,Yamaha,Naked,2024,"R$ 51.864,00",Moto Center Vinhedo,Vinhedo,Carlos Santos,Concluída,Pix,23/11/2026,lucas.ferreira1553@email.com,11999991553
1554,Juliana Costa,40.0,Campinas,SP,Versys 650,Kawasaki,Trail,2024,"R$ 51.277,00",Moto Center Campinas,Campinas,Maria Oliveira,Cancelada,Cartão,13/12/2026,juliana.costa1554@email.com,11999991554
1555,Pedro Oliveira,41.0,Valinhos,SP,Ninja 400,Kawasaki,Esportiva,2023,"R$ 35.224,00",Moto Center Valinhos,Valinhos,João Silva,Cancelada,Financiamento,20/02/2026,pedro.oliveira1555@email.com,11999991555
1556,Juliana Costa,65.0,Vinhedo,SP,PCX 160,Honda,Scooter,2025,"R$ 22.321,00",Moto Center Vinhedo,Vinhedo,Maria Oliveira,Concluída,Cartão,28/01/2026,juliana.costa1556@email.com,11999991556
1557,Carolina Gomes,67.0,Jundiai,SP,MT-03,Yamaha,Naked,2024,"R$ 32.852,00",Moto Center Jundiaí,Jundiai,Pedro Souza,Agendada,Financiamento,04/08/2026,carolina.gomes1557@email.com,11999991557
1558,Renata Costa,34.0,Vinhedo,SP,Ninja 400,Kawasaki,Esportiva,2023,"R$ 37.266,00",Moto Center Vinhedo,Vinhedo,Carlos Santos,Concluída,Financiamento,05/06/2026,renata.costa1558@email.com,11999991558
1559,Ana Souza,55.0,Campinas,SP,CB 650R,Honda,Naked,2024,"R$ 50.273,00",Moto Center Campinas,Campinas,Pedro Souza,Agendada,Cartão,15/02/2026,ana.souza1559@email.com,11999991559
1560,João Santos,55.0,Jundiai,SP,PCX 160,Honda,Scooter,2025,"R$ 20.984,00",Moto Center Jundiaí,Jundiai,Carlos Santos,Concluída,Cartão,04/02/2026,joão.santos1560@email.com,11999991560
1561,Juliana Costa,56.0,Vinhedo,SP,Ninja 400,Kawasaki,Esportiva,2023,"R$ 37.579,00",Moto Center Vinhedo,Vinhedo,Carlos Santos,Concluída,Cartão,20/08/2026,juliana.costa1561@email.com,11999991561
1562,Lucas Ferreira,73.0,Jundiai,SP,PCX 160,Honda,Scooter,2025,"R$ 20.551,00",Moto Center Jundiaí,Jundiai,Carlos Santos,Cancelada,Cartão,14/11/2026,lucas.ferreira1562@email.com,11999991562
1563,Carlos Mendes,,Campinas,SP,MT-07,Yamaha,Naked,2024,"R$ 47.603,00",Moto Center Campinas,Campinas,Maria Oliveira,Concluída,Pix,15/11/2026,carlos.mendes1563@email.com,11999991563
1564,Juliana Costa,65.0,Vinhedo,SP,MT-07,Yamaha,Naked,2024,"R$ 47.988,00",Moto Center Vinhedo,Vinhedo,João Silva,Cancelada,Cartão,06/06/2026,juliana.costa1564@email.com,11999991564
1565,Renata Costa,73.0,Vinhedo,SP,PCX 160,Honda,Scooter,2025,"R$ 24.350,00",Moto Center Vinhedo,Vinhedo,Pedro Souza,Agendada,Cartão,02/01/2026,renata.costa1565@email.com,11999991565
1566,Marcos Pereira,35.0,Campinas,SP,MT-03,Yamaha,Naked,2024,"R$ 33.067,00",Moto Center Campinas,Campinas,João Silva,Concluída,Cartão,25/10/2026,marcos.pereira1566@email.com,11999991566
1567,Mariana Silva,72.0,Jundiai,SP,CB 650R,Honda,Naked,2024,"R$ 55.318,00",Moto Center Jundiaí,Jundiai,Maria Oliveira,Cancelada,Pix,04/07/2026,mariana.silva1567@email.com,11999991567
1568,Ana Souza,55.0,Valinhos,SP,MT-03,Yamaha,Naked,2024,"R$ 30.522,00",Moto Center Valinhos,Valinhos,Maria Oliveira,Agendada,Financiamento,18/07/2026,ana.souza1568@email.com,11999991568
1569,Fernanda Alves,29.0,Jundiai,SP,CB 650R,Honda,Naked,2024,"R$ 50.430,00",Moto Center Jundiaí,Jundiai,Carlos Santos,Cancelada,Cartão,10/02/2026,fernanda.alves1569@email.com,11999991569
1570,Diego Martins,19.0,Valinhos,SP,PCX 160,Honda,Scooter,2025,"R$ 20.747,00",Moto Center Valinhos,Valinhos,João Silva,Concluída,Cartão,16/08/2026,diego.martins1570@email.com,11999991570
1571,Diego Martins,56.0,Campinas,SP,Versys 650,Kawasaki,Trail,2024,"R$ 51.274,00",Moto Center Campinas,Campinas,Carlos Santos,Cancelada,Financiamento,10/05/2026,diego.martins1571@email.com,11999991571
1572,Carlos Mendes,34.0,Vinhedo,SP,Versys 650,Kawasaki,Trail,2024,"R$ 52.875,00",Moto Center Vinhedo,Vinhedo,Pedro Souza,Cancelada,Pix,27/05/2026,carlos.mendes1572@email.com,11999991572
1573,Marcos Pereira,54.0,Vinhedo,SP,MT-07,Yamaha,Naked,2024,"R$ 52.206,00",Moto Center Vinhedo,Vinhedo,João Silva,Cancelada,Pix,26/04/2026,marcos.pereira1573@email.com,11999991573
1574,Marcos Pereira,43.0,Campinas,SP,Versys 650,Kawasaki,Trail,2024,"R$ 51.327,00",Moto Center Campinas,Campinas,Pedro Souza,Agendada,Cartão,01/06/2026,marcos.pereira1574@email.com,11999991574
1575,Juliana Costa,28.0,Jundiai,SP,Ninja 400,Kawasaki,Esportiva,2023,"R$ 36.806,00",Moto Center Jundiaí,Jundiai,Maria Oliveira,Cancelada,Pix,19/07/2026,juliana.costa1575@email.com,11999991575
1576,Carlos Mendes,66.0,Valinhos,SP,Versys 650,Kawasaki,Trail,2024,"R$ 51.955,00",Moto Center Valinhos,Valinhos,Pedro Souza,Cancelada,Pix,25/03/2026,carlos.mendes1576@email.com,11999991576
1577,Amanda Rodrigues,28.0,Vinhedo,SP,MT-03,Yamaha,Naked,2024,"R$ 32.205,00",Moto Center Vinhedo,Vinhedo,Carlos Santos,Agendada,Pix,27/10/2026,amanda.rodrigues1577@email.com,11999991577
1578,João Santos,67.0,Campinas,SP,CB 650R,Honda,Naked,2024,"R$ 51.184,00",Moto Center Campinas,Campinas,Pedro Souza,Cancelada,Pix,14/03/2026,joão.santos1578@email.com,11999991578
1579,Mariana Silva,52.0,Vinhedo,SP,CB 650R,Honda,Naked,2024,"R$ 51.122,00",Moto Center Vinhedo,Vinhedo,Carlos Santos,Agendada,Financiamento,16/03/2026,mariana.silva1579@email.com,11999991579
1580,João Santos,62.0,Jundiai,SP,CB 500F,Honda,Naked,2024,"R$ 40.592,00",Moto Center Jundiaí,Jundiai,Carlos Santos,Agendada,Pix,22/08/2026,joão.santos1580@email.com,11999991580
1581,Pedro Oliveira,36.0,Valinhos,SP,Ninja 400,Kawasaki,Esportiva,2023,"R$ 36.924,00",Moto Center Valinhos,Valinhos,Maria Oliveira,Cancelada,Cartão,10/04/2026,pedro.oliveira1581@email.com,11999991581
1582,Ana Souza,31.0,Campinas,SP,Versys 650,Kawasaki,Trail,2024,"R$ 48.097,00",Moto Center Campinas,Campinas,João Silva,Agendada,Cartão,15/11/2026,ana.souza1582@email.com,11999991582
1583,Juliana Costa,30.0,Campinas,SP,MT-07,Yamaha,Naked,2024,"R$ 51.770,00",Moto Center Campinas,Campinas,Carlos Santos,Concluída,Cartão,18/04/2026,juliana.costa1583@email.com,11999991583
1584,Diego Martins,36.0,Valinhos,SP,Versys 650,Kawasaki,Trail,2024,"R$ 47.136,00",Moto Center Valinhos,Valinhos,Carlos Santos,Concluída,Cartão,14/01/2026,diego.martins1584@email.com,11999991584
1585,Marcos Pereira,,Campinas,SP,PCX 160,Honda,Scooter,2025,"R$ 21.344,00",Moto Center Campinas,Campinas,Pedro Souza,Agendada,Financiamento,20/07/2026,marcos.pereira1585@email.com,11999991585
1586,Ana Souza,37.0,Valinhos,SP,PCX 160,Honda,Scooter,2025,"R$ 21.913,00",Moto Center Valinhos,Valinhos,Pedro Souza,Cancelada,Financiamento,18/12/2026,ana.souza1586@email.com,11999991586
1587,João Santos,49.0,Jundiai,SP,PCX 160,Honda,Scooter,2025,"R$ 19.090,00",Moto Center Jundiaí,Jundiai,Carlos Santos,Concluída,Pix,10/08/2026,joão.santos1587@email.com,11999991587
1588,Renata Costa,22.0,Campinas,SP,MT-03,Yamaha,Naked,2024,"R$ 34.921,00",Moto Center Campinas,Campinas,João Silva,Agendada,Financiamento,23/10/2026,renata.costa1588@email.com,11999991588
1589,Ana Souza,58.0,Vinhedo,SP,Versys 650,Kawasaki,Trail,2024,"R$ 48.321,00",Moto Center Vinhedo,Vinhedo,Maria Oliveira,Agendada,Cartão,16/03/2026,ana.souza1589@email.com,11999991589
1590,Marcos Pereira,30.0,Jundiai,SP,MT-07,Yamaha,Naked,2024,"R$ 50.378,00",Moto Center Jundiaí,Jundiai,João Silva,Cancelada,Financiamento,06/04/2026,marcos.pereira1590@email.com,11999991590
1591,Ana Souza,33.0,Jundiai,SP,Versys 650,Kawasaki,Trail,2024,"R$ 47.483,00",Moto Center Jundiaí,Jundiai,Maria Oliveira,Cancelada,Cartão,18/10/2026,ana.souza1591@email.com,11999991591
1592,Fernanda Alves,41.0,Campinas,SP,CB 650R,Honda,Naked,2024,"R$ 55.246,00",Moto Center Campinas,Campinas,João Silva,Cancelada,Financiamento,16/08/2026,fernanda.alves1592@email.com,11999991592
1593,Marcos Pereira,74.0,Vinhedo,SP,MT-07,Yamaha,Naked,2024,"R$ 49.090,00",Moto Center Vinhedo,Vinhedo,João Silva,Agendada,Pix,22/11/2026,marcos.pereira1593@email.com,11999991593
1594,Diego Martins,55.0,Campinas,SP,CB 500F,Honda,Naked,2024,"R$ 43.653,00",Moto Center Campinas,Campinas,João Silva,Cancelada,Pix,16/07/2026,diego.martins1594@email.com,11999991594
1595,Mariana Silva,57.0,Vinhedo,SP,PCX 160,Honda,Scooter,2025,"R$ 22.681,00",Moto Center Vinhedo,Vinhedo,Carlos Santos,Agendada,Financiamento,27/03/2026,mariana.silva1595@email.com,11999991595
1596,Juliana Costa,49.0,Vinhedo,SP,MT-03,Yamaha,Naked,2024,"R$ 33.982,00",Moto Center Vinhedo,Vinhedo,Pedro Souza,Concluída,Cartão,20/08/2026,juliana.costa1596@email.com,11999991596
1597,Thiago Alves,31.0,Vinhedo,SP,MT-03,Yamaha,Naked,2024,"R$ 35.447,00",Moto Center Vinhedo,Vinhedo,João Silva,Concluída,Financiamento,13/09/2026,thiago.alves1597@email.com,11999991597
1598,João Santos,53.0,Jundiai,SP,Versys 650,Kawasaki,Trail,2024,"R$ 46.953,00",Moto Center Jundiaí,Jundiai,Pedro Souza,Concluída,Financiamento,09/09/2026,joão.santos1598@email.com,11999991598
1599,Fernanda Alves,45.0,Campinas,SP,MT-03,Yamaha,Naked,2024,"R$ 33.723,00",Moto Center Campinas,Campinas,João Silva,Cancelada,Cartão,19/07/2026,fernanda.alves1599@email.com,11999991599
1600,Ana Souza,38.0,Campinas,SP,MT-07,Yamaha,Naked,2024,"R$ 52.751,00",Moto Center Campinas,Campinas,Carlos Santos,Agendada,Cartão,15/10/2026,ana.souza1600@email.com,11999991600
1601,Marcos Pereira,52.0,Valinhos,SP,MT-07,Yamaha,Naked,2024,"R$ 50.053,00",Moto Center Valinhos,Valinhos,João Silva,Agendada,Financiamento,28/07/2026,marcos.pereira1601@email.com,11999991601
1602,Carolina Gomes,72.0,Valinhos,SP,Versys 650,Kawasaki,Trail,2024,"R$ 51.413,00",Moto Center Valinhos,Valinhos,João Silva,Concluída,Pix,26/10/2026,carolina.gomes1602@email.com,11999991602
1603,Mariana Silva,58.0,Jundiai,SP,CB 500F,Honda,Naked,2024,"R$ 43.065,00",Moto Center Jundiaí,Jundiai,Pedro Souza,Agendada,Pix,22/04/2026,mariana.silva1603@email.com,11999991603
1604,Mariana Silva,65.0,Vinhedo,SP,PCX 160,Honda,Scooter,2025,"R$ 19.362,00",Moto Center Vinhedo,Vinhedo,João Silva,Agendada,Pix,10/07/2026,mariana.silva1604@email.com,11999991604
1605,Mariana Silva,24.0,Vinhedo,SP,CB 650R,Honda,Naked,2024,"R$ 55.010,00",Moto Center Vinhedo,Vinhedo,Pedro Souza,Agendada,Pix,16/12/2026,mariana.silva1605@email.com,11999991605
1606,Lucas Ferreira,74.0,Jundiai,SP,CB 500F,Honda,Naked,2024,"R$ 41.419,00",Moto Center Jundiaí,Jundiai,João Silva,Agendada,Financiamento,25/04/2026,lucas.ferreira1606@email.com,11999991606
1607,Juliana Costa,62.0,Campinas,SP,CB 500F,Honda,Naked,2024,"R$ 40.985,00",Moto Center Campinas,Campinas,João Silva,Cancelada,Cartão,02/07/2026,juliana.costa1607@email.com,11999991607
1608,Carlos Mendes,56.0,Jundiai,SP,Versys 650,Kawasaki,Trail,2024,"R$ 51.400,00",Moto Center Jundiaí,Jundiai,João Silva,Cancelada,Pix,01/05/2026,carlos.mendes1608@email.com,11999991608
1609,Thiago Alves,71.0,Vinhedo,SP,CB 500F,Honda,Naked,2024,"R$ 44.193,00",Moto Center Vinhedo,Vinhedo,Maria Oliveira,Concluída,Cartão,25/12/2026,thiago.alves1609@email.com,11999991609
1610,Amanda Rodrigues,47.0,Campinas,SP,MT-07,Yamaha,Naked,2024,"R$ 47.958,00",Moto Center Campinas,Campinas,João Silva,Cancelada,Financiamento,14/12/2026,amanda.rodrigues1610@email.com,11999991610
1611,Mariana Silva,20.0,Jundiai,SP,Ninja 400,Kawasaki,Esportiva,2023,"R$ 33.072,00",Moto Center Jundiaí,Jundiai,João Silva,Concluída,Pix,15/05/2026,mariana.silva1611@email.com,11999991611
1612,João Santos,49.0,Jundiai,SP,Versys 650,Kawasaki,Trail,2024,"R$ 47.954,00",Moto Center Jundiaí,Jundiai,Pedro Souza,Cancelada,Pix,23/05/2026,joão.santos1612@email.com,11999991612
1613,Fernanda Alves,30.0,Jundiai,SP,MT-03,Yamaha,Naked,2024,"R$ 30.955,00",Moto Center Jundiaí,Jundiai,Maria Oliveira,Agendada,Pix,15/01/2026,fernanda.alves1613@email.com,11999991613
1614,Diego Martins,19.0,Valinhos,SP,CB 500F,Honda,Naked,2024,"R$ 45.173,00",Moto Center Valinhos,Valinhos,João Silva,Cancelada,Cartão,06/10/2026,diego.martins1614@email.com,11999991614
1615,Ana Souza,66.0,Jundiai,SP,CB 500F,Honda,Naked,2024,"R$ 42.358,00",Moto Center Jundiaí,Jundiai,João Silva,Concluída,Pix,14/03/2026,ana.souza1615@email.com,11999991615
1616,Pedro Oliveira,44.0,Campinas,SP,CB 650R,Honda,Naked,2024,"R$ 54.992,00",Moto Center Campinas,Campinas,Maria Oliveira,Concluída,Pix,16/10/2026,pedro.oliveira1616@email.com,11999991616
1617,Pedro Oliveira,67.0,Valinhos,SP,Versys 650,Kawasaki,Trail,2024,"R$ 51.142,00",Moto Center Valinhos,Valinhos,Carlos Santos,Agendada,Pix,09/07/2026,pedro.oliveira1617@email.com,11999991617
1618,Juliana Costa,62.0,Jundiai,SP,Ninja 400,Kawasaki,Esportiva,2023,"R$ 38.060,00",Moto Center Jundiaí,Jundiai,Pedro Souza,Agendada,Pix,20/02/2026,juliana.costa1618@email.com,11999991618
1619,Lucas Ferreira,35.0,Valinhos,SP,MT-03,Yamaha,Naked,2024,"R$ 34.449,00",Moto Center Valinhos,Valinhos,Pedro Souza,Concluída,Cartão,06/10/2026,lucas.ferreira1619@email.com,11999991619
1620,Renata Costa,36.0,Valinhos,SP,MT-03,Yamaha,Naked,2024,"R$ 35.201,00",Moto Center Valinhos,Valinhos,Pedro Souza,Concluída,Cartão,26/02/2026,renata.costa1620@email.com,11999991620
1621,Bruno Lima,41.0,Jundiai,SP,Versys 650,Kawasaki,Trail,2024,"R$ 47.770,00",Moto Center Jundiaí,Jundiai,João Silva,Cancelada,Pix,26/10/2026,bruno.lima1621@email.com,11999991621
1622,Ana Souza,56.0,Campinas,SP,MT-03,Yamaha,Naked,2024,"R$ 33.076,00",Moto Center Campinas,Campinas,Maria Oliveira,Agendada,Cartão,24/04/2026,ana.souza1622@email.com,11999991622
1623,Marcos Pereira,35.0,Campinas,SP,PCX 160,Honda,Scooter,2025,"R$ 20.152,00",Moto Center Campinas,Campinas,Pedro Souza,Cancelada,Pix,02/08/2026,marcos.pereira1623@email.com,11999991623
1624,Carlos Mendes,38.0,Jundiai,SP,MT-07,Yamaha,Naked,2024,"R$ 51.611,00",Moto Center Jundiaí,Jundiai,Pedro Souza,Agendada,Cartão,12/09/2026,carlos.mendes1624@email.com,11999991624
1625,Juliana Costa,69.0,Campinas,SP,MT-03,Yamaha,Naked,2024,"R$ 35.101,00",Moto Center Campinas,Campinas,Maria Oliveira,Agendada,Pix,08/11/2026,juliana.costa1625@email.com,11999991625
1626,Marcos Pereira,41.0,Jundiai,SP,MT-03,Yamaha,Naked,2024,"R$ 30.243,00",Moto Center Jundiaí,Jundiai,João Silva,Agendada,Pix,03/03/2026,marcos.pereira1626@email.com,11999991626
1627,Pedro Oliveira,40.0,Vinhedo,SP,MT-03,Yamaha,Naked,2024,"R$ 33.860,00",Moto Center Vinhedo,Vinhedo,Carlos Santos,Cancelada,Pix,10/11/2026,pedro.oliveira1627@email.com,11999991627
1628,Renata Costa,49.0,Vinhedo,SP,Ninja 400,Kawasaki,Esportiva,2023,"R$ 37.919,00",Moto Center Vinhedo,Vinhedo,Pedro Souza,Cancelada,Financiamento,02/02/2026,renata.costa1628@email.com,11999991628
1629,Thiago Alves,71.0,Valinhos,SP,Ninja 400,Kawasaki,Esportiva,2023,"R$ 37.159,00",Moto Center Valinhos,Valinhos,Carlos Santos,Concluída,Cartão,17/10/2026,thiago.alves1629@email.com,11999991629
1630,Marcos Pereira,40.0,Campinas,SP,Versys 650,Kawasaki,Trail,2024,"R$ 52.403,00",Moto Center Campinas,Campinas,João Silva,Cancelada,Cartão,03/03/2026,marcos.pereira1630@email.com,11999991630
1631,Ana Souza,44.0,Campinas,SP,CB 500F,Honda,Naked,2024,"R$ 42.004,00",Moto Center Campinas,Campinas,Maria Oliveira,Cancelada,Financiamento,21/03/2026,ana.souza1631@email.com,11999991631
1632,Amanda Rodrigues,44.0,Valinhos,SP,Versys 650,Kawasaki,Trail,2024,"R$ 46.953,00",Moto Center Valinhos,Valinhos,Pedro Souza,Cancelada,Cartão,05/07/2026,amanda.rodrigues1632@email.com,11999991632
1633,João Santos,23.0,Campinas,SP,CB 650R,Honda,Naked,2024,"R$ 54.558,00",Moto Center Campinas,Campinas,João Silva,Concluída,Pix,27/03/2026,joão.santos1633@email.com,11999991633
1634,Carolina Gomes,33.0,Vinhedo,SP,CB 650R,Honda,Naked,2024,"R$ 52.712,00",Moto Center Vinhedo,Vinhedo,Pedro Souza,Agendada,Financiamento,27/04/2026,carolina.gomes1634@email.com,11999991634
1635,Carolina Gomes,75.0,Campinas,SP,Versys 650,Kawasaki,Trail,2024,"R$ 48.183,00",Moto Center Campinas,Campinas,Maria Oliveira,Agendada,Pix,27/09/2026,carolina.gomes1635@email.com,11999991635
1636,Thiago Alves,,Campinas,SP,MT-03,Yamaha,Naked,2024,"R$ 33.067,00",Moto Center Campinas,Campinas,João Silva,Concluída,Financiamento,04/12/2026,thiago.alves1636@email.com,11999991636
1637,Diego Martins,30.0,Vinhedo,SP,CB 650R,Honda,Naked,2024,"R$ 50.380,00",Moto Center Vinhedo,Vinhedo,Carlos Santos,Concluída,Cartão,16/09/2026,diego.martins1637@email.com,11999991637
1638,Marcos Pereira,66.0,Campinas,SP,CB 500F,Honda,Naked,2024,"R$ 44.437,00",Moto Center Campinas,Campinas,Pedro Souza,Cancelada,Financiamento,07/09/2026,marcos.pereira1638@email.com,11999991638
1639,Diego Martins,38.0,Valinhos,SP,CB 650R,Honda,Naked,2024,"R$ 54.737,00",Moto Center Valinhos,Valinhos,Pedro Souza,Concluída,Cartão,26/11/2026,diego.martins1639@email.com,11999991639
1640,Thiago Alves,45.0,Campinas,SP,CB 500F,Honda,Naked,2024,"R$ 43.669,00",Moto Center Campinas,Campinas,Maria Oliveira,Concluída,Financiamento,16/03/2026,thiago.alves1640@email.com,11999991640
1641,João Santos,45.0,Jundiai,SP,MT-07,Yamaha,Naked,2024,"R$ 48.991,00",Moto Center Jundiaí,Jundiai,João Silva,Concluída,Pix,01/05/2026,joão.santos1641@email.com,11999991641
1642,Diego Martins,25.0,Jundiai,SP,CB 500F,Honda,Naked,2024,"R$ 43.630,00",Moto Center Jundiaí,Jundiai,Pedro Souza,Concluída,Cartão,06/03/2026,diego.martins1642@email.com,11999991642
1643,Ana Souza,45.0,Jundiai,SP,Versys 650,Kawasaki,Trail,2024,"R$ 50.564,00",Moto Center Jundiaí,Jundiai,João Silva,Agendada,Financiamento,04/06/2026,ana.souza1643@email.com,11999991643
1644,João Santos,63.0,Vinhedo,SP,Ninja 400,Kawasaki,Esportiva,2023,"R$ 38.699,00",Moto Center Vinhedo,Vinhedo,Carlos Santos,Agendada,Financiamento,03/06/2026,joão.santos1644@email.com,11999991644
1645,Pedro Oliveira,62.0,Vinhedo,SP,MT-07,Yamaha,Naked,2024,"R$ 50.395,00",Moto Center Vinhedo,Vinhedo,Carlos Santos,Concluída,Pix,22/12/2026,pedro.oliveira1645@email.com,11999991645
1646,Thiago Alves,38.0,Campinas,SP,MT-03,Yamaha,Naked,2024,"R$ 32.886,00",Moto Center Campinas,Campinas,Maria Oliveira,Concluída,Pix,12/02/2026,thiago.alves1646@email.com,11999991646
1647,Diego Martins,55.0,Valinhos,SP,MT-03,Yamaha,Naked,2024,"R$ 34.842,00",Moto Center Valinhos,Valinhos,João Silva,Cancelada,Financiamento,24/03/2026,diego.martins1647@email.com,11999991647
1648,Carolina Gomes,44.0,Campinas,SP,CB 650R,Honda,Naked,2024,"R$ 53.383,00",Moto Center Campinas,Campinas,Carlos Santos,Concluída,Pix,07/10/2026,carolina.gomes1648@email.com,11999991648
1649,Ana Souza,52.0,Vinhedo,SP,CB 500F,Honda,Naked,2024,"R$ 44.407,00",Moto Center Vinhedo,Vinhedo,Maria Oliveira,Concluída,Financiamento,07/06/2026,ana.souza1649@email.com,11999991649
1650,Marcos Pereira,33.0,Vinhedo,SP,Versys 650,Kawasaki,Trail,2024,"R$ 51.278,00",Moto Center Vinhedo,Vinhedo,Maria Oliveira,Concluída,Cartão,22/11/2026,marcos.pereira1650@email.com,11999991650
1651,Mariana Silva,23.0,Valinhos,SP,MT-07,Yamaha,Naked,2024,"R$ 50.403,00",Moto Center Valinhos,Valinhos,João Silva,Concluída,Financiamento,15/08/2026,mariana.silva1651@email.com,11999991651
1652,Carlos Mendes,23.0,Jundiai,SP,MT-07,Yamaha,Naked,2024,"R$ 49.765,00",Moto Center Jundiaí,Jundiai,João Silva,Concluída,Financiamento,03/04/2026,carlos.mendes1652@email.com,11999991652
1653,Marcos Pereira,37.0,Vinhedo,SP,Ninja 400,Kawasaki,Esportiva,2023,"R$ 35.350,00",Moto Center Vinhedo,Vinhedo,Maria Oliveira,Cancelada,Financiamento,07/02/2026,marcos.pereira1653@email.com,11999991653
1654,Mariana Silva,73.0,Campinas,SP,Versys 650,Kawasaki,Trail,2024,"R$ 49.873,00",Moto Center Campinas,Campinas,Pedro Souza,Cancelada,Cartão,22/01/2026,mariana.silva1654@email.com,11999991654
1655,Pedro Oliveira,37.0,Jundiai,SP,Versys 650,Kawasaki,Trail,2024,"R$ 51.291,00",Moto Center Jundiaí,Jundiai,João Silva,Concluída,Cartão,28/01/2026,pedro.oliveira1655@email.com,11999991655
1656,Amanda Rodrigues,66.0,Campinas,SP,PCX 160,Honda,Scooter,2025,"R$ 20.397,00",Moto Center Campinas,Campinas,João Silva,Agendada,Pix,18/10/2026,amanda.rodrigues1656@email.com,11999991656
1657,Diego Martins,33.0,Jundiai,SP,MT-07,Yamaha,Naked,2024,"R$ 50.879,00",Moto Center Jundiaí,Jundiai,Pedro Souza,Cancelada,Financiamento,12/02/2026,diego.martins1657@email.com,11999991657
1658,Ana Souza,53.0,Vinhedo,SP,MT-07,Yamaha,Naked,2024,"R$ 50.319,00",Moto Center Vinhedo,Vinhedo,Carlos Santos,Cancelada,Pix,15/11/2026,ana.souza1658@email.com,11999991658
1659,Ana Souza,36.0,Jundiai,SP,Versys 650,Kawasaki,Trail,2024,"R$ 52.101,00",Moto Center Jundiaí,Jundiai,Maria Oliveira,Cancelada,Financiamento,13/06/2026,ana.souza1659@email.com,11999991659
1660,Ana Souza,45.0,Valinhos,SP,CB 500F,Honda,Naked,2024,"R$ 43.632,00",Moto Center Valinhos,Valinhos,Carlos Santos,Cancelada,Cartão,10/04/2026,ana.souza1660@email.com,11999991660
1661,Ana Souza,,Campinas,SP,Versys 650,Kawasaki,Trail,2024,"R$ 47.434,00",Moto Center Campinas,Campinas,Carlos Santos,Cancelada,Financiamento,07/07/2026,ana.souza1661@email.com,11999991661
1662,Thiago Alves,58.0,Jundiai,SP,Versys 650,Kawasaki,Trail,2024,"R$ 48.423,00",Moto Center Jundiaí,Jundiai,João Silva,Agendada,Cartão,26/03/2026,thiago.alves1662@email.com,11999991662
1663,Pedro Oliveira,74.0,Valinhos,SP,PCX 160,Honda,Scooter,2025,"R$ 22.766,00",Moto Center Valinhos,Valinhos,Carlos Santos,Agendada,Pix,02/02/2026,pedro.oliveira1663@email.com,11999991663
1664,Amanda Rodrigues,18.0,Campinas,SP,PCX 160,Honda,Scooter,2025,"R$ 22.066,00",Moto Center Campinas,Campinas,Maria Oliveira,Cancelada,Cartão,14/04/2026,amanda.rodrigues1664@email.com,11999991664
1665,Thiago Alves,65.0,Jundiai,SP,MT-03,Yamaha,Naked,2024,"R$ 29.568,00",Moto Center Jundiaí,Jundiai,Maria Oliveira,Agendada,Pix,22/03/2026,thiago.alves1665@email.com,11999991665
1666,Marcos Pereira,,Campinas,SP,CB 500F,Honda,Naked,2024,"R$ 42.351,00",Moto Center Campinas,Campinas,Carlos Santos,Cancelada,Financiamento,25/04/2026,marcos.pereira1666@email.com,11999991666
1667,Bruno Lima,44.0,Vinhedo,SP,CB 650R,Honda,Naked,2024,"R$ 52.632,00",Moto Center Vinhedo,Vinhedo,João Silva,Concluída,Cartão,09/08/2026,bruno.lima1667@email.com,11999991667
1668,Mariana Silva,44.0,Valinhos,SP,Versys 650,Kawasaki,Trail,2024,"R$ 51.083,00",Moto Center Valinhos,Valinhos,João Silva,Agendada,Pix,08/10/2026,mariana.silva1668@email.com,11999991668
1669,Juliana Costa,60.0,Campinas,SP,Ninja 400,Kawasaki,Esportiva,2023,"R$ 34.682,00",Moto Center Campinas,Campinas,Pedro Souza,Concluída,Financiamento,17/06/2026,juliana.costa1669@email.com,11999991669
1670,Carolina Gomes,19.0,Campinas,SP,CB 650R,Honda,Naked,2024,"R$ 51.633,00",Moto Center Campinas,Campinas,João Silva,Agendada,Financiamento,03/04/2026,carolina.gomes1670@email.com,11999991670
1671,Renata Costa,22.0,Valinhos,SP,PCX 160,Honda,Scooter,2025,"R$ 21.263,00",Moto Center Valinhos,Valinhos,João Silva,Agendada,Pix,27/07/2026,renata.costa1671@email.com,11999991671
1672,Fernanda Alves,50.0,Valinhos,SP,PCX 160,Honda,Scooter,2025,"R$ 22.831,00",Moto Center Valinhos,Valinhos,Maria Oliveira,Cancelada,Financiamento,06/12/2026,fernanda.alves1672@email.com,11999991672
1673,Diego Martins,22.0,Valinhos,SP,Ninja 400,Kawasaki,Esportiva,2023,"R$ 33.035,00",Moto Center Valinhos,Valinhos,Pedro Souza,Concluída,Financiamento,28/09/2026,diego.martins1673@email.com,11999991673
1674,Thiago Alves,69.0,Vinhedo,SP,CB 650R,Honda,Naked,2024,"R$ 50.230,00",Moto Center Vinhedo,Vinhedo,João Silva,Agendada,Pix,08/09/2026,thiago.alves1674@email.com,11999991674
1675,Marcos Pereira,72.0,Jundiai,SP,MT-07,Yamaha,Naked,2024,"R$ 50.102,00",Moto Center Jundiaí,Jundiai,Carlos Santos,Cancelada,Pix,26/08/2026,marcos.pereira1675@email.com,11999991675
1676,Ana Souza,64.0,Vinhedo,SP,MT-07,Yamaha,Naked,2024,"R$ 49.972,00",Moto Center Vinhedo,Vinhedo,Carlos Santos,Concluída,Cartão,26/11/2026,ana.souza1676@email.com,11999991676
1677,Amanda Rodrigues,37.0,Campinas,SP,Ninja 400,Kawasaki,Esportiva,2023,"R$ 37.143,00",Moto Center Campinas,Campinas,João Silva,Cancelada,Cartão,19/06/2026,amanda.rodrigues1677@email.com,11999991677
1678,Diego Martins,40.0,Vinhedo,SP,Versys 650,Kawasaki,Trail,2024,"R$ 50.704,00",Moto Center Vinhedo,Vinhedo,Maria Oliveira,Agendada,Financiamento,06/10/2026,diego.martins1678@email.com,11999991678
1679,Marcos Pereira,65.0,Jundiai,SP,MT-03,Yamaha,Naked,2024,"R$ 32.620,00",Moto Center Jundiaí,Jundiai,Pedro Souza,Agendada,Cartão,05/03/2026,marcos.pereira1679@email.com,11999991679
1680,Fernanda Alves,28.0,Jundiai,SP,Ninja 400,Kawasaki,Esportiva,2023,"R$ 33.812,00",Moto Center Jundiaí,Jundiai,Carlos Santos,Concluída,Financiamento,05/08/2026,fernanda.alves1680@email.com,11999991680
1681,Fernanda Alves,43.0,Vinhedo,SP,MT-03,Yamaha,Naked,2024,"R$ 33.517,00",Moto Center Vinhedo,Vinhedo,João Silva,Cancelada,Pix,25/05/2026,fernanda.alves1681@email.com,11999991681
1682,Renata Costa,47.0,Campinas,SP,Ninja 400,Kawasaki,Esportiva,2023,"R$ 34.624,00",Moto Center Campinas,Campinas,Carlos Santos,Agendada,Financiamento,05/06/2026,renata.costa1682@email.com,11999991682
1683,Diego Martins,,Campinas,SP,Ninja 400,Kawasaki,Esportiva,2023,"R$ 35.946,00",Moto Center Campinas,Campinas,Maria Oliveira,Concluída,Cartão,01/03/2026,diego.martins1683@email.com,11999991683
1684,Juliana Costa,56.0,Valinhos,SP,Ninja 400,Kawasaki,Esportiva,2023,"R$ 36.864,00",Moto Center Valinhos,Valinhos,Pedro Souza,Concluída,Financiamento,10/03/2026,juliana.costa1684@email.com,11999991684
1685,Mariana Silva,39.0,Vinhedo,SP,CB 500F,Honda,Naked,2024,"R$ 42.276,00",Moto Center Vinhedo,Vinhedo,Maria Oliveira,Concluída,Pix,12/11/2026,mariana.silva1685@email.com,11999991685
1686,Juliana Costa,43.0,Jundiai,SP,CB 500F,Honda,Naked,2024,"R$ 39.910,00",Moto Center Jundiaí,Jundiai,João Silva,Cancelada,Pix,18/10/2026,juliana.costa1686@email.com,11999991686
1687,Pedro Oliveira,20.0,Campinas,SP,Versys 650,Kawasaki,Trail,2024,"R$ 49.370,00",Moto Center Campinas,Campinas,Carlos Santos,Cancelada,Financiamento,03/06/2026,pedro.oliveira1687@email.com,11999991687
1688,Bruno Lima,24.0,Valinhos,SP,PCX 160,Honda,Scooter,2025,"R$ 20.420,00",Moto Center Valinhos,Valinhos,Maria Oliveira,Cancelada,Pix,01/07/2026,bruno.lima1688@email.com,11999991688
1689,Marcos Pereira,72.0,Vinhedo,SP,MT-07,Yamaha,Naked,2024,"R$ 51.250,00",Moto Center Vinhedo,Vinhedo,Pedro Souza,Concluída,Pix,26/11/2026,marcos.pereira1689@email.com,11999991689
1690,Lucas Ferreira,20.0,Campinas,SP,Versys 650,Kawasaki,Trail,2024,"R$ 51.057,00",Moto Center Campinas,Campinas,Carlos Santos,Concluída,Cartão,14/01/2026,lucas.ferreira1690@email.com,11999991690
1691,Renata Costa,36.0,Campinas,SP,MT-07,Yamaha,Naked,2024,"R$ 49.293,00",Moto Center Campinas,Campinas,Pedro Souza,Concluída,Cartão,16/08/2026,renata.costa1691@email.com,11999991691
1692,Fernanda Alves,25.0,Campinas,SP,Versys 650,Kawasaki,Trail,2024,"R$ 52.220,00",Moto Center Campinas,Campinas,Maria Oliveira,Cancelada,Pix,24/08/2026,fernanda.alves1692@email.com,11999991692
1693,Lucas Ferreira,41.0,Valinhos,SP,CB 650R,Honda,Naked,2024,"R$ 55.249,00",Moto Center Valinhos,Valinhos,Pedro Souza,Cancelada,Financiamento,05/01/2026,lucas.ferreira1693@email.com,11999991693
1694,Marcos Pereira,37.0,Valinhos,SP,Ninja 400,Kawasaki,Esportiva,2023,"R$ 37.121,00",Moto Center Valinhos,Valinhos,João Silva,Concluída,Cartão,19/10/2026,marcos.pereira1694@email.com,11999991694
1695,Carolina Gomes,29.0,Campinas,SP,MT-07,Yamaha,Naked,2024,"R$ 50.653,00",Moto Center Campinas,Campinas,Pedro Souza,Agendada,Pix,17/06/2026,carolina.gomes1695@email.com,11999991695
1696,Thiago Alves,40.0,Campinas,SP,Versys 650,Kawasaki,Trail,2024,"R$ 48.767,00",Moto Center Campinas,Campinas,Pedro Souza,Concluída,Financiamento,28/08/2026,thiago.alves1696@email.com,11999991696
1697,Bruno Lima,47.0,Valinhos,SP,CB 500F,Honda,Naked,2024,"R$ 41.706,00",Moto Center Valinhos,Valinhos,Pedro Souza,Agendada,Pix,10/09/2026,bruno.lima1697@email.com,11999991697
1698,João Santos,32.0,Valinhos,SP,MT-03,Yamaha,Naked,2024,"R$ 29.604,00",Moto Center Valinhos,Valinhos,Carlos Santos,Concluída,Financiamento,07/05/2026,joão.santos1698@email.com,11999991698
1699,Diego Martins,54.0,Valinhos,SP,Ninja 400,Kawasaki,Esportiva,2023,"R$ 37.150,00",Moto Center Valinhos,Valinhos,Pedro Souza,Concluída,Financiamento,19/11/2026,diego.martins1699@email.com,11999991699
1700,Amanda Rodrigues,27.0,Jundiai,SP,MT-07,Yamaha,Naked,2024,"R$ 48.688,00",Moto Center Jundiaí,Jundiai,Maria Oliveira,Concluída,Cartão,01/08/2026,amanda.rodrigues1700@email.com,11999991700
1701,Diego Martins,46.0,Jundiai,SP,PCX 160,Honda,Scooter,2025,"R$ 21.983,00",Moto Center Jundiaí,Jundiai,João Silva,Agendada,Financiamento,10/07/2026,diego.martins1701@email.com,11999991701
1702,Fernanda Alves,28.0,Campinas,SP,PCX 160,Honda,Scooter,2025,"R$ 20.956,00",Moto Center Campinas,Campinas,Pedro Souza,Agendada,Pix,17/11/2026,fernanda.alves1702@email.com,11999991702
1703,Renata Costa,73.0,Valinhos,SP,CB 650R,Honda,Naked,2024,"R$ 50.154,00",Moto Center Valinhos,Valinhos,Pedro Souza,Agendada,Financiamento,27/08/2026,renata.costa1703@email.com,11999991703
1704,Lucas Ferreira,60.0,Valinhos,SP,Versys 650,Kawasaki,Trail,2024,"R$ 50.802,00",Moto Center Valinhos,Valinhos,Pedro Souza,Cancelada,Pix,22/07/2026,lucas.ferreira1704@email.com,11999991704
1705,Ana Souza,70.0,Vinhedo,SP,CB 500F,Honda,Naked,2024,"R$ 40.233,00",Moto Center Vinhedo,Vinhedo,Carlos Santos,Cancelada,Cartão,13/10/2026,ana.souza1705@email.com,11999991705
1706,Mariana Silva,20.0,Valinhos,SP,CB 500F,Honda,Naked,2024,"R$ 43.311,00",Moto Center Valinhos,Valinhos,João Silva,Cancelada,Pix,16/06/2026,mariana.silva1706@email.com,11999991706
1707,Marcos Pereira,74.0,Valinhos,SP,Ninja 400,Kawasaki,Esportiva,2023,"R$ 37.905,00",Moto Center Valinhos,Valinhos,Carlos Santos,Cancelada,Pix,06/06/2026,marcos.pereira1707@email.com,11999991707
1708,João Santos,54.0,Campinas,SP,CB 500F,Honda,Naked,2024,"R$ 41.827,00",Moto Center Campinas,Campinas,João Silva,Cancelada,Financiamento,20/07/2026,joão.santos1708@email.com,11999991708
1709,Mariana Silva,53.0,Campinas,SP,PCX 160,Honda,Scooter,2025,"R$ 23.861,00",Moto Center Campinas,Campinas,Pedro Souza,Agendada,Cartão,11/07/2026,mariana.silva1709@email.com,11999991709
1710,Amanda Rodrigues,70.0,Jundiai,SP,CB 650R,Honda,Naked,2024,"R$ 54.204,00",Moto Center Jundiaí,Jundiai,Pedro Souza,Agendada,Pix,01/11/2026,amanda.rodrigues1710@email.com,11999991710
1711,Thiago Alves,56.0,Valinhos,SP,MT-07,Yamaha,Naked,2024,"R$ 51.766,00",Moto Center Valinhos,Valinhos,Maria Oliveira,Agendada,Pix,03/01/2026,thiago.alves1711@email.com,11999991711
1712,Carolina Gomes,22.0,Campinas,SP,Versys 650,Kawasaki,Trail,2024,"R$ 50.085,00",Moto Center Campinas,Campinas,Carlos Santos,Cancelada,Pix,16/11/2026,carolina.gomes1712@email.com,11999991712
1713,João Santos,18.0,Jundiai,SP,PCX 160,Honda,Scooter,2025,"R$ 23.664,00",Moto Center Jundiaí,Jundiai,Maria Oliveira,Concluída,Financiamento,02/10/2026,joão.santos1713@email.com,11999991713
1714,João Santos,32.0,Valinhos,SP,CB 500F,Honda,Naked,2024,"R$ 41.675,00",Moto Center Valinhos,Valinhos,João Silva,Concluída,Cartão,05/04/2026,joão.santos1714@email.com,11999991714
1715,Renata Costa,20.0,Campinas,SP,MT-07,Yamaha,Naked,2024,"R$ 48.688,00",Moto Center Campinas,Campinas,Maria Oliveira,Agendada,Cartão,28/01/2026,renata.costa1715@email.com,11999991715
1716,João Santos,46.0,Vinhedo,SP,CB 500F,Honda,Naked,2024,"R$ 44.795,00",Moto Center Vinhedo,Vinhedo,Carlos Santos,Cancelada,Pix,17/06/2026,joão.santos1716@email.com,11999991716
1717,Ana Souza,36.0,Campinas,SP,Versys 650,Kawasaki,Trail,2024,"R$ 48.643,00",Moto Center Campinas,Campinas,Maria Oliveira,Concluída,Pix,10/12/2026,ana.souza1717@email.com,11999991717
1718,Carlos Mendes,52.0,Valinhos,SP,CB 650R,Honda,Naked,2024,"R$ 54.061,00",Moto Center Valinhos,Valinhos,Pedro Souza,Concluída,Financiamento,27/01/2026,carlos.mendes1718@email.com,11999991718
1719,João Santos,59.0,Jundiai,SP,MT-03,Yamaha,Naked,2024,"R$ 33.393,00",Moto Center Jundiaí,Jundiai,João Silva,Cancelada,Pix,04/09/2026,joão.santos1719@email.com,11999991719
1720,Thiago Alves,73.0,Jundiai,SP,MT-07,Yamaha,Naked,2024,"R$ 52.135,00",Moto Center Jundiaí,Jundiai,Maria Oliveira,Concluída,Pix,12/03/2026,thiago.alves1720@email.com,11999991720
1721,Carlos Mendes,39.0,Valinhos,SP,CB 500F,Honda,Naked,2024,"R$ 39.667,00",Moto Center Valinhos,Valinhos,Maria Oliveira,Concluída,Financiamento,02/04/2026,carlos.mendes1721@email.com,11999991721
1722,Renata Costa,67.0,Campinas,SP,Ninja 400,Kawasaki,Esportiva,2023,"R$ 34.803,00",Moto Center Campinas,Campinas,Pedro Souza,Concluída,Cartão,19/01/2026,renata.costa1722@email.com,11999991722
1723,Amanda Rodrigues,19.0,Campinas,SP,MT-03,Yamaha,Naked,2024,"R$ 35.222,00",Moto Center Campinas,Campinas,Carlos Santos,Cancelada,Financiamento,13/07/2026,amanda.rodrigues1723@email.com,11999991723
1724,Renata Costa,54.0,Campinas,SP,MT-07,Yamaha,Naked,2024,"R$ 48.683,00",Moto Center Campinas,Campinas,Carlos Santos,Agendada,Financiamento,19/06/2026,renata.costa1724@email.com,11999991724
1725,Marcos Pereira,26.0,Vinhedo,SP,PCX 160,Honda,Scooter,2025,"R$ 19.084,00",Moto Center Vinhedo,Vinhedo,Pedro Souza,Agendada,Pix,27/12/2026,marcos.pereira1725@email.com,11999991725
1726,Amanda Rodrigues,58.0,Campinas,SP,MT-07,Yamaha,Naked,2024,"R$ 49.277,00",Moto Center Campinas,Campinas,Maria Oliveira,Cancelada,Pix,01/03/2026,amanda.rodrigues1726@email.com,11999991726
1727,Renata Costa,,Campinas,SP,Versys 650,Kawasaki,Trail,2024,"R$ 51.301,00",Moto Center Campinas,Campinas,Pedro Souza,Agendada,Cartão,20/08/2026,renata.costa1727@email.com,11999991727
1728,Carlos Mendes,31.0,Campinas,SP,CB 500F,Honda,Naked,2024,"R$ 44.720,00",Moto Center Campinas,Campinas,Pedro Souza,Agendada,Financiamento,22/02/2026,carlos.mendes1728@email.com,11999991728
1729,Pedro Oliveira,68.0,Valinhos,SP,Ninja 400,Kawasaki,Esportiva,2023,"R$ 33.938,00",Moto Center Valinhos,Valinhos,João Silva,Cancelada,Cartão,01/12/2026,pedro.oliveira1729@email.com,11999991729
1730,Bruno Lima,75.0,Vinhedo,SP,CB 500F,Honda,Naked,2024,"R$ 43.107,00",Moto Center Vinhedo,Vinhedo,Carlos Santos,Agendada,Cartão,24/11/2026,bruno.lima1730@email.com,11999991730
1731,Renata Costa,18.0,Valinhos,SP,MT-07,Yamaha,Naked,2024,"R$ 48.642,00",Moto Center Valinhos,Valinhos,Carlos Santos,Concluída,Cartão,17/09/2026,renata.costa1731@email.com,11999991731
1732,Ana Souza,32.0,Valinhos,SP,Versys 650,Kawasaki,Trail,2024,"R$ 49.874,00",Moto Center Valinhos,Valinhos,Maria Oliveira,Agendada,Pix,15/11/2026,ana.souza1732@email.com,11999991732
1733,Carlos Mendes,23.0,Valinhos,SP,Versys 650,Kawasaki,Trail,2024,"R$ 48.469,00",Moto Center Valinhos,Valinhos,Pedro Souza,Agendada,Financiamento,11/06/2026,carlos.mendes1733@email.com,11999991733
1734,Marcos Pereira,29.0,Jundiai,SP,MT-07,Yamaha,Naked,2024,"R$ 50.134,00",Moto Center Jundiaí,Jundiai,Maria Oliveira,Cancelada,Financiamento,12/04/2026,marcos.pereira1734@email.com,11999991734
1735,Mariana Silva,,Jundiai,SP,PCX 160,Honda,Scooter,2025,"R$ 24.130,00",Moto Center Jundiaí,Jundiai,Pedro Souza,Cancelada,Pix,05/02/2026,mariana.silva1735@email.com,11999991735
1736,Juliana Costa,69.0,Vinhedo,SP,PCX 160,Honda,Scooter,2025,"R$ 22.468,00",Moto Center Vinhedo,Vinhedo,João Silva,Cancelada,Financiamento,05/02/2026,juliana.costa1736@email.com,11999991736
1737,Thiago Alves,63.0,Vinhedo,SP,MT-03,Yamaha,Naked,2024,"R$ 31.684,00",Moto Center Vinhedo,Vinhedo,Maria Oliveira,Cancelada,Cartão,12/02/2026,thiago.alves1737@email.com,11999991737
1738,Ana Souza,65.0,Campinas,SP,MT-07,Yamaha,Naked,2024,"R$ 49.520,00",Moto Center Campinas,Campinas,João Silva,Cancelada,Cartão,19/08/2026,ana.souza1738@email.com,11999991738
1739,Renata Costa,55.0,Jundiai,SP,Versys 650,Kawasaki,Trail,2024,"R$ 50.259,00",Moto Center Jundiaí,Jundiai,Maria Oliveira,Cancelada,Pix,07/08/2026,renata.costa1739@email.com,11999991739
1740,Mariana Silva,33.0,Jundiai,SP,MT-07,Yamaha,Naked,2024,"R$ 48.653,00",Moto Center Jundiaí,Jundiai,João Silva,Cancelada,Pix,10/05/2026,mariana.silva1740@email.com,11999991740
1741,Bruno Lima,23.0,Valinhos,SP,CB 650R,Honda,Naked,2024,"R$ 53.142,00",Moto Center Valinhos,Valinhos,Maria Oliveira,Agendada,Pix,21/02/2026,bruno.lima1741@email.com,11999991741
1742,Fernanda Alves,28.0,Valinhos,SP,MT-03,Yamaha,Naked,2024,"R$ 30.789,00",Moto Center Valinhos,Valinhos,Pedro Souza,Cancelada,Cartão,23/12/2026,fernanda.alves1742@email.com,11999991742
1743,Renata Costa,20.0,Jundiai,SP,Ninja 400,Kawasaki,Esportiva,2023,"R$ 34.007,00",Moto Center Jundiaí,Jundiai,Maria Oliveira,Cancelada,Financiamento,22/08/2026,renata.costa1743@email.com,11999991743
1744,Thiago Alves,25.0,Campinas,SP,MT-07,Yamaha,Naked,2024,"R$ 52.988,00",Moto Center Campinas,Campinas,João Silva,Concluída,Cartão,12/12/2026,thiago.alves1744@email.com,11999991744
1745,Pedro Oliveira,56.0,Jundiai,SP,MT-03,Yamaha,Naked,2024,"R$ 30.081,00",Moto Center Jundiaí,Jundiai,Pedro Souza,Agendada,Financiamento,01/02/2026,pedro.oliveira1745@email.com,11999991745
1746,Diego Martins,34.0,Vinhedo,SP,CB 500F,Honda,Naked,2024,"R$ 43.500,00",Moto Center Vinhedo,Vinhedo,João Silva,Concluída,Financiamento,07/12/2026,diego.martins1746@email.com,11999991746
1747,Amanda Rodrigues,27.0,Vinhedo,SP,Versys 650,Kawasaki,Trail,2024,"R$ 47.875,00",Moto Center Vinhedo,Vinhedo,João Silva,Concluída,Pix,06/09/2026,amanda.rodrigues1747@email.com,11999991747
1748,Amanda Rodrigues,31.0,Campinas,SP,Ninja 400,Kawasaki,Esportiva,2023,"R$ 38.033,00",Moto Center Campinas,Campinas,Pedro Souza,Agendada,Pix,07/10/2026,amanda.rodrigues1748@email.com,11999991748
1749,Mariana Silva,55.0,Vinhedo,SP,MT-07,Yamaha,Naked,2024,"R$ 51.655,00",Moto Center Vinhedo,Vinhedo,João Silva,Cancelada,Cartão,14/05/2026,mariana.silva1749@email.com,11999991749
1750,Ana Souza,45.0,Vinhedo,SP,Versys 650,Kawasaki,Trail,2024,"R$ 49.701,00",Moto Center Vinhedo,Vinhedo,João Silva,Agendada,Cartão,07/04/2026,ana.souza1750@email.com,11999991750
1751,Juliana Costa,66.0,Vinhedo,SP,MT-03,Yamaha,Naked,2024,"R$ 33.826,00",Moto Center Vinhedo,Vinhedo,Maria Oliveira,Cancelada,Financiamento,16/10/2026,juliana.costa1751@email.com,11999991751
1752,Mariana Silva,26.0,Campinas,SP,MT-03,Yamaha,Naked,2024,"R$ 32.980,00",Moto Center Campinas,Campinas,João Silva,Agendada,Cartão,04/11/2026,mariana.silva1752@email.com,11999991752
1753,Ana Souza,44.0,Valinhos,SP,Ninja 400,Kawasaki,Esportiva,2023,"R$ 36.157,00",Moto Center Valinhos,Valinhos,Maria Oliveira,Concluída,Financiamento,08/03/2026,ana.souza1753@email.com,11999991753
1754,Fernanda Alves,29.0,Vinhedo,SP,Ninja 400,Kawasaki,Esportiva,2023,"R$ 33.102,00",Moto Center Vinhedo,Vinhedo,João Silva,Cancelada,Cartão,24/10/2026,fernanda.alves1754@email.com,11999991754
1755,Juliana Costa,47.0,Valinhos,SP,Ninja 400,Kawasaki,Esportiva,2023,"R$ 34.475,00",Moto Center Valinhos,Valinhos,João Silva,Cancelada,Cartão,11/12/2026,juliana.costa1755@email.com,11999991755
1756,Carlos Mendes,43.0,Jundiai,SP,MT-07,Yamaha,Naked,2024,"R$ 47.681,00",Moto Center Jundiaí,Jundiai,Carlos Santos,Concluída,Financiamento,13/08/2026,carlos.mendes1756@email.com,11999991756
1757,Carolina Gomes,58.0,Vinhedo,SP,Versys 650,Kawasaki,Trail,2024,"R$ 47.991,00",Moto Center Vinhedo,Vinhedo,Pedro Souza,Concluída,Cartão,03/11/2026,carolina.gomes1757@email.com,11999991757
1758,Diego Martins,61.0,Campinas,SP,MT-03,Yamaha,Naked,2024,"R$ 31.130,00",Moto Center Campinas,Campinas,Carlos Santos,Agendada,Pix,12/10/2026,diego.martins1758@email.com,11999991758
1759,Ana Souza,68.0,Valinhos,SP,CB 650R,Honda,Naked,2024,"R$ 53.292,00",Moto Center Valinhos,Valinhos,Maria Oliveira,Agendada,Pix,02/06/2026,ana.souza1759@email.com,11999991759
1760,Marcos Pereira,49.0,Jundiai,SP,PCX 160,Honda,Scooter,2025,"R$ 21.327,00",Moto Center Jundiaí,Jundiai,Carlos Santos,Concluída,Pix,07/02/2026,marcos.pereira1760@email.com,11999991760
1761,Marcos Pereira,26.0,Campinas,SP,Ninja 400,Kawasaki,Esportiva,2023,"R$ 33.020,00",Moto Center Campinas,Campinas,João Silva,Agendada,Cartão,05/08/2026,marcos.pereira1761@email.com,11999991761
1762,Mariana Silva,63.0,Campinas,SP,MT-03,Yamaha,Naked,2024,"R$ 34.247,00",Moto Center Campinas,Campinas,João Silva,Concluída,Financiamento,26/06/2026,mariana.silva1762@email.com,11999991762
1763,Amanda Rodrigues,46.0,Campinas,SP,CB 500F,Honda,Naked,2024,"R$ 42.106,00",Moto Center Campinas,Campinas,Maria Oliveira,Agendada,Pix,28/03/2026,amanda.rodrigues1763@email.com,11999991763
1764,João Santos,45.0,Jundiai,SP,MT-03,Yamaha,Naked,2024,"R$ 34.178,00",Moto Center Jundiaí,Jundiai,Maria Oliveira,Agendada,Cartão,06/07/2026,joão.santos1764@email.com,11999991764
1765,Ana Souza,41.0,Campinas,SP,MT-07,Yamaha,Naked,2024,"R$ 47.057,00",Moto Center Campinas,Campinas,João Silva,Agendada,Financiamento,17/05/2026,ana.souza1765@email.com,11999991765
1766,Marcos Pereira,73.0,Vinhedo,SP,Ninja 400,Kawasaki,Esportiva,2023,"R$ 34.937,00",Moto Center Vinhedo,Vinhedo,Carlos Santos,Agendada,Cartão,14/09/2026,marcos.pereira1766@email.com,11999991766
1767,Pedro Oliveira,72.0,Vinhedo,SP,MT-07,Yamaha,Naked,2024,"R$ 48.543,00",Moto Center Vinhedo,Vinhedo,Maria Oliveira,Concluída,Cartão,09/10/2026,pedro.oliveira1767@email.com,11999991767
1768,Amanda Rodrigues,28.0,Campinas,SP,MT-07,Yamaha,Naked,2024,"R$ 48.453,00",Moto Center Campinas,Campinas,Pedro Souza,Cancelada,Pix,08/03/2026,amanda.rodrigues1768@email.com,11999991768
1769,Amanda Rodrigues,,Jundiai,SP,Versys 650,Kawasaki,Trail,2024,"R$ 48.448,00",Moto Center Jundiaí,Jundiai,Carlos Santos,Agendada,Financiamento,18/04/2026,amanda.rodrigues1769@email.com,11999991769
1770,Lucas Ferreira,69.0,Vinhedo,SP,Versys 650,Kawasaki,Trail,2024,"R$ 52.492,00",Moto Center Vinhedo,Vinhedo,Carlos Santos,Agendada,Financiamento,17/10/2026,lucas.ferreira1770@email.com,11999991770
1771,Juliana Costa,42.0,Campinas,SP,MT-07,Yamaha,Naked,2024,"R$ 49.658,00",Moto Center Campinas,Campinas,Maria Oliveira,Agendada,Financiamento,22/06/2026,juliana.costa1771@email.com,11999991771
1772,Ana Souza,38.0,Vinhedo,SP,PCX 160,Honda,Scooter,2025,"R$ 19.796,00",Moto Center Vinhedo,Vinhedo,Carlos Santos,Agendada,Pix,16/04/2026,ana.souza1772@email.com,11999991772
1773,Ana Souza,68.0,Valinhos,SP,Ninja 400,Kawasaki,Esportiva,2023,"R$ 33.921,00",Moto Center Valinhos,Valinhos,Pedro Souza,Agendada,Pix,20/11/2026,ana.souza1773@email.com,11999991773
1774,Lucas Ferreira,38.0,Vinhedo,SP,CB 650R,Honda,Naked,2024,"R$ 51.837,00",Moto Center Vinhedo,Vinhedo,Maria Oliveira,Agendada,Cartão,21/03/2026,lucas.ferreira1774@email.com,11999991774
1775,Fernanda Alves,35.0,Vinhedo,SP,Versys 650,Kawasaki,Trail,2024,"R$ 47.567,00",Moto Center Vinhedo,Vinhedo,Pedro Souza,Cancelada,Financiamento,04/10/2026,fernanda.alves1775@email.com,11999991775
1776,Bruno Lima,44.0,Vinhedo,SP,Ninja 400,Kawasaki,Esportiva,2023,"R$ 36.093,00",Moto Center Vinhedo,Vinhedo,Maria Oliveira,Concluída,Financiamento,11/06/2026,bruno.lima1776@email.com,11999991776
1777,Fernanda Alves,67.0,Valinhos,SP,PCX 160,Honda,Scooter,2025,"R$ 23.428,00",Moto Center Valinhos,Valinhos,João Silva,Cancelada,Financiamento,08/02/2026,fernanda.alves1777@email.com,11999991777
1778,Renata Costa,29.0,Campinas,SP,MT-07,Yamaha,Naked,2024,"R$ 48.921,00",Moto Center Campinas,Campinas,Maria Oliveira,Cancelada,Financiamento,21/07/2026,renata.costa1778@email.com,11999991778
1779,Amanda Rodrigues,22.0,Jundiai,SP,CB 500F,Honda,Naked,2024,"R$ 43.647,00",Moto Center Jundiaí,Jundiai,Carlos Santos,Concluída,Pix,06/09/2026,amanda.rodrigues1779@email.com,11999991779
1780,Juliana Costa,52.0,Jundiai,SP,Ninja 400,Kawasaki,Esportiva,2023,"R$ 34.273,00",Moto Center Jundiaí,Jundiai,Maria Oliveira,Agendada,Pix,08/01/2026,juliana.costa1780@email.com,11999991780
1781,Ana Souza,,Jundiai,SP,MT-07,Yamaha,Naked,2024,"R$ 51.374,00",Moto Center Jundiaí,Jundiai,João Silva,Cancelada,Financiamento,21/07/2026,ana.souza1781@email.com,11999991781
1782,Amanda Rodrigues,62.0,Campinas,SP,CB 650R,Honda,Naked,2024,"R$ 51.731,00",Moto Center Campinas,Campinas,Pedro Souza,Agendada,Financiamento,02/05/2026,amanda.rodrigues1782@email.com,11999991782
1783,Juliana Costa,34.0,Jundiai,SP,MT-03,Yamaha,Naked,2024,"R$ 29.663,00",Moto Center Jundiaí,Jundiai,Carlos Santos,Cancelada,Financiamento,17/12/2026,juliana.costa1783@email.com,11999991783
1784,Lucas Ferreira,39.0,Valinhos,SP,CB 650R,Honda,Naked,2024,"R$ 52.284,00",Moto Center Valinhos,Valinhos,Carlos Santos,Cancelada,Pix,04/03/2026,lucas.ferreira1784@email.com,11999991784
1785,Carolina Gomes,31.0,Campinas,SP,Ninja 400,Kawasaki,Esportiva,2023,"R$ 35.068,00",Moto Center Campinas,Campinas,Maria Oliveira,Concluída,Cartão,15/06/2026,carolina.gomes1785@email.com,11999991785
1786,João Santos,20.0,Campinas,SP,Ninja 400,Kawasaki,Esportiva,2023,"R$ 34.905,00",Moto Center Campinas,Campinas,Carlos Santos,Agendada,Cartão,22/04/2026,joão.santos1786@email.com,11999991786
1787,Marcos Pereira,39.0,Vinhedo,SP,MT-07,Yamaha,Naked,2024,"R$ 52.650,00",Moto Center Vinhedo,Vinhedo,Pedro Souza,Concluída,Pix,01/03/2026,marcos.pereira1787@email.com,11999991787
1788,Diego Martins,72.0,Vinhedo,SP,CB 500F,Honda,Naked,2024,"R$ 45.169,00",Moto Center Vinhedo,Vinhedo,João Silva,Agendada,Cartão,12/04/2026,diego.martins1788@email.com,11999991788
1789,Mariana Silva,21.0,Campinas,SP,PCX 160,Honda,Scooter,2025,"R$ 22.760,00",Moto Center Campinas,Campinas,Pedro Souza,Agendada,Pix,13/01/2026,mariana.silva1789@email.com,11999991789
1790,Carolina Gomes,,Campinas,SP,Ninja 400,Kawasaki,Esportiva,2023,"R$ 35.682,00",Moto Center Campinas,Campinas,Pedro Souza,Concluída,Pix,25/08/2026,carolina.gomes1790@email.com,11999991790
1791,Renata Costa,42.0,Campinas,SP,MT-07,Yamaha,Naked,2024,"R$ 48.212,00",Moto Center Campinas,Campinas,Pedro Souza,Agendada,Cartão,04/03/2026,renata.costa1791@email.com,11999991791
1792,Lucas Ferreira,46.0,Campinas,SP,MT-03,Yamaha,Naked,2024,"R$ 34.269,00",Moto Center Campinas,Campinas,Maria Oliveira,Agendada,Pix,17/09/2026,lucas.ferreira1792@email.com,11999991792
1793,Diego Martins,75.0,Jundiai,SP,MT-03,Yamaha,Naked,2024,"R$ 31.837,00",Moto Center Jundiaí,Jundiai,Maria Oliveira,Cancelada,Pix,22/04/2026,diego.martins1793@email.com,11999991793
1794,Amanda Rodrigues,75.0,Jundiai,SP,CB 650R,Honda,Naked,2024,"R$ 50.331,00",Moto Center Jundiaí,Jundiai,João Silva,Cancelada,Cartão,18/07/2026,amanda.rodrigues1794@email.com,11999991794
1795,Juliana Costa,63.0,Vinhedo,SP,PCX 160,Honda,Scooter,2025,"R$ 23.259,00",Moto Center Vinhedo,Vinhedo,Maria Oliveira,Cancelada,Cartão,25/07/2026,juliana.costa1795@email.com,11999991795
1796,Carlos Mendes,58.0,Campinas,SP,PCX 160,Honda,Scooter,2025,"R$ 21.610,00",Moto Center Campinas,Campinas,Maria Oliveira,Concluída,Cartão,10/12/2026,carlos.mendes1796@email.com,11999991796
1797,Fernanda Alves,65.0,Valinhos,SP,CB 500F,Honda,Naked,2024,"R$ 43.425,00",Moto Center Valinhos,Valinhos,Carlos Santos,Cancelada,Cartão,16/05/2026,fernanda.alves1797@email.com,11999991797
1798,Renata Costa,,Vinhedo,SP,CB 500F,Honda,Naked,2024,"R$ 45.070,00",Moto Center Vinhedo,Vinhedo,Maria Oliveira,Cancelada,Financiamento,05/06/2026,renata.costa1798@email.com,11999991798
1799,Mariana Silva,18.0,Valinhos,SP,CB 650R,Honda,Naked,2024,"R$ 52.322,00",Moto Center Valinhos,Valinhos,Pedro Souza,Cancelada,Financiamento,18/10/2026,mariana.silva1799@email.com,11999991799
1800,Juliana Costa,60.0,Vinhedo,SP,CB 500F,Honda,Naked,2024,"R$ 45.407,00",Moto Center Vinhedo,Vinhedo,Carlos Santos,Cancelada,Cartão,03/06/2026,juliana.costa1800@email.com,11999991800
1801,Bruno Lima,24.0,Vinhedo,SP,Ninja 400,Kawasaki,Esportiva,2023,"R$ 38.217,00",Moto Center Vinhedo,Vinhedo,Maria Oliveira,Agendada,Financiamento,04/05/2026,bruno.lima1801@email.com,11999991801
1802,Carolina Gomes,50.0,Jundiai,SP,MT-07,Yamaha,Naked,2024,"R$ 47.399,00",Moto Center Jundiaí,Jundiai,Carlos Santos,Concluída,Pix,04/05/2026,carolina.gomes1802@email.com,11999991802
1803,Fernanda Alves,39.0,Valinhos,SP,MT-03,Yamaha,Naked,2024,"R$ 33.159,00",Moto Center Valinhos,Valinhos,Carlos Santos,Agendada,Financiamento,12/01/2026,fernanda.alves1803@email.com,11999991803
1804,Renata Costa,27.0,Jundiai,SP,CB 650R,Honda,Naked,2024,"R$ 51.859,00",Moto Center Jundiaí,Jundiai,João Silva,Concluída,Cartão,05/12/2026,renata.costa1804@email.com,11999991804
1805,Pedro Oliveira,21.0,Campinas,SP,CB 650R,Honda,Naked,2024,"R$ 51.952,00",Moto Center Campinas,Campinas,Carlos Santos,Cancelada,Pix,14/09/2026,pedro.oliveira1805@email.com,11999991805
1806,Renata Costa,51.0,Campinas,SP,Versys 650,Kawasaki,Trail,2024,"R$ 50.305,00",Moto Center Campinas,Campinas,Pedro Souza,Concluída,Pix,03/01/2026,renata.costa1806@email.com,11999991806
1807,Amanda Rodrigues,52.0,Jundiai,SP,CB 500F,Honda,Naked,2024,"R$ 43.193,00",Moto Center Jundiaí,Jundiai,Pedro Souza,Cancelada,Pix,21/04/2026,amanda.rodrigues1807@email.com,11999991807
1808,Juliana Costa,37.0,Valinhos,SP,Ninja 400,Kawasaki,Esportiva,2023,"R$ 35.793,00",Moto Center Valinhos,Valinhos,Carlos Santos,Concluída,Pix,01/09/2026,juliana.costa1808@email.com,11999991808
1809,Pedro Oliveira,59.0,Vinhedo,SP,Versys 650,Kawasaki,Trail,2024,"R$ 51.653,00",Moto Center Vinhedo,Vinhedo,Carlos Santos,Agendada,Cartão,09/03/2026,pedro.oliveira1809@email.com,11999991809
1810,Marcos Pereira,63.0,Jundiai,SP,CB 500F,Honda,Naked,2024,"R$ 45.175,00",Moto Center Jundiaí,Jundiai,Carlos Santos,Cancelada,Financiamento,06/11/2026,marcos.pereira1810@email.com,11999991810
1811,Carolina Gomes,,Jundiai,SP,PCX 160,Honda,Scooter,2025,"R$ 20.429,00",Moto Center Jundiaí,Jundiai,João Silva,Cancelada,Pix,17/09/2026,carolina.gomes1811@email.com,11999991811
1812,Fernanda Alves,50.0,Campinas,SP,MT-07,Yamaha,Naked,2024,"R$ 47.298,00",Moto Center Campinas,Campinas,Pedro Souza,Agendada,Financiamento,28/01/2026,fernanda.alves1812@email.com,11999991812
1813,Bruno Lima,66.0,Jundiai,SP,MT-03,Yamaha,Naked,2024,"R$ 35.146,00",Moto Center Jundiaí,Jundiai,João Silva,Concluída,Pix,14/04/2026,bruno.lima1813@email.com,11999991813
1814,Juliana Costa,24.0,Valinhos,SP,MT-03,Yamaha,Naked,2024,"R$ 33.165,00",Moto Center Valinhos,Valinhos,João Silva,Concluída,Pix,09/02/2026,juliana.costa1814@email.com,11999991814
1815,Fernanda Alves,22.0,Jundiai,SP,Versys 650,Kawasaki,Trail,2024,"R$ 50.489,00",Moto Center Jundiaí,Jundiai,Maria Oliveira,Agendada,Cartão,28/01/2026,fernanda.alves1815@email.com,11999991815
1816,Thiago Alves,37.0,Valinhos,SP,PCX 160,Honda,Scooter,2025,"R$ 24.327,00",Moto Center Valinhos,Valinhos,Carlos Santos,Agendada,Pix,13/11/2026,thiago.alves1816@email.com,11999991816
1817,Mariana Silva,67.0,Jundiai,SP,MT-03,Yamaha,Naked,2024,"R$ 33.107,00",Moto Center Jundiaí,Jundiai,Carlos Santos,Cancelada,Pix,10/09/2026,mariana.silva1817@email.com,11999991817
1818,Fernanda Alves,,Campinas,SP,CB 650R,Honda,Naked,2024,"R$ 51.523,00",Moto Center Campinas,Campinas,João Silva,Agendada,Pix,19/11/2026,fernanda.alves1818@email.com,11999991818
1819,João Santos,43.0,Vinhedo,SP,MT-03,Yamaha,Naked,2024,"R$ 33.541,00",Moto Center Vinhedo,Vinhedo,Carlos Santos,Agendada,Financiamento,21/05/2026,joão.santos1819@email.com,11999991819
1820,João Santos,39.0,Jundiai,SP,MT-07,Yamaha,Naked,2024,"R$ 48.886,00",Moto Center Jundiaí,Jundiai,Carlos Santos,Agendada,Financiamento,24/01/2026,joão.santos1820@email.com,11999991820
1821,Renata Costa,74.0,Jundiai,SP,MT-03,Yamaha,Naked,2024,"R$ 34.257,00",Moto Center Jundiaí,Jundiai,João Silva,Cancelada,Pix,15/10/2026,renata.costa1821@email.com,11999991821
1822,Amanda Rodrigues,68.0,Campinas,SP,Versys 650,Kawasaki,Trail,2024,"R$ 47.630,00",Moto Center Campinas,Campinas,Carlos Santos,Cancelada,Financiamento,02/04/2026,amanda.rodrigues1822@email.com,11999991822
1823,Bruno Lima,60.0,Valinhos,SP,MT-07,Yamaha,Naked,2024,"R$ 49.976,00",Moto Center Valinhos,Valinhos,Carlos Santos,Agendada,Pix,06/10/2026,bruno.lima1823@email.com,11999991823
1824,Carlos Mendes,26.0,Valinhos,SP,Ninja 400,Kawasaki,Esportiva,2023,"R$ 33.089,00",Moto Center Valinhos,Valinhos,Maria Oliveira,Concluída,Cartão,14/03/2026,carlos.mendes1824@email.com,11999991824
1825,Juliana Costa,68.0,Campinas,SP,CB 650R,Honda,Naked,2024,"R$ 52.015,00",Moto Center Campinas,Campinas,João Silva,Agendada,Financiamento,18/09/2026,juliana.costa1825@email.com,11999991825
1826,Bruno Lima,55.0,Campinas,SP,PCX 160,Honda,Scooter,2025,"R$ 21.272,00",Moto Center Campinas,Campinas,João Silva,Concluída,Cartão,25/11/2026,bruno.lima1826@email.com,11999991826
1827,Carolina Gomes,39.0,Campinas,SP,PCX 160,Honda,Scooter,2025,"R$ 23.241,00",Moto Center Campinas,Campinas,João Silva,Concluída,Financiamento,09/06/2026,carolina.gomes1827@email.com,11999991827
1828,Pedro Oliveira,71.0,Jundiai,SP,CB 500F,Honda,Naked,2024,"R$ 41.039,00",Moto Center Jundiaí,Jundiai,Pedro Souza,Cancelada,Cartão,18/08/2026,pedro.oliveira1828@email.com,11999991828
1829,Carlos Mendes,74.0,Campinas,SP,MT-03,Yamaha,Naked,2024,"R$ 35.320,00",Moto Center Campinas,Campinas,João Silva,Agendada,Pix,18/04/2026,carlos.mendes1829@email.com,11999991829
1830,Carolina Gomes,48.0,Jundiai,SP,Ninja 400,Kawasaki,Esportiva,2023,"R$ 37.521,00",Moto Center Jundiaí,Jundiai,João Silva,Cancelada,Pix,08/07/2026,carolina.gomes1830@email.com,11999991830
1831,Diego Martins,69.0,Jundiai,SP,MT-03,Yamaha,Naked,2024,"R$ 34.134,00",Moto Center Jundiaí,Jundiai,João Silva,Concluída,Financiamento,07/10/2026,diego.martins1831@email.com,11999991831
1832,Carolina Gomes,60.0,Vinhedo,SP,MT-03,Yamaha,Naked,2024,"R$ 30.637,00",Moto Center Vinhedo,Vinhedo,João Silva,Cancelada,Financiamento,20/04/2026,carolina.gomes1832@email.com,11999991832
1833,Juliana Costa,47.0,Jundiai,SP,MT-03,Yamaha,Naked,2024,"R$ 35.062,00",Moto Center Jundiaí,Jundiai,João Silva,Agendada,Cartão,23/06/2026,juliana.costa1833@email.com,11999991833
1834,Bruno Lima,53.0,Vinhedo,SP,Versys 650,Kawasaki,Trail,2024,"R$ 50.463,00",Moto Center Vinhedo,Vinhedo,Pedro Souza,Concluída,Financiamento,03/12/2026,bruno.lima1834@email.com,11999991834
1835,Bruno Lima,33.0,Vinhedo,SP,CB 500F,Honda,Naked,2024,"R$ 43.143,00",Moto Center Vinhedo,Vinhedo,Carlos Santos,Concluída,Pix,23/03/2026,bruno.lima1835@email.com,11999991835
1836,Ana Souza,48.0,Valinhos,SP,CB 500F,Honda,Naked,2024,"R$ 41.611,00",Moto Center Valinhos,Valinhos,Pedro Souza,Agendada,Pix,04/12/2026,ana.souza1836@email.com,11999991836
1837,Carolina Gomes,27.0,Vinhedo,SP,MT-07,Yamaha,Naked,2024,"R$ 52.885,00",Moto Center Vinhedo,Vinhedo,Maria Oliveira,Agendada,Financiamento,25/12/2026,carolina.gomes1837@email.com,11999991837
1838,Diego Martins,33.0,Jundiai,SP,CB 500F,Honda,Naked,2024,"R$ 40.089,00",Moto Center Jundiaí,Jundiai,Carlos Santos,Agendada,Pix,04/02/2026,diego.martins1838@email.com,11999991838
1839,Bruno Lima,31.0,Vinhedo,SP,Versys 650,Kawasaki,Trail,2024,"R$ 47.936,00",Moto Center Vinhedo,Vinhedo,Carlos Santos,Concluída,Pix,15/10/2026,bruno.lima1839@email.com,11999991839
1840,Marcos Pereira,75.0,Campinas,SP,MT-07,Yamaha,Naked,2024,"R$ 50.433,00",Moto Center Campinas,Campinas,Carlos Santos,Agendada,Cartão,09/09/2026,marcos.pereira1840@email.com,11999991840
1841,Carlos Mendes,,Valinhos,SP,MT-03,Yamaha,Naked,2024,"R$ 30.290,00",Moto Center Valinhos,Valinhos,Maria Oliveira,Agendada,Pix,08/04/2026,carlos.mendes1841@email.com,11999991841
1842,João Santos,50.0,Vinhedo,SP,MT-03,Yamaha,Naked,2024,"R$ 33.495,00",Moto Center Vinhedo,Vinhedo,Maria Oliveira,Concluída,Pix,27/03/2026,joão.santos1842@email.com,11999991842
1843,Marcos Pereira,44.0,Jundiai,SP,CB 500F,Honda,Naked,2024,"R$ 43.355,00",Moto Center Jundiaí,Jundiai,Carlos Santos,Concluída,Pix,17/09/2026,marcos.pereira1843@email.com,11999991843
1844,Thiago Alves,21.0,Vinhedo,SP,Ninja 400,Kawasaki,Esportiva,2023,"R$ 36.067,00",Moto Center Vinhedo,Vinhedo,Maria Oliveira,Agendada,Cartão,21/12/2026,thiago.alves1844@email.com,11999991844
1845,Pedro Oliveira,70.0,Campinas,SP,MT-07,Yamaha,Naked,2024,"R$ 47.005,00",Moto Center Campinas,Campinas,Carlos Santos,Agendada,Financiamento,20/05/2026,pedro.oliveira1845@email.com,11999991845
1846,Amanda Rodrigues,30.0,Vinhedo,SP,PCX 160,Honda,Scooter,2025,"R$ 19.480,00",Moto Center Vinhedo,Vinhedo,Pedro Souza,Cancelada,Cartão,13/06/2026,amanda.rodrigues1846@email.com,11999991846
1847,Carolina Gomes,70.0,Jundiai,SP,CB 650R,Honda,Naked,2024,"R$ 54.853,00",Moto Center Jundiaí,Jundiai,Pedro Souza,Agendada,Cartão,16/02/2026,carolina.gomes1847@email.com,11999991847
1848,João Santos,57.0,Valinhos,SP,CB 500F,Honda,Naked,2024,"R$ 40.345,00",Moto Center Valinhos,Valinhos,Pedro Souza,Cancelada,Cartão,22/05/2026,joão.santos1848@email.com,11999991848
1849,Juliana Costa,46.0,Jundiai,SP,CB 650R,Honda,Naked,2024,"R$ 53.520,00",Moto Center Jundiaí,Jundiai,Maria Oliveira,Cancelada,Financiamento,10/11/2026,juliana.costa1849@email.com,11999991849
1850,Mariana Silva,43.0,Jundiai,SP,MT-03,Yamaha,Naked,2024,"R$ 35.320,00",Moto Center Jundiaí,Jundiai,Carlos Santos,Agendada,Cartão,28/01/2026,mariana.silva1850@email.com,11999991850
1851,Mariana Silva,51.0,Vinhedo,SP,CB 650R,Honda,Naked,2024,"R$ 54.900,00",Moto Center Vinhedo,Vinhedo,João Silva,Concluída,Financiamento,10/11/2026,mariana.silva1851@email.com,11999991851
1852,Pedro Oliveira,70.0,Valinhos,SP,MT-03,Yamaha,Naked,2024,"R$ 31.558,00",Moto Center Valinhos,Valinhos,Carlos Santos,Agendada,Financiamento,28/02/2026,pedro.oliveira1852@email.com,11999991852
1853,Juliana Costa,49.0,Campinas,SP,PCX 160,Honda,Scooter,2025,"R$ 21.777,00",Moto Center Campinas,Campinas,João Silva,Agendada,Financiamento,07/06/2026,juliana.costa1853@email.com,11999991853
1854,Thiago Alves,,Vinhedo,SP,CB 500F,Honda,Naked,2024,"R$ 43.667,00",Moto Center Vinhedo,Vinhedo,Carlos Santos,Agendada,Cartão,14/07/2026,thiago.alves1854@email.com,11999991854
1855,Ana Souza,65.0,Valinhos,SP,CB 650R,Honda,Naked,2024,"R$ 55.429,00",Moto Center Valinhos,Valinhos,João Silva,Concluída,Financiamento,20/08/2026,ana.souza1855@email.com,11999991855
1856,Bruno Lima,26.0,Valinhos,SP,MT-07,Yamaha,Naked,2024,"R$ 50.598,00",Moto Center Valinhos,Valinhos,Carlos Santos,Agendada,Financiamento,22/01/2026,bruno.lima1856@email.com,11999991856
1857,Marcos Pereira,30.0,Valinhos,SP,MT-07,Yamaha,Naked,2024,"R$ 51.551,00",Moto Center Valinhos,Valinhos,Pedro Souza,Concluída,Cartão,09/08/2026,marcos.pereira1857@email.com,11999991857
1858,Pedro Oliveira,21.0,Valinhos,SP,Ninja 400,Kawasaki,Esportiva,2023,"R$ 33.354,00",Moto Center Valinhos,Valinhos,João Silva,Agendada,Pix,21/01/2026,pedro.oliveira1858@email.com,11999991858
1859,Thiago Alves,28.0,Vinhedo,SP,CB 500F,Honda,Naked,2024,"R$ 43.657,00",Moto Center Vinhedo,Vinhedo,Carlos Santos,Concluída,Pix,02/06/2026,thiago.alves1859@email.com,11999991859
1860,Lucas Ferreira,70.0,Jundiai,SP,MT-07,Yamaha,Naked,2024,"R$ 52.913,00",Moto Center Jundiaí,Jundiai,Carlos Santos,Agendada,Pix,23/10/2026,lucas.ferreira1860@email.com,11999991860
1861,João Santos,32.0,Vinhedo,SP,MT-07,Yamaha,Naked,2024,"R$ 47.496,00",Moto Center Vinhedo,Vinhedo,João Silva,Cancelada,Financiamento,10/03/2026,joão.santos1861@email.com,11999991861
1862,Carlos Mendes,53.0,Campinas,SP,CB 500F,Honda,Naked,2024,"R$ 41.501,00",Moto Center Campinas,Campinas,Maria Oliveira,Agendada,Cartão,24/03/2026,carlos.mendes1862@email.com,11999991862
1863,Thiago Alves,27.0,Vinhedo,SP,CB 650R,Honda,Naked,2024,"R$ 50.495,00",Moto Center Vinhedo,Vinhedo,Pedro Souza,Agendada,Pix,09/05/2026,thiago.alves1863@email.com,11999991863
1864,Thiago Alves,26.0,Valinhos,SP,PCX 160,Honda,Scooter,2025,"R$ 21.919,00",Moto Center Valinhos,Valinhos,Carlos Santos,Cancelada,Financiamento,23/06/2026,thiago.alves1864@email.com,11999991864
1865,Pedro Oliveira,20.0,Campinas,SP,Versys 650,Kawasaki,Trail,2024,"R$ 49.494,00",Moto Center Campinas,Campinas,Maria Oliveira,Cancelada,Cartão,26/05/2026,pedro.oliveira1865@email.com,11999991865
1866,Amanda Rodrigues,31.0,Valinhos,SP,MT-03,Yamaha,Naked,2024,"R$ 32.888,00",Moto Center Valinhos,Valinhos,Maria Oliveira,Concluída,Pix,10/11/2026,amanda.rodrigues1866@email.com,11999991866
1867,Diego Martins,69.0,Valinhos,SP,Ninja 400,Kawasaki,Esportiva,2023,"R$ 33.947,00",Moto Center Valinhos,Valinhos,Maria Oliveira,Agendada,Cartão,08/07/2026,diego.martins1867@email.com,11999991867
1868,Carlos Mendes,31.0,Vinhedo,SP,PCX 160,Honda,Scooter,2025,"R$ 21.327,00",Moto Center Vinhedo,Vinhedo,Maria Oliveira,Concluída,Financiamento,18/04/2026,carlos.mendes1868@email.com,11999991868
1869,Thiago Alves,54.0,Valinhos,SP,Ninja 400,Kawasaki,Esportiva,2023,"R$ 37.782,00",Moto Center Valinhos,Valinhos,João Silva,Concluída,Cartão,28/01/2026,thiago.alves1869@email.com,11999991869
1870,João Santos,32.0,Jundiai,SP,MT-03,Yamaha,Naked,2024,"R$ 34.403,00",Moto Center Jundiaí,Jundiai,João Silva,Concluída,Financiamento,27/02/2026,joão.santos1870@email.com,11999991870
1871,Bruno Lima,26.0,Valinhos,SP,MT-03,Yamaha,Naked,2024,"R$ 32.430,00",Moto Center Valinhos,Valinhos,Pedro Souza,Cancelada,Pix,27/03/2026,bruno.lima1871@email.com,11999991871
1872,Thiago Alves,43.0,Campinas,SP,CB 650R,Honda,Naked,2024,"R$ 55.700,00",Moto Center Campinas,Campinas,Pedro Souza,Concluída,Financiamento,26/10/2026,thiago.alves1872@email.com,11999991872
1873,Carolina Gomes,,Campinas,SP,Ninja 400,Kawasaki,Esportiva,2023,"R$ 35.968,00",Moto Center Campinas,Campinas,Pedro Souza,Cancelada,Financiamento,17/09/2026,carolina.gomes1873@email.com,11999991873
1874,Marcos Pereira,47.0,Jundiai,SP,MT-03,Yamaha,Naked,2024,"R$ 31.287,00",Moto Center Jundiaí,Jundiai,Carlos Santos,Agendada,Cartão,21/03/2026,marcos.pereira1874@email.com,11999991874
1875,Carolina Gomes,51.0,Vinhedo,SP,CB 500F,Honda,Naked,2024,"R$ 39.665,00",Moto Center Vinhedo,Vinhedo,Carlos Santos,Cancelada,Financiamento,14/01/2026,carolina.gomes1875@email.com,11999991875
1876,Diego Martins,20.0,Campinas,SP,Versys 650,Kawasaki,Trail,2024,"R$ 51.795,00",Moto Center Campinas,Campinas,Carlos Santos,Cancelada,Financiamento,05/04/2026,diego.martins1876@email.com,11999991876
1877,Renata Costa,58.0,Valinhos,SP,MT-03,Yamaha,Naked,2024,"R$ 34.375,00",Moto Center Valinhos,Valinhos,Pedro Souza,Agendada,Cartão,08/04/2026,renata.costa1877@email.com,11999991877
1878,Thiago Alves,40.0,Valinhos,SP,Versys 650,Kawasaki,Trail,2024,"R$ 48.441,00",Moto Center Valinhos,Valinhos,João Silva,Agendada,Financiamento,03/08/2026,thiago.alves1878@email.com,11999991878
1879,João Santos,30.0,Vinhedo,SP,CB 650R,Honda,Naked,2024,"R$ 50.812,00",Moto Center Vinhedo,Vinhedo,Pedro Souza,Agendada,Cartão,20/03/2026,joão.santos1879@email.com,11999991879
1880,Mariana Silva,47.0,Vinhedo,SP,Versys 650,Kawasaki,Trail,2024,"R$ 48.081,00",Moto Center Vinhedo,Vinhedo,Carlos Santos,Concluída,Cartão,22/02/2026,mariana.silva1880@email.com,11999991880
1881,Fernanda Alves,57.0,Valinhos,SP,MT-07,Yamaha,Naked,2024,"R$ 48.838,00",Moto Center Valinhos,Valinhos,João Silva,Cancelada,Financiamento,09/03/2026,fernanda.alves1881@email.com,11999991881
1882,Pedro Oliveira,69.0,Jundiai,SP,Ninja 400,Kawasaki,Esportiva,2023,"R$ 37.886,00",Moto Center Jundiaí,Jundiai,Maria Oliveira,Cancelada,Financiamento,07/03/2026,pedro.oliveira1882@email.com,11999991882
1883,Diego Martins,47.0,Valinhos,SP,PCX 160,Honda,Scooter,2025,"R$ 23.866,00",Moto Center Valinhos,Valinhos,João Silva,Cancelada,Financiamento,23/06/2026,diego.martins1883@email.com,11999991883
1884,Juliana Costa,38.0,Vinhedo,SP,Ninja 400,Kawasaki,Esportiva,2023,"R$ 38.126,00",Moto Center Vinhedo,Vinhedo,Maria Oliveira,Agendada,Cartão,13/07/2026,juliana.costa1884@email.com,11999991884
1885,Pedro Oliveira,72.0,Valinhos,SP,Ninja 400,Kawasaki,Esportiva,2023,"R$ 34.729,00",Moto Center Valinhos,Valinhos,Maria Oliveira,Cancelada,Financiamento,03/08/2026,pedro.oliveira1885@email.com,11999991885
1886,Carolina Gomes,69.0,Jundiai,SP,PCX 160,Honda,Scooter,2025,"R$ 23.864,00",Moto Center Jundiaí,Jundiai,João Silva,Concluída,Cartão,05/01/2026,carolina.gomes1886@email.com,11999991886
1887,Mariana Silva,26.0,Valinhos,SP,MT-07,Yamaha,Naked,2024,"R$ 47.658,00",Moto Center Valinhos,Valinhos,Carlos Santos,Concluída,Pix,22/02/2026,mariana.silva1887@email.com,11999991887
1888,Ana Souza,23.0,Jundiai,SP,Ninja 400,Kawasaki,Esportiva,2023,"R$ 36.354,00",Moto Center Jundiaí,Jundiai,João Silva,Agendada,Cartão,26/08/2026,ana.souza1888@email.com,11999991888
1889,Renata Costa,71.0,Jundiai,SP,PCX 160,Honda,Scooter,2025,"R$ 21.550,00",Moto Center Jundiaí,Jundiai,João Silva,Agendada,Cartão,17/05/2026,renata.costa1889@email.com,11999991889
1890,João Santos,66.0,Vinhedo,SP,CB 500F,Honda,Naked,2024,"R$ 41.020,00",Moto Center Vinhedo,Vinhedo,Maria Oliveira,Cancelada,Pix,04/12/2026,joão.santos1890@email.com,11999991890
1891,Amanda Rodrigues,57.0,Jundiai,SP,Ninja 400,Kawasaki,Esportiva,2023,"R$ 38.577,00",Moto Center Jundiaí,Jundiai,João Silva,Cancelada,Cartão,19/04/2026,amanda.rodrigues1891@email.com,11999991891
1892,João Santos,20.0,Jundiai,SP,PCX 160,Honda,Scooter,2025,"R$ 22.160,00",Moto Center Jundiaí,Jundiai,Pedro Souza,Agendada,Pix,24/02/2026,joão.santos1892@email.com,11999991892
1893,João Santos,70.0,Campinas,SP,MT-07,Yamaha,Naked,2024,"R$ 47.068,00",Moto Center Campinas,Campinas,Carlos Santos,Cancelada,Financiamento,04/06/2026,joão.santos1893@email.com,11999991893
1894,Renata Costa,59.0,Vinhedo,SP,MT-07,Yamaha,Naked,2024,"R$ 49.050,00",Moto Center Vinhedo,Vinhedo,Maria Oliveira,Concluída,Financiamento,25/10/2026,renata.costa1894@email.com,11999991894
1895,Amanda Rodrigues,54.0,Campinas,SP,Versys 650,Kawasaki,Trail,2024,"R$ 51.780,00",Moto Center Campinas,Campinas,Pedro Souza,Agendada,Pix,08/05/2026,amanda.rodrigues1895@email.com,11999991895
1896,Fernanda Alves,27.0,Jundiai,SP,PCX 160,Honda,Scooter,2025,"R$ 18.831,00",Moto Center Jundiaí,Jundiai,Pedro Souza,Cancelada,Cartão,09/12/2026,fernanda.alves1896@email.com,11999991896
1897,Pedro Oliveira,,Campinas,SP,Ninja 400,Kawasaki,Esportiva,2023,"R$ 38.095,00",Moto Center Campinas,Campinas,Pedro Souza,Agendada,Financiamento,04/02/2026,pedro.oliveira1897@email.com,11999991897
1898,Carlos Mendes,25.0,Vinhedo,SP,CB 650R,Honda,Naked,2024,"R$ 51.634,00",Moto Center Vinhedo,Vinhedo,João Silva,Agendada,Pix,02/01/2026,carlos.mendes1898@email.com,11999991898
1899,Bruno Lima,53.0,Campinas,SP,PCX 160,Honda,Scooter,2025,"R$ 20.497,00",Moto Center Campinas,Campinas,Carlos Santos,Agendada,Financiamento,06/12/2026,bruno.lima1899@email.com,11999991899
1900,Juliana Costa,44.0,Campinas,SP,Versys 650,Kawasaki,Trail,2024,"R$ 52.158,00",Moto Center Campinas,Campinas,Pedro Souza,Agendada,Pix,16/05/2026,juliana.costa1900@email.com,11999991900
1901,Marcos Pereira,61.0,Campinas,SP,CB 500F,Honda,Naked,2024,"R$ 39.852,00",Moto Center Campinas,Campinas,Maria Oliveira,Agendada,Cartão,01/08/2026,marcos.pereira1901@email.com,11999991901
1902,Diego Martins,22.0,Jundiai,SP,CB 500F,Honda,Naked,2024,"R$ 40.478,00",Moto Center Jundiaí,Jundiai,Carlos Santos,Agendada,Pix,19/07/2026,diego.martins1902@email.com,11999991902
1903,Diego Martins,66.0,Vinhedo,SP,MT-03,Yamaha,Naked,2024,"R$ 33.179,00",Moto Center Vinhedo,Vinhedo,João Silva,Agendada,Pix,17/09/2026,diego.martins1903@email.com,11999991903
1904,Diego Martins,34.0,Valinhos,SP,Ninja 400,Kawasaki,Esportiva,2023,"R$ 37.481,00",Moto Center Valinhos,Valinhos,Maria Oliveira,Concluída,Pix,12/02/2026,diego.martins1904@email.com,11999991904
1905,Renata Costa,64.0,Jundiai,SP,MT-07,Yamaha,Naked,2024,"R$ 50.568,00",Moto Center Jundiaí,Jundiai,Pedro Souza,Cancelada,Cartão,03/01/2026,renata.costa1905@email.com,11999991905
1906,Amanda Rodrigues,49.0,Campinas,SP,Versys 650,Kawasaki,Trail,2024,"R$ 52.109,00",Moto Center Campinas,Campinas,Carlos Santos,Concluída,Pix,15/08/2026,amanda.rodrigues1906@email.com,11999991906
1907,Renata Costa,72.0,Jundiai,SP,PCX 160,Honda,Scooter,2025,"R$ 20.112,00",Moto Center Jundiaí,Jundiai,Carlos Santos,Agendada,Financiamento,25/04/2026,renata.costa1907@email.com,11999991907
1908,Carlos Mendes,33.0,Vinhedo,SP,MT-03,Yamaha,Naked,2024,"R$ 34.746,00",Moto Center Vinhedo,Vinhedo,Maria Oliveira,Agendada,Cartão,28/05/2026,carlos.mendes1908@email.com,11999991908
1909,Bruno Lima,45.0,Campinas,SP,Versys 650,Kawasaki,Trail,2024,"R$ 47.007,00",Moto Center Campinas,Campinas,João Silva,Cancelada,Financiamento,16/10/2026,bruno.lima1909@email.com,11999991909
1910,Carolina Gomes,52.0,Vinhedo,SP,CB 650R,Honda,Naked,2024,"R$ 53.168,00",Moto Center Vinhedo,Vinhedo,Carlos Santos,Concluída,Pix,01/02/2026,carolina.gomes1910@email.com,11999991910
1911,Marcos Pereira,66.0,Campinas,SP,MT-03,Yamaha,Naked,2024,"R$ 35.086,00",Moto Center Campinas,Campinas,Pedro Souza,Cancelada,Pix,25/06/2026,marcos.pereira1911@email.com,11999991911
1912,Fernanda Alves,27.0,Vinhedo,SP,Ninja 400,Kawasaki,Esportiva,2023,"R$ 35.916,00",Moto Center Vinhedo,Vinhedo,Pedro Souza,Cancelada,Cartão,03/02/2026,fernanda.alves1912@email.com,11999991912
1913,Renata Costa,65.0,Campinas,SP,PCX 160,Honda,Scooter,2025,"R$ 20.728,00",Moto Center Campinas,Campinas,João Silva,Cancelada,Cartão,19/09/2026,renata.costa1913@email.com,11999991913
1914,Juliana Costa,37.0,Vinhedo,SP,Ninja 400,Kawasaki,Esportiva,2023,"R$ 33.776,00",Moto Center Vinhedo,Vinhedo,João Silva,Agendada,Cartão,19/07/2026,juliana.costa1914@email.com,11999991914
1915,Renata Costa,61.0,Valinhos,SP,PCX 160,Honda,Scooter,2025,"R$ 22.955,00",Moto Center Valinhos,Valinhos,Pedro Souza,Agendada,Cartão,14/01/2026,renata.costa1915@email.com,11999991915
1916,Carlos Mendes,60.0,Valinhos,SP,Ninja 400,Kawasaki,Esportiva,2023,"R$ 33.049,00",Moto Center Valinhos,Valinhos,Pedro Souza,Agendada,Cartão,21/02/2026,carlos.mendes1916@email.com,11999991916
1917,Carolina Gomes,18.0,Vinhedo,SP,MT-03,Yamaha,Naked,2024,"R$ 32.149,00",Moto Center Vinhedo,Vinhedo,João Silva,Cancelada,Cartão,17/02/2026,carolina.gomes1917@email.com,11999991917
1918,João Santos,73.0,Valinhos,SP,MT-07,Yamaha,Naked,2024,"R$ 49.574,00",Moto Center Valinhos,Valinhos,Maria Oliveira,Agendada,Financiamento,03/12/2026,joão.santos1918@email.com,11999991918
1919,Thiago Alves,63.0,Jundiai,SP,Versys 650,Kawasaki,Trail,2024,"R$ 48.968,00",Moto Center Jundiaí,Jundiai,João Silva,Agendada,Financiamento,10/10/2026,thiago.alves1919@email.com,11999991919
1920,Juliana Costa,57.0,Campinas,SP,CB 650R,Honda,Naked,2024,"R$ 52.704,00",Moto Center Campinas,Campinas,João Silva,Concluída,Pix,03/04/2026,juliana.costa1920@email.com,11999991920
1921,Diego Martins,41.0,Campinas,SP,PCX 160,Honda,Scooter,2025,"R$ 20.599,00",Moto Center Campinas,Campinas,Maria Oliveira,Agendada,Pix,14/04/2026,diego.martins1921@email.com,11999991921
1922,Carlos Mendes,48.0,Jundiai,SP,MT-03,Yamaha,Naked,2024,"R$ 32.558,00",Moto Center Jundiaí,Jundiai,João Silva,Concluída,Pix,06/07/2026,carlos.mendes1922@email.com,11999991922
1923,Renata Costa,36.0,Campinas,SP,CB 500F,Honda,Naked,2024,"R$ 43.247,00",Moto Center Campinas,Campinas,Maria Oliveira,Concluída,Financiamento,16/06/2026,renata.costa1923@email.com,11999991923
1924,João Santos,61.0,Jundiai,SP,MT-03,Yamaha,Naked,2024,"R$ 29.792,00",Moto Center Jundiaí,Jundiai,João Silva,Concluída,Financiamento,19/04/2026,joão.santos1924@email.com,11999991924
1925,Diego Martins,75.0,Valinhos,SP,MT-07,Yamaha,Naked,2024,"R$ 48.136,00",Moto Center Valinhos,Valinhos,Maria Oliveira,Agendada,Cartão,15/05/2026,diego.martins1925@email.com,11999991925
1926,Amanda Rodrigues,29.0,Valinhos,SP,CB 650R,Honda,Naked,2024,"R$ 52.806,00",Moto Center Valinhos,Valinhos,João Silva,Cancelada,Cartão,12/11/2026,amanda.rodrigues1926@email.com,11999991926
1927,Marcos Pereira,39.0,Jundiai,SP,CB 500F,Honda,Naked,2024,"R$ 45.422,00",Moto Center Jundiaí,Jundiai,Pedro Souza,Agendada,Financiamento,18/12/2026,marcos.pereira1927@email.com,11999991927
1928,João Santos,36.0,Campinas,SP,MT-03,Yamaha,Naked,2024,"R$ 31.218,00",Moto Center Campinas,Campinas,João Silva,Agendada,Cartão,17/11/2026,joão.santos1928@email.com,11999991928
1929,Thiago Alves,38.0,Jundiai,SP,Ninja 400,Kawasaki,Esportiva,2023,"R$ 36.178,00",Moto Center Jundiaí,Jundiai,Pedro Souza,Cancelada,Financiamento,08/08/2026,thiago.alves1929@email.com,11999991929
1930,Marcos Pereira,40.0,Vinhedo,SP,Versys 650,Kawasaki,Trail,2024,"R$ 51.630,00",Moto Center Vinhedo,Vinhedo,Pedro Souza,Agendada,Pix,14/12/2026,marcos.pereira1930@email.com,11999991930
1931,Carlos Mendes,47.0,Jundiai,SP,CB 500F,Honda,Naked,2024,"R$ 41.067,00",Moto Center Jundiaí,Jundiai,João Silva,Cancelada,Financiamento,27/05/2026,carlos.mendes1931@email.com,11999991931
1932,Carolina Gomes,65.0,Campinas,SP,Ninja 400,Kawasaki,Esportiva,2023,"R$ 38.229,00",Moto Center Campinas,Campinas,Carlos Santos,Agendada,Pix,25/03/2026,carolina.gomes1932@email.com,11999991932
1933,Carolina Gomes,58.0,Jundiai,SP,MT-07,Yamaha,Naked,2024,"R$ 52.591,00",Moto Center Jundiaí,Jundiai,Carlos Santos,Agendada,Cartão,26/02/2026,carolina.gomes1933@email.com,11999991933
1934,Mariana Silva,18.0,Vinhedo,SP,Ninja 400,Kawasaki,Esportiva,2023,"R$ 34.507,00",Moto Center Vinhedo,Vinhedo,Maria Oliveira,Agendada,Financiamento,14/04/2026,mariana.silva1934@email.com,11999991934
1935,Bruno Lima,72.0,Campinas,SP,MT-03,Yamaha,Naked,2024,"R$ 34.329,00",Moto Center Campinas,Campinas,Carlos Santos,Cancelada,Pix,19/09/2026,bruno.lima1935@email.com,11999991935
1936,Mariana Silva,50.0,Jundiai,SP,Ninja 400,Kawasaki,Esportiva,2023,"R$ 34.586,00",Moto Center Jundiaí,Jundiai,Carlos Santos,Agendada,Pix,17/06/2026,mariana.silva1936@email.com,11999991936
1937,Diego Martins,20.0,Campinas,SP,MT-03,Yamaha,Naked,2024,"R$ 30.245,00",Moto Center Campinas,Campinas,Carlos Santos,Agendada,Financiamento,10/07/2026,diego.martins1937@email.com,11999991937
1938,João Santos,46.0,Jundiai,SP,Versys 650,Kawasaki,Trail,2024,"R$ 48.741,00",Moto Center Jundiaí,Jundiai,Pedro Souza,Concluída,Pix,17/09/2026,joão.santos1938@email.com,11999991938
1939,Mariana Silva,66.0,Jundiai,SP,PCX 160,Honda,Scooter,2025,"R$ 21.416,00",Moto Center Jundiaí,Jundiai,Pedro Souza,Cancelada,Financiamento,09/10/2026,mariana.silva1939@email.com,11999991939
1940,Renata Costa,19.0,Vinhedo,SP,MT-03,Yamaha,Naked,2024,"R$ 30.879,00",Moto Center Vinhedo,Vinhedo,Pedro Souza,Agendada,Cartão,20/04/2026,renata.costa1940@email.com,11999991940
1941,Juliana Costa,34.0,Valinhos,SP,MT-03,Yamaha,Naked,2024,"R$ 31.086,00",Moto Center Valinhos,Valinhos,João Silva,Cancelada,Financiamento,27/09/2026,juliana.costa1941@email.com,11999991941
1942,Fernanda Alves,55.0,Jundiai,SP,MT-07,Yamaha,Naked,2024,"R$ 48.774,00",Moto Center Jundiaí,Jundiai,Maria Oliveira,Agendada,Cartão,01/11/2026,fernanda.alves1942@email.com,11999991942
1943,Bruno Lima,24.0,Jundiai,SP,CB 500F,Honda,Naked,2024,"R$ 44.690,00",Moto Center Jundiaí,Jundiai,João Silva,Cancelada,Pix,10/01/2026,bruno.lima1943@email.com,11999991943
1944,Marcos Pereira,41.0,Vinhedo,SP,Ninja 400,Kawasaki,Esportiva,2023,"R$ 36.914,00",Moto Center Vinhedo,Vinhedo,Carlos Santos,Agendada,Cartão,04/03/2026,marcos.pereira1944@email.com,11999991944
1945,Fernanda Alves,54.0,Vinhedo,SP,MT-03,Yamaha,Naked,2024,"R$ 31.954,00",Moto Center Vinhedo,Vinhedo,Carlos Santos,Agendada,Pix,22/01/2026,fernanda.alves1945@email.com,11999991945
1946,Renata Costa,59.0,Jundiai,SP,CB 650R,Honda,Naked,2024,"R$ 55.224,00",Moto Center Jundiaí,Jundiai,Maria Oliveira,Cancelada,Pix,16/11/2026,renata.costa1946@email.com,11999991946
1947,Lucas Ferreira,72.0,Jundiai,SP,MT-07,Yamaha,Naked,2024,"R$ 51.047,00",Moto Center Jundiaí,Jundiai,João Silva,Concluída,Pix,21/10/2026,lucas.ferreira1947@email.com,11999991947
1948,Pedro Oliveira,49.0,Campinas,SP,MT-07,Yamaha,Naked,2024,"R$ 47.874,00",Moto Center Campinas,Campinas,Maria Oliveira,Cancelada,Cartão,17/08/2026,pedro.oliveira1948@email.com,11999991948
1949,Mariana Silva,42.0,Jundiai,SP,Ninja 400,Kawasaki,Esportiva,2023,"R$ 34.327,00",Moto Center Jundiaí,Jundiai,Carlos Santos,Concluída,Financiamento,25/02/2026,mariana.silva1949@email.com,11999991949
1950,João Santos,58.0,Jundiai,SP,Versys 650,Kawasaki,Trail,2024,"R$ 49.712,00",Moto Center Jundiaí,Jundiai,Pedro Souza,Concluída,Pix,10/10/2026,joão.santos1950@email.com,11999991950
1951,Juliana Costa,38.0,Campinas,SP,PCX 160,Honda,Scooter,2025,"R$ 18.692,00",Moto Center Campinas,Campinas,João Silva,Concluída,Cartão,24/05/2026,juliana.costa1951@email.com,11999991951
1952,Carolina Gomes,29.0,Jundiai,SP,Ninja 400,Kawasaki,Esportiva,2023,"R$ 34.148,00",Moto Center Jundiaí,Jundiai,João Silva,Concluída,Cartão,24/08/2026,carolina.gomes1952@email.com,11999991952
1953,Bruno Lima,,Campinas,SP,Versys 650,Kawasaki,Trail,2024,"R$ 48.085,00",Moto Center Campinas,Campinas,Carlos Santos,Cancelada,Financiamento,03/02/2026,bruno.lima1953@email.com,11999991953
1954,Ana Souza,35.0,Jundiai,SP,Versys 650,Kawasaki,Trail,2024,"R$ 49.292,00",Moto Center Jundiaí,Jundiai,Pedro Souza,Cancelada,Cartão,17/11/2026,ana.souza1954@email.com,11999991954
1955,Diego Martins,63.0,Vinhedo,SP,MT-03,Yamaha,Naked,2024,"R$ 31.420,00",Moto Center Vinhedo,Vinhedo,Pedro Souza,Agendada,Financiamento,22/12/2026,diego.martins1955@email.com,11999991955
1956,Diego Martins,67.0,Campinas,SP,Versys 650,Kawasaki,Trail,2024,"R$ 52.299,00",Moto Center Campinas,Campinas,Carlos Santos,Agendada,Financiamento,05/08/2026,diego.martins1956@email.com,11999991956
1957,Lucas Ferreira,62.0,Campinas,SP,Ninja 400,Kawasaki,Esportiva,2023,"R$ 37.502,00",Moto Center Campinas,Campinas,Carlos Santos,Agendada,Financiamento,05/01/2026,lucas.ferreira1957@email.com,11999991957
1958,Bruno Lima,66.0,Campinas,SP,Versys 650,Kawasaki,Trail,2024,"R$ 51.109,00",Moto Center Campinas,Campinas,João Silva,Cancelada,Cartão,04/07/2026,bruno.lima1958@email.com,11999991958
1959,Carolina Gomes,31.0,Jundiai,SP,Ninja 400,Kawasaki,Esportiva,2023,"R$ 35.034,00",Moto Center Jundiaí,Jundiai,Carlos Santos,Cancelada,Financiamento,21/09/2026,carolina.gomes1959@email.com,11999991959
1960,Mariana Silva,39.0,Campinas,SP,Ninja 400,Kawasaki,Esportiva,2023,"R$ 33.920,00",Moto Center Campinas,Campinas,Pedro Souza,Cancelada,Pix,02/03/2026,mariana.silva1960@email.com,11999991960
1961,Amanda Rodrigues,50.0,Jundiai,SP,MT-03,Yamaha,Naked,2024,"R$ 35.474,00",Moto Center Jundiaí,Jundiai,Carlos Santos,Agendada,Pix,15/01/2026,amanda.rodrigues1961@email.com,11999991961
1962,Mariana Silva,,Valinhos,SP,PCX 160,Honda,Scooter,2025,"R$ 23.632,00",Moto Center Valinhos,Valinhos,Carlos Santos,Agendada,Cartão,23/05/2026,mariana.silva1962@email.com,11999991962
1963,Carlos Mendes,47.0,Valinhos,SP,PCX 160,Honda,Scooter,2025,"R$ 20.943,00",Moto Center Valinhos,Valinhos,Pedro Souza,Concluída,Financiamento,20/11/2026,carlos.mendes1963@email.com,11999991963
1964,Thiago Alves,50.0,Valinhos,SP,Ninja 400,Kawasaki,Esportiva,2023,"R$ 36.663,00",Moto Center Valinhos,Valinhos,João Silva,Concluída,Cartão,12/08/2026,thiago.alves1964@email.com,11999991964
1965,Bruno Lima,28.0,Campinas,SP,MT-07,Yamaha,Naked,2024,"R$ 48.370,00",Moto Center Campinas,Campinas,João Silva,Cancelada,Pix,06/07/2026,bruno.lima1965@email.com,11999991965
1966,Juliana Costa,40.0,Vinhedo,SP,Versys 650,Kawasaki,Trail,2024,"R$ 50.963,00",Moto Center Vinhedo,Vinhedo,Maria Oliveira,Concluída,Pix,12/12/2026,juliana.costa1966@email.com,11999991966
1967,Ana Souza,36.0,Vinhedo,SP,PCX 160,Honda,Scooter,2025,"R$ 20.033,00",Moto Center Vinhedo,Vinhedo,Pedro Souza,Concluída,Financiamento,13/02/2026,ana.souza1967@email.com,11999991967
1968,Carlos Mendes,50.0,Vinhedo,SP,MT-07,Yamaha,Naked,2024,"R$ 51.302,00",Moto Center Vinhedo,Vinhedo,João Silva,Cancelada,Cartão,07/12/2026,carlos.mendes1968@email.com,11999991968
1969,Diego Martins,65.0,Valinhos,SP,CB 500F,Honda,Naked,2024,"R$ 39.967,00",Moto Center Valinhos,Valinhos,Pedro Souza,Cancelada,Pix,20/11/2026,diego.martins1969@email.com,11999991969
1970,Carolina Gomes,22.0,Campinas,SP,MT-07,Yamaha,Naked,2024,"R$ 51.284,00",Moto Center Campinas,Campinas,João Silva,Concluída,Pix,24/06/2026,carolina.gomes1970@email.com,11999991970
1971,Pedro Oliveira,63.0,Campinas,SP,Ninja 400,Kawasaki,Esportiva,2023,"R$ 33.814,00",Moto Center Campinas,Campinas,Pedro Souza,Cancelada,Pix,03/04/2026,pedro.oliveira1971@email.com,11999991971
1972,Mariana Silva,70.0,Vinhedo,SP,Versys 650,Kawasaki,Trail,2024,"R$ 47.845,00",Moto Center Vinhedo,Vinhedo,Pedro Souza,Cancelada,Pix,06/10/2026,mariana.silva1972@email.com,11999991972
1973,Thiago Alves,64.0,Campinas,SP,MT-07,Yamaha,Naked,2024,"R$ 49.586,00",Moto Center Campinas,Campinas,Pedro Souza,Concluída,Cartão,22/04/2026,thiago.alves1973@email.com,11999991973
1974,Mariana Silva,58.0,Jundiai,SP,CB 500F,Honda,Naked,2024,"R$ 41.787,00",Moto Center Jundiaí,Jundiai,Pedro Souza,Concluída,Cartão,24/07/2026,mariana.silva1974@email.com,11999991974
1975,Carlos Mendes,33.0,Jundiai,SP,PCX 160,Honda,Scooter,2025,"R$ 23.631,00",Moto Center Jundiaí,Jundiai,Carlos Santos,Agendada,Cartão,26/05/2026,carlos.mendes1975@email.com,11999991975
1976,Diego Martins,19.0,Campinas,SP,CB 650R,Honda,Naked,2024,"R$ 51.972,00",Moto Center Campinas,Campinas,Carlos Santos,Concluída,Cartão,03/06/2026,diego.martins1976@email.com,11999991976
1977,Marcos Pereira,25.0,Vinhedo,SP,CB 500F,Honda,Naked,2024,"R$ 39.519,00",Moto Center Vinhedo,Vinhedo,João Silva,Concluída,Financiamento,19/01/2026,marcos.pereira1977@email.com,11999991977
1978,Juliana Costa,63.0,Campinas,SP,CB 500F,Honda,Naked,2024,"R$ 43.936,00",Moto Center Campinas,Campinas,Carlos Santos,Cancelada,Pix,11/04/2026,juliana.costa1978@email.com,11999991978
1979,Fernanda Alves,23.0,Jundiai,SP,MT-03,Yamaha,Naked,2024,"R$ 33.714,00",Moto Center Jundiaí,Jundiai,Carlos Santos,Concluída,Cartão,23/02/2026,fernanda.alves1979@email.com,11999991979
1980,Lucas Ferreira,27.0,Campinas,SP,PCX 160,Honda,Scooter,2025,"R$ 22.656,00",Moto Center Campinas,Campinas,João Silva,Agendada,Cartão,08/09/2026,lucas.ferreira1980@email.com,11999991980
1981,Mariana Silva,35.0,Valinhos,SP,MT-03,Yamaha,Naked,2024,"R$ 31.069,00",Moto Center Valinhos,Valinhos,Maria Oliveira,Concluída,Cartão,28/07/2026,mariana.silva1981@email.com,11999991981
1982,Bruno Lima,39.0,Jundiai,SP,Versys 650,Kawasaki,Trail,2024,"R$ 47.033,00",Moto Center Jundiaí,Jundiai,Pedro Souza,Cancelada,Pix,12/01/2026,bruno.lima1982@email.com,11999991982
1983,Diego Martins,26.0,Vinhedo,SP,CB 500F,Honda,Naked,2024,"R$ 42.584,00",Moto Center Vinhedo,Vinhedo,Pedro Souza,Agendada,Pix,25/05/2026,diego.martins1983@email.com,11999991983
1984,Renata Costa,32.0,Campinas,SP,Versys 650,Kawasaki,Trail,2024,"R$ 52.675,00",Moto Center Campinas,Campinas,João Silva,Cancelada,Pix,20/05/2026,renata.costa1984@email.com,11999991984
1985,Pedro Oliveira,,Campinas,SP,CB 500F,Honda,Naked,2024,"R$ 39.996,00",Moto Center Campinas,Campinas,Pedro Souza,Concluída,Financiamento,12/02/2026,pedro.oliveira1985@email.com,11999991985
1986,Marcos Pereira,56.0,Valinhos,SP,Versys 650,Kawasaki,Trail,2024,"R$ 51.436,00",Moto Center Valinhos,Valinhos,João Silva,Cancelada,Pix,14/08/2026,marcos.pereira1986@email.com,11999991986
1987,Renata Costa,66.0,Vinhedo,SP,MT-03,Yamaha,Naked,2024,"R$ 32.837,00",Moto Center Vinhedo,Vinhedo,Carlos Santos,Concluída,Cartão,25/02/2026,renata.costa1987@email.com,11999991987
1988,Marcos Pereira,43.0,Campinas,SP,CB 650R,Honda,Naked,2024,"R$ 52.338,00",Moto Center Campinas,Campinas,Pedro Souza,Agendada,Cartão,19/08/2026,marcos.pereira1988@email.com,11999991988
1989,Diego Martins,28.0,Jundiai,SP,PCX 160,Honda,Scooter,2025,"R$ 19.236,00",Moto Center Jundiaí,Jundiai,Maria Oliveira,Cancelada,Pix,15/02/2026,diego.martins1989@email.com,11999991989
1990,Marcos Pereira,,Jundiai,SP,MT-03,Yamaha,Naked,2024,"R$ 35.325,00",Moto Center Jundiaí,Jundiai,João Silva,Concluída,Cartão,21/04/2026,marcos.pereira1990@email.com,11999991990
1991,João Santos,59.0,Campinas,SP,MT-03,Yamaha,Naked,2024,"R$ 34.780,00",Moto Center Campinas,Campinas,Pedro Souza,Cancelada,Financiamento,11/06/2026,joão.santos1991@email.com,11999991991
1992,Bruno Lima,,Vinhedo,SP,MT-07,Yamaha,Naked,2024,"R$ 52.056,00",Moto Center Vinhedo,Vinhedo,Carlos Santos,Agendada,Financiamento,26/04/2026,bruno.lima1992@email.com,11999991992
1993,Marcos Pereira,19.0,Valinhos,SP,MT-03,Yamaha,Naked,2024,"R$ 33.582,00",Moto Center Valinhos,Valinhos,Maria Oliveira,Cancelada,Cartão,24/09/2026,marcos.pereira1993@email.com,11999991993
1994,Carlos Mendes,57.0,Campinas,SP,MT-07,Yamaha,Naked,2024,"R$ 47.969,00",Moto Center Campinas,Campinas,Pedro Souza,Concluída,Cartão,22/06/2026,carlos.mendes1994@email.com,11999991994
1995,Diego Martins,53.0,Valinhos,SP,Versys 650,Kawasaki,Trail,2024,"R$ 51.447,00",Moto Center Valinhos,Valinhos,Carlos Santos,Cancelada,Cartão,06/09/2026,diego.martins1995@email.com,11999991995
1996,Ana Souza,57.0,Vinhedo,SP,MT-07,Yamaha,Naked,2024,"R$ 50.786,00",Moto Center Vinhedo,Vinhedo,Maria Oliveira,Cancelada,Financiamento,06/11/2026,ana.souza1996@email.com,11999991996
1997,Renata Costa,26.0,Valinhos,SP,CB 500F,Honda,Naked,2024,"R$ 42.057,00",Moto Center Valinhos,Valinhos,Maria Oliveira,Cancelada,Cartão,05/02/2026,renata.costa1997@email.com,11999991997
1998,Carlos Mendes,31.0,Valinhos,SP,CB 650R,Honda,Naked,2024,"R$ 54.853,00",Moto Center Valinhos,Valinhos,Carlos Santos,Cancelada,Cartão,14/09/2026,carlos.mendes1998@email.com,11999991998
1999,Diego Martins,47.0,Vinhedo,SP,MT-03,Yamaha,Naked,2024,"R$ 34.841,00",Moto Center Vinhedo,Vinhedo,Carlos Santos,Concluída,Financiamento,16/09/2026,diego.martins1999@email.com,11999991999
2000,Pedro Oliveira,62.0,Vinhedo,SP,Versys 650,Kawasaki,Trail,2024,"R$ 52.833,00",Moto Center Vinhedo,Vinhedo,Carlos Santos,Agendada,Cartão,24/09/2026,pedro.oliveira2000@email.com,11999992000
